year,GEOID,NAME,total_populationE,median_household_incomeE,per_capita_incomeE,lower_income_pct,lower_middle_income_pct,middle_income_pct,upper_middle_income_pct,upper_income_pct,super_upper_income_pct,non_college_pct,college_pct,graduate_plus_pct,college_plus_pct,homeownership_rate,rental_rate,median_home_valueE,median_gross_rentE,home_value_to_income_ratio,rent_burden_moderate_pct,rent_burden_high_pct,rent_burden_severe_pct,rent_burden_35plus_pct,employment_rate,unemployment_rate,labor_force_participation,poverty_rate,economic_distress_score,median_ageE,youth_pct,working_age_pct,senior_pct,total_mobility_rate,moved_within_state_pct,moved_from_other_state_pct,moved_from_abroad_pct
2011,01,Alabama,4802740,41415,22711,43.353052729506345,22.218312798921794,19.866189295360485,9.454196317142538,2.7521677420893815,2.3560811169794627,39.09140334185385,13.889043737735188,8.36321568091979,22.25225941865498,69.89345887822803,30.10654112177197,122700,687,2.9626946758420862,8.100423352643208,14.54327074581014,24.10877155704096,38.6520423028511,87.81468930560573,11.495858811743819,59.22840134156827,19.040193814731225,High,38.1,3.17943507247946,1.5184665420155996,0.8662971553738075,14.878348539326886,9.263440413817694,3.1339997361587666,2.480908389350424
2011,02,Alaska,722718,67825,31405,23.233979714763144,20.483814557183383,27.401779815800726,17.294135934403297,7.4472467259938595,4.139043251855594,38.18177042520499,16.887594065604056,9.479448936440326,26.367043002044383,63.075428438192205,36.924571561807795,238300,1049,3.5134537412458533,8.666778926098214,14.165737018249175,17.76610747437328,31.931844492622453,87.30673468456362,8.460063994969651,71.10539808681794,10.455394278923691,Low,33.9,3.8191936550632475,1.4334775112837925,0.6627757991360392,19.012812481565028,11.35411721412098,2.730904177470146,4.927791089973903
2011,04,Arizona,6482505,46709,23793,37.80913433684698,23.366305115967158,21.287278947223218,10.901315970976908,3.579458034723298,3.056507594262443,36.24339057798649,17.086390343137847,9.490164733617764,26.576555076755614,63.73060051654142,36.26939948345858,153800,850,3.2927273116530005,8.173644601048299,15.002802720101297,24.269449648753053,39.272252368854346,88.39859877228142,11.089884706530798,60.28163898800597,18.993303662666584,Moderate,36.2,3.53312492624379,1.4696787738690522,0.861472532608922,19.54364532376719,14.075423820279614,1.987019979223095,3.4812015242644794
2011,05,Arkansas,2937979,38758,21203,45.71766577600098,23.329647106607627,18.63179206488705,8.154512908149103,2.3698565386774457,1.7965256056777943,41.992161269756984,13.11616026740392,7.1994986176481035,20.315658885052024,66.59897252711683,33.40102747288318,106300,639,2.742659579957686,7.917968760371393,15.030387349092097,22.658687277139528,37.68907462623162,90.29125433279363,9.314410301673496,59.47357168557528,19.458928126978925,High,37.5,3.473578265875964,1.4256739071313989,0.8478277074138378,16.365195181226934,10.534701331300282,3.4275408789279136,2.402952970998737
2011,06,California,37691912,57287,27859,31.567913461685755,20.067227305912073,21.545483774908185,14.180106206375415,6.188017509062462,6.451251742056116,32.25817906426609,19.217176394967215,11.082114977528928,30.29929137249614,54.88419321819369,45.11580678180631,355600,1174,6.207341979855814,8.812498511210098,16.86495866763703,28.85061508799237,45.7155737556294,87.05410767691943,12.247554548546592,63.897774245646,16.56330038621966,Moderate,35.4,3.436620567298364,1.5409114825482984,0.736412628788903,15.419621339442585,11.306679761192894,2.854493704080077,1.2584478741696123
2011,08,Colorado,5116796,55387,29804,31.111052613461254,22.323715644723976,22.79390175499699,13.58320491974235,5.465711040058966,4.722414027016464,33.26754858575093,23.318178731796028,13.380322438749332,36.69850117054536,64.38249093342675,35.61750906657325,233700,900,4.21940166465055,8.538852503752217,15.826823804975668,24.413716059489698,40.24053986446536,89.70876547009101,9.186908033379584,69.10838371135087,13.478163693532034,Moderate,36.2,3.4491896882345907,1.4393772978246544,0.8022012212329748,19.121875794180504,9.88067013928849,5.237515804377706,4.003689850514307
2011,09,Connecticut,3580709,65753,35932,27.439641976468636,18.5685865276556,22.751199836051384,15.588435703806406,7.3547526972728745,8.297383258745098,37.061523815835606,20.459105965751146,15.707557223583837,36.16666318933498,67.40381890780331,32.59618109219668,278700,1021,4.238589874226271,9.268607121456975,15.306048335845151,27.405670655312043,42.71171899115719,88.98742936518677,10.570874837536739,68.11458741337556,10.883569973172433,Low,40.3,2.8137723562568198,1.5028029365134112,0.854718995595565,10.944532129951895,7.043010798139132,1.8866239069487218,2.0148974248640403
2011,10,Delaware,907135,58814,29123,28.52139307066196,22.312660568080865,24.419253763595762,15.130315253667556,4.998319287377848,4.618058056616006,41.5430684644587,17.115951040712137,11.723393114281974,28.839344154994105,71.59835770366637,28.401642296333645,236900,960,4.027952528309586,7.773269084453462,16.142531067714938,25.850663623298676,41.99319469101361,90.40690797255738,8.87691679033056,63.98050463922987,11.880845874610275,Low,39.1,3.092042529502224,1.4848947510568988,0.8934723056656397,13.048338863581394,8.299273172705355,0.9692516721709075,3.779814018705131
2011,11,District of Columbia,617996,63124,44578,29.66836639743924,17.653999330033127,19.683998957829306,15.045594967804371,6.6542598727062945,11.293780474187665,21.125201687755833,23.26198276284789,29.22096571950283,52.48294848235071,41.1750474559869,58.8249525440131,422400,1216,6.69159115391927,8.328640577050841,14.510424246258976,23.498370717200796,38.00879496345978,88.06149990360517,11.305412853400469,67.43150573629302,18.707865264641633,Moderate,33.4,3.0040647512281633,1.6851241755610067,0.7043734910905572,18.735039437025023,10.876084027677859,0,7.858955409347164
2011,12,Florida,19057542,44299,24905,39.94258320418705,23.42110495740178,20.294519652538465,9.708859047690614,3.316220308141401,3.3167128300406836,41.44825646815347,16.512279065792022,9.334399390514367,25.846678456306392,66.71798744857192,33.28201255142808,151000,949,3.4086548229079665,8.734843225315988,17.379162272939062,30.078380999816503,47.457543272755565,87.11479416424604,12.34219921926872,59.82598064315926,17.013973311361852,High,41.1,2.881499618366314,1.3875713877476958,1.0065831154930684,15.653414651058197,10.04245240709951,2.967841090316831,2.643121153641857
2011,13,Georgia,9815210,46007,23604,38.85235890711859,22.6755036854615,20.697247307372468,10.737544433576703,3.6994547497211365,3.337890916749606,36.65938020539357,17.746947556023883,9.81646581743016,27.563413373454043,64.5779332456156,35.42206675438441,147100,833,3.1973395352881084,8.205025047683908,14.773569099050846,26.624948801903965,41.39851790095481,86.97474320963484,12.040133293735659,63.4349832572907,19.138127075137447,Moderate,35.5,3.570988292660066,1.6356858386117057,0.7753170844026771,16.08814107504037,8.423246152340976,4.87024605203024,2.794648870669151
2011,15,Hawaii,1374810,61821,27353,26.18138366294144,21.74031295492495,24.77400053058322,16.728530886408375,5.959697968847185,4.616073996294834,41.40500600311651,19.183469716193088,9.903332794046271,29.086802510239355,56.78132168725464,43.21867831274537,487400,1308,7.884052344672522,9.222492172307248,18.190165219768602,26.043133553076142,44.23329877284474,87.66032759674658,7.279370706785176,65.15818670286268,12.04966893106908,Moderate,38.5,3.3014016482277553,1.1795084411664156,0.9906096115099541,13.276491634298274,8.457909303685504,0.5807162437049181,4.23786608690785
2011,16,Idaho,1584985,43341,21152,40.31227539801411,24.64180022854464,21.553862249286013,9.500631686352644,2.3209518212043236,1.67047861659827,39.63654027201891,17.491536966929072,7.756845542134888,25.24838250906396,68.73850597990668,31.261494020093313,158800,689,3.6639671442744746,8.177993902203697,14.773096919675593,23.446192185337722,38.21928910501332,89.76653905585475,9.936736317442927,63.54702039925676,16.452484449209784,High,35,3.8788379700754265,1.5313709593466185,0.852310905150522,17.2328561069018,10.01547154882835,3.348792058664933,3.8685924994085163
2011,17,Illinois,12869259,53234,27880,33.574101031662536,21.299212531938643,22.728915428666,12.77448657521477,4.8587269125611545,4.764557519956903,37.907416060703426,19.30759306776329,11.717505932505908,31.025099000269197,67.34519573554718,32.65480426445282,178500,859,3.353120186347071,8.325802268498945,14.521056598699614,26.363252023690855,40.88430862239047,88.7043565769513,10.990401067053641,65.88233902075396,14.959639255906424,Moderate,36.8,3.254888257358097,1.5049195917185285,0.7513952435023649,12.344766268592549,8.219373786109292,2.4254619408947757,1.6999305415884796
2011,18,Indiana,6516922,46438,23524,38.04984858808542,24.104428215836254,22.732459139455013,10.186448846444282,2.5895065118675245,2.337308698311507,45.055163262059395,14.761580360661448,8.249239388747489,23.010819749408938,69.71968427849416,30.28031572150584,122400,707,2.635772427753133,8.089429207454932,14.662090438512065,24.784050309952896,39.446140748464956,89.88478391048585,9.994440590124466,63.9759133180445,15.999782875044588,Moderate,37.1,3.3639500365356527,1.5863777409028372,0.852027997266194,14.556617014814774,9.087213217640402,3.4829051032637866,1.9864986939105864
2011,19,Iowa,3062309,49427,25667,35.386372882191715,24.052549177532224,24.0112922380246,10.90728283604476,3.17563375014896,2.4668691160577434,46.768968641984685,17.662333434129128,8.141669227669086,25.804002661798215,72.35316597699638,27.64683402300362,123400,643,2.496611163938738,8.526532638519368,12.465628409290213,22.39556238610927,34.86119079539948,93.88577920469369,6.018916804863554,67.69758584326962,12.78390283175676,Moderate,38.1,3.2669466079353846,1.6131944882113465,0.8187286129518608,14.564071026429806,8.316527496946545,3.9221948675537153,2.3253486619295454
2011,20,Kansas,2871238,48964,25438,35.390727611212114,23.99008442399526,23.046361943939417,11.332475871402496,3.2982633218994994,2.942086827551214,38.6316785217165,19.736633237837818,10.397204461544609,30.133837699382426,67.81141162620348,32.18858837379652,128300,709,2.620292459766359,8.312231051655,13.198278730592012,21.309732616701726,34.50801134729374,91.58484256277578,7.358301223471451,68.14185414271408,13.759847570110392,Moderate,36.3,3.567102413662678,1.5475554447245405,0.7946746316397317,15.75467676271464,9.501782901089221,3.3011550036984962,2.951738857926922
2011,21,Kentucky,4369356,41141,22300,43.49765030792987,22.721085750304702,19.938653241905254,9.203209790602907,2.408060598014274,2.2313403112429984,40.66672369839341,12.317997502010368,8.761784180539635,21.079781682550003,68.86284233201407,31.13715766798594,120600,626,2.9313823193408037,8.138210523283172,13.344153038000211,23.45353449020945,36.79768752820966,88.97704525126903,10.343237090010803,59.77414787603303,19.141642971929905,High,38.2,3.248098804492012,1.4258165276530455,0.9919768496776183,14.266210133362001,8.389807281565657,3.327203850893486,2.549199000902857
2011,22,Louisiana,4574836,41734,22882,43.419211177241294,20.204990511330585,20.142006897645754,10.35028759775092,3.2153957333302,2.668108082701245,39.760328612992005,13.974159167124439,7.149135628210636,21.123294795335074,66.43208404082183,33.56791595917816,139400,747,3.340202233191163,6.914845204923198,13.625782376745033,27.381435792598403,41.00721816934343,90.19148692160181,9.199450427189142,61.07342677832441,20.434044180501193,High,35.9,3.4822013291842593,1.559334585982973,0.8348933163942927,14.11554256833212,8.462699637434275,3.4588588706884327,2.193984060209413
2011,23,Maine,1328188,46033,25802,39.159425487862535,22.59664415063101,22.767099416539413,10.200325694546338,2.8711115458535534,2.4053937045671505,43.56550459027073,17.88842241736929,10.497837220183397,28.38625963755269,70.95304600480753,29.04695399519247,171600,747,3.727760519627224,8.249248537610537,16.374396647417587,25.022762138767973,41.397158786185564,91.19533064660222,8.569556746086892,64.70352376626892,14.125188712112413,Moderate,43.2,2.559953861953278,1.414031748517529,1.033287456293838,14.509440027723883,8.557544916414166,3.381812129654751,2.570082981654967
2011,24,Maryland,5828289,70004,34500,24.465160033862464,18.839343982737077,23.274305147253454,17.60379514428791,7.969015941311314,7.848379750547782,35.23515977012287,20.435319028198844,16.45177297194315,36.887092000142,67.34296330270502,32.657036697294984,287100,1153,4.101194217473287,9.142123459623853,16.36334944840547,25.11641585493566,41.479765303341125,90.4305169246015,8.825592268109357,68.94234244402008,10.058848857391514,Low,38,3.181688485248415,1.4765396842881333,0.8114216710942096,12.29142744327356,7.044640930064089,2.5731161901183293,2.6736703230911427
2011,25,Massachusetts,6587536,62859,34041,29.620780176827864,18.122466743573533,22.04187329956119,15.839904710262406,7.202060608980726,7.172914460794284,35.751684566668324,22.30391590671623,16.84515580464713,39.14907171136336,62.13417733417007,37.86582266582993,326300,1034,5.190982993684277,9.880703554904734,14.048465354176315,25.01647913824537,39.06494449242168,90.61886511783939,9.240132598977478,67.6313420872335,11.598819440038145,Low,39.3,2.817593710303822,1.5424431836122032,0.8133390086976375,12.222011257921459,7.374547912627626,2.701204302587069,2.146259042706764
2011,26,Michigan,9876187,45981,24409,38.82117985925794,22.80679338771557,21.556062095735033,10.661766557550525,3.3984964080210305,2.755701691719906,43.1037392817961,15.749104020992288,9.876062561586224,25.62516658257851,71.73831848040774,28.261681519592262,118100,739,2.5684521867727974,7.77890227762807,14.315112371301305,28.87512392686603,43.190236298167335,86.86701230741622,13.049806791946414,61.354053602871275,17.535712584375318,Moderate,39.2,3.0228973995733375,1.5621615913104925,0.8631975072970974,14.151072832704692,8.914436116492846,3.811797258690714,1.4248394575211327
2011,27,Minnesota,5344861,56954,29404,30.15163056880662,22.105656298638145,25.05608217977111,14.074564137836953,4.599430377724153,4.012636437223017,40.75824512518391,21.830453316543103,10.54571710129266,32.376170417835766,72.76249632120934,27.23750367879066,183500,787,3.221898374126488,8.897812366468894,14.283012391686572,24.087960660422954,38.370973052109534,92.2841162607375,7.654132861781178,70.23081066599785,11.909302647975435,Low,37.6,3.3595822229988768,1.4307200879499018,0.8398160401177879,14.158772363822683,7.536236607571747,4.708139287885974,1.9143964683649626
2011,28,Mississippi,2978512,36919,19583,47.52528004395966,22.4631842448272,18.482485053067048,7.414122781780792,2.2442370010481123,1.870690875317186,38.84048166264793,12.585611604071294,7.261903019174907,19.847514623246205,69.81214459694854,30.18785540305146,99900,689,2.7059237790839403,7.524637787747297,14.124132774386508,24.62614302174499,38.7502757961315,87.89194594469919,11.247508428005009,58.18308461071263,22.554629249206457,High,36.1,3.56493443706119,1.6717072148777645,0.7119326697357607,13.640575449512593,7.598416728932617,3.7142446486110705,2.3279140719689053
2011,29,Missouri,6010688,45247,24634,38.716076467467495,24.320589609726134,21.112959265704546,9.988065306778001,3.1969514846604588,2.6653578656633665,41.33455605188305,16.370541596795256,9.698260270411724,26.068801867206975,68.04701602768644,31.952983972313564,136900,708,3.025614957897761,8.018255635037024,13.617532681944756,23.721096247140874,37.33862892908563,90.03605307485446,9.354590856703805,63.982552600292394,15.778329186337034,Moderate,38,3.2366511121522197,1.463459757019496,0.8062138643696029,16.007100831675057,8.994145400997255,4.496255912868801,2.5166995178090015
2011,30,Montana,998199,44222,23893,39.79839208410637,25.139888682745827,21.917625231910947,8.912059369202225,2.2691403834260977,1.9628942486085341,40.655562335898864,19.643524681845115,8.565691430023655,28.209216111868766,67.9208410636982,32.079158936301795,184100,650,4.163086246664556,8.492442936458975,14.266656384947563,18.80320789636027,33.06986428130784,91.53630363350999,7.880900663464087,65.4500770119849,14.789558789558791,Moderate,39.7,3.173515501418054,1.2610711892117705,1.0451823734545918,15.780243871799133,9.066981671117523,3.3140305305771793,3.399231670104429
2011,31,Nebraska,1842641,50296,26243,34.98949986184029,23.61992263056093,23.735009671179885,11.225338491295938,3.342774247029566,3.087455098093396,42.94480784408149,18.879670131225172,9.054754069852992,27.934424201078162,66.91185410334346,33.088145896656535,127400,673,2.5330046126928583,8.026990463146994,12.346132647437075,19.907136772835834,32.253269420272915,93.29227842857722,6.251266694414483,70.6700333336361,13.117603498623746,Moderate,36.3,3.6563823338349684,1.5117974689589562,0.7559801393760368,16.803402735968778,10.290095458432711,3.647793273553953,2.8655140039821125
2011,32,Nevada,2723322,48927,24968,34.97300356694952,24.658981709204035,22.050242682867243,11.569885336417089,3.6312849162011176,3.116601788360995,39.4137363608252,14.879456200026505,7.587909175244069,22.467365375270575,56.29255093897096,43.70744906102904,158000,936,3.229300795062031,9.318265981307105,15.542166149231065,24.484990485861545,40.02715663509262,86.67854147093142,12.56616630385207,65.12326288602077,15.896266617396822,Moderate,36.7,3.440760952983158,1.252404232771593,0.9304445085817983,21.971286327304327,17.008848596306414,0.857854077764089,4.104583653233822
2011,33,New Hampshire,1318194,62647,31871,27.661902124874626,19.84029555391187,25.270788879551713,16.44367165323533,5.9232768068404935,4.8600649815859684,40.91906975116139,20.97424325125491,12.422241352341429,33.39648460359634,71.46231803800532,28.537681961994675,237500,939,3.7910833719092696,9.207240948813983,16.15914888997449,21.676029962546817,37.83517885252131,92.97115448580533,6.864165283017844,68.56655874681407,8.811931346443409,Low,41.5,2.667285695428746,1.4449314744263742,0.9068467918986128,12.187461227040664,7.095470705641054,2.2582137402943148,2.8337767811052954
2011,34,New Jersey,8821155,67458,34090,26.647028424098906,18.2378997035322,22.207777489093576,16.723865073845452,7.874975257519109,8.30845405191075,37.973504703800224,22.02015350531333,13.267765965933192,35.287919471246525,65.04802172224083,34.951978277759174,324900,1135,4.81633016098906,8.391372796254162,15.140148254661298,27.84340680432354,42.983555058984834,88.9339333776092,10.91580568965506,66.49286832486415,10.378361174315101,Low,39.2,3.0928602887036902,1.3663403488545434,0.8342331588097024,9.559387482866878,5.86437861125841,2.087270663875214,1.6077382077332538
2011,35,New Mexico,2082224,41963,22829,42.60581139993614,22.088532944082058,19.589331213304053,9.756870002671757,3.2569384257479292,2.702516014258066,35.70432717514433,14.438710782713748,11.111324441398745,25.550035224112495,68.16293815205563,31.837061847944376,159000,729,3.7890522603245715,7.883134586807817,14.841105120742096,24.846795289031895,39.68790040977399,87.9678176264741,11.087444626494326,61.04324344013874,21.537700792644415,High,36.6,3.610034271048648,1.5026721428626315,0.8877046849906638,14.12684225558108,8.772082617904115,2.3318329795313857,3.0229266581455785
2011,36,New York,19465197,55246,30679,33.76569191331367,19.345478494667038,21.42696556369852,13.392491699288447,5.7523451092649935,6.317027219767338,36.754476384680245,18.696706639276044,14.230740437882226,32.92744707715827,53.58542324655555,46.41457675344445,285300,1058,5.164174781884661,8.320567007698163,14.13056151950198,28.857511020603667,42.98807254010564,90.20268940292847,9.549195723398885,63.239379503463454,15.972011038910747,Moderate,38.1,3.04939117749489,1.478073918286057,0.8128969873770092,10.589367533418518,6.692290927925725,2.4309556730758493,1.4661209324169417
2011,37,North Carolina,9656401,43916,24107,40.60904651291591,22.96064141366425,20.268075596112684,9.999066071124114,3.2925608221180425,2.8706095840650017,38.20018167450261,17.75925299994984,9.157107503144458,26.916360503094296,66.51262270033588,33.48737729966411,153700,745,3.4998633755351123,8.049943978817344,15.63785507782161,24.162398193053374,39.80025327087498,86.80176309150889,11.500042823610993,63.46546798965442,17.871005075328316,High,37.7,3.2257463210154587,1.522979420593656,0.8493847759636328,14.946424370810277,8.697768793296694,3.467656077754059,2.780999499759524
2011,38,North Dakota,683932,51704,28055,34.437976291278574,22.43296641264465,24.48243014394581,12.412856336438047,2.9614733276883998,3.2722974880045155,43.36587488424505,19.327449820928493,6.980999453301945,26.30844927423044,65.7119672593847,34.2880327406153,128600,626,2.487235030171747,6.932068404914288,11.949251949869323,19.094313995843024,31.04356594571235,95.65535902680867,3.0982296935819624,70.44373375974415,12.246072133153058,Moderate,36.6,3.3348344572267417,1.737014790944129,0.7414479802085587,16.640031044447177,8.625498214499949,3.1993850355692937,4.815147794377934
2011,39,Ohio,11544951,45749,24750,39.0350232618091,22.873866241568074,21.790834307395198,10.394607975445929,3.288271266956113,2.6173969468255867,45.66210139941537,15.445354871112455,9.211850045604496,24.657204916716953,66.97534788054789,33.024652119452114,129600,692,2.83284880543837,7.9181795012416245,14.244663546924894,25.314742981581784,39.55940652850668,89.42339869610642,10.410394236645589,63.60522297809249,16.430375061720724,Moderate,39.1,3.1530060196877407,1.4639992841892528,0.8108999336593113,14.164943798655989,9.467968316509829,3.0175031946912076,1.6794722874549521
2011,40,Oklahoma,3791508,43225,23016,41.096295844478284,23.58859690406597,20.783569494243903,9.63013895175192,2.507882619836962,2.393516185622961,40.87038857992642,16.04647828685937,7.770383558048854,23.81686184490822,67.02552312246705,32.97447687753296,112600,675,2.604973973395026,7.7816758559948545,13.42097352926957,21.764519173570047,35.18549270283962,91.56585900757133,7.455356608114921,62.11586089063354,17.214218070283593,High,36.3,3.563199655651524,1.567001836736201,0.7950398627670046,17.02985386477883,9.909215223883946,4.211560751094531,2.909077889800353
2011,41,Oregon,3871859,46816,25228,37.644357634482745,23.21594432091677,22.686075416996545,10.326906305229011,3.2659647892291193,2.8607515331458115,37.171699144797586,18.387986179432943,10.946348885378375,29.334335064811324,60.7794834338511,39.2205165661489,232900,840,4.974794941900205,8.815951136785738,15.108232893589058,27.924237814870406,43.032470708459456,87.91209694953552,11.957551424898497,62.58742664783207,17.455082252894076,Moderate,38.7,3.1687879129896,1.413920289969237,0.9675197366433023,17.688393544150856,10.844711827522243,3.502977762246018,3.3407039543825943
2011,42,Pennsylvania,12742886,50228,26933,35.633083691134466,22.585513272043833,22.318547280485234,11.710391014744195,4.011578720738504,3.740886020853769,46.48445904890102,16.560065226609105,10.403552348542357,26.96361757515146,69.49142381119523,30.508576188804764,164800,786,3.2810384646014175,7.784320624572631,13.925420398191607,25.430887400335923,39.35630779852753,90.54063711260919,9.367481462071687,62.62033619307608,13.756636416595407,Moderate,40.3,2.8931279774456113,1.5282095437407193,0.8713175335634329,11.568586650823768,7.280885130041777,2.4297953306478433,1.8579061901341472
2011,72,Puerto Rico,3706690,18660,10555,72.87380259220429,15.998872746986628,7.6406419291948175,2.286269723942424,0.6867008822983861,0.5137121253734622,33.999627585670645,17.024982453555637,6.283693777202104,23.30867623075774,69.79582868620095,30.204171313799055,120300,442,6.446945337620579,5.210194776099733,9.382462244010437,17.7799741704225,27.162436414432932,81.40428003817534,18.460644773660487,46.03783676696913,45.57649730807252,High,37.5,2.9415192530262853,1.5664379810558748,0.9689507350223515,NA,NA,NA,NA
2011,44,Rhode Island,1051302,53636,29277,33.98227813098077,20.36850620605008,22.135599222818662,14.248809607552534,5.303219577983744,3.961587254614211,35.620961831675245,18.820075645896335,12.321660727874137,31.141736373770474,60.581818711053,39.418181288947,245500,875,4.577149675591021,8.825574597704685,14.333097443155596,24.70939355712132,39.04249100027691,89.25176457443335,10.227112033673126,66.7051354014063,14.735415237127715,Moderate,39.5,2.693231821113248,1.7079773461859675,0.8964122583234884,12.351469488145444,8.192134397156984,1.5854472309239611,2.5738878600644983
2011,45,South Carolina,4679230,42367,22598,41.84468412524861,23.37867770520015,19.96422502055026,9.746872798691115,2.8048420597975845,2.260698290512281,40.949843949523746,15.642629620913723,8.426404229244385,24.06903385015811,69.1683900241628,30.83160997583719,136000,741,3.21004555432294,7.158574152853162,15.157510635176763,25.012468827930174,40.169979463106934,86.77753517731233,11.73652472923408,61.074561314963596,18.882365150988324,High,38,3.249124321736696,1.6226601385270651,0.918997356402656,15.231024743846477,8.797516532660927,3.024384863911007,3.409123347274544
2011,46,South Dakota,824082,48321,24701,36.96517797750723,23.01347400337237,25.019569017527033,9.87701684637161,2.7081045124762153,2.416657642745541,42.94292283309895,18.221388870287285,8.124809333541672,26.34619820382895,68.49372708568599,31.506272914314003,131400,612,2.7193145837213635,5.837989649720621,12.813135231211886,16.9571749825695,29.770310213781386,93.71241620801382,5.435515401040339,68.82243860806145,13.924380277579282,Moderate,37.1,3.586293596996416,1.509073126218022,0.8777039178140039,15.004268124174777,7.78837473516136,3.837504222065281,3.378389166948138
2011,47,Tennessee,6403353,41693,23320,42.604282678157176,23.16541759273219,19.869678061528038,9.04147962980075,2.754771365162428,2.564370672619424,39.606375011875954,15.265280859316057,8.344533987581944,23.609814846898,67.27961261686258,32.72038738313742,138300,715,3.3171035905307846,8.739930042905698,14.227870866734706,24.02669467592822,38.254565542662924,88.9707087622566,10.497856142513562,61.57907754133013,18.287376048207122,High,38.3,3.179193775511049,1.4359664382082324,0.8864574543992811,15.244812240248862,9.427176209677292,3.1181820507128326,2.699453979858738
2011,48,Texas,25674681,49392,24682,36.376433979596335,21.978177183552777,21.21076293985449,11.914541425951683,4.2864196638106655,4.233664807234048,33.58197520515707,17.714518702450377,8.710613049041797,26.42513175149217,62.91601368078397,37.08398631921603,127700,813,2.5854389374797537,8.157504257983529,15.29589557809553,22.601833598917757,37.89772917701329,90.7720522656861,8.441425119768068,64.8632849754126,18.4625061699465,Moderate,33.7,3.8887844409829277,1.5744304671205067,0.7427706696725852,16.43688121626539,10.622367247356824,3.7822010759698386,2.0323128929387266
2011,49,Utah,2817222,55869,22497,29.937133376985997,23.84147975749022,26.49762002503808,12.720341350269662,3.7541291915322876,3.249296298683748,38.28247966640724,20.0776667404337,9.671541921639518,29.74920866207322,69.38048273514481,30.619517264855194,207500,822,3.714045356100879,8.465618236480347,15.405127902080856,23.937227150845416,39.34235505292627,91.6695810106436,7.945362048770487,68.07182433920569,13.526252966069894,Moderate,29.6,4.778750130447654,1.5924907586267607,0.5134135684017802,16.579886027974165,10.46050605370326,3.0425396632831787,3.076840310987725
2011,50,Vermont,626431,52776,28089,32.57174830391906,23.163064680328567,25.465305139144697,11.73384934604714,4.046891878239651,3.0191406523208912,40.794244591075156,21.439680480016197,13.965655282846967,35.40533576286317,71.28280449801444,28.71719550198556,213700,849,4.049189025314537,8.904554434010771,15.224744946283117,25.087273022488027,40.312017968771144,93.40304036025444,6.3969134093756335,67.89802672371032,11.488833004011736,Low,42,2.4784852601483642,1.707131352056332,1.0500757465706518,13.065337955497188,7.648136167144655,2.123910041618787,3.293291746733746
2011,51,Virginia,8096604,61882,32123,28.2173774931871,20.258305050741477,23.03061207429823,14.759199505124304,6.735692909568154,6.998812967080735,34.641189153996685,20.50668002252879,14.620627572965747,35.12730759549454,67.32967749485897,32.67032250514102,243100,1062,3.9284444588087006,9.202040826770244,14.813290961102496,22.509582367420464,37.32287332852296,90.1500831174242,7.36979943922012,66.38767236298986,11.534014184873932,Low,37.6,3.203293627797531,1.5020000978187893,0.7907265811690927,14.342193985607796,6.510693608945456,4.615989491470824,3.215510885191517
2011,53,Washington,6830038,56835,29278,30.316403310617062,21.99887488552283,24.343344522436006,13.868612306898715,5.027803090532211,4.444961883993177,37.3922694508431,20.18348283576521,11.692323602475527,31.87580643824074,62.81618204823254,37.18381795176746,256300,930,4.50954517462831,9.166837775523568,15.916290482567838,22.93931305157068,38.85560353413852,88.25157886364839,10.18219519008774,65.01768117499579,13.896334016392522,Moderate,37.3,3.314549640865834,1.35814764134548,0.8609322524999128,16.721291361573,10.773072549438584,2.858527720489106,3.089691091645311
2011,54,West Virginia,1855364,38482,22060,46.25908339316407,22.196386223701673,19.139987598720708,8.391668298413942,2.345636707786698,1.6672377782129104,47.1267920364581,11.66096686905713,6.809236299237057,18.470203168294187,72.25812066227184,27.74187933772817,99300,599,2.5804272127228316,7.171986510861893,11.77652733118971,19.77295898360913,31.54948631479884,91.07398138268427,8.858372377947813,54.31881655834929,18.57732067422774,High,41.4,2.9207745757705768,1.4138465551773127,1.0669604454974873,12.105428794509896,6.948384363834753,2.4309408509354715,2.7261035797396733
2011,55,Wisconsin,5711767,50395,26212,34.59697664361382,23.719011388128077,24.44795354740717,11.392830647741537,3.2790970364145853,2.5641307366948056,45.82816656065593,17.446591600452372,9.027286040800517,26.473877641252884,67.8535892468506,32.146410753149404,166700,739,3.307867844032146,7.6037263276477765,14.01515358660403,24.36194705267936,38.37710063928339,91.73466974110733,8.155293307690581,67.6416694690102,13.067183931006134,Moderate,38.7,3.136770109845167,1.4884885885576216,0.8352581609158777,13.901760036322342,8.730306436112823,3.233524218052338,1.937929382157181
2011,56,Wyoming,568158,56322,27973,30.506113535155638,22.880933229681087,25.93792548721797,14.496784833220245,3.569711376432895,2.6085315382921643,43.09519499052203,16.45731720304147,8.26207109539733,24.719388298438798,70.64963893969147,29.35036106030853,179900,759,3.194133731046483,5.960254761467328,11.55306509890379,15.790924122726437,27.343989221630228,94.13521532777997,5.048986826471715,69.06089982154226,11.298469820354528,Low,36.8,3.509059099757462,1.7188880557872988,0.9918015763220794,17.33183229454086,9.140720605498148,2.7312612110319225,5.45985047801079
2012,01,Alabama,4822023,41574,22815,42.77694888652476,22.06881862853755,20.211861352537355,9.66930400413187,2.98184068776356,2.2912264405049076,39.09412439876547,14.706824366300832,8.571724109138515,23.278548475439347,68.75061308747328,31.24938691252671,123200,689,2.9633905806513687,6.76790310160873,13.036850247310111,22.797101650352754,35.83395189766287,89.483109941624,9.925306610373923,58.4788041334247,18.96257003963052,High,38.2,3.212386170700555,1.5275331536162313,1.037531343172772,14.585717320106422,8.979021196248532,3.411259441846954,2.195436682010936
2012,02,Alaska,731449,67712,31890,24.460463101676527,19.45233676798423,25.57629415341087,17.417773026930153,7.216343269051186,5.876789680947026,38.508676392721384,17.124414004485637,10.883696302578166,28.0081103070638,63.35242061426341,36.64757938573659,245100,1120,3.619742438563327,9.827159958362248,15.16633414295628,19.31926613462873,34.48560027758501,88.51239565365196,7.520239729045743,70.38076130994368,10.117270908094934,Low,33.8,3.772375107492115,1.6416728985889653,0.9002678245509941,17.197782541535748,10.156464490436587,2.407977969622261,4.6333400814769
2012,04,Arizona,6553255,47826,24600,36.577573147036496,23.414910658448736,21.580089692697168,11.511649683467047,3.7091040428598663,3.2066727754906847,35.85085635575956,17.18874402401235,10.158431422387853,27.3471754464002,62.56458576487939,37.43541423512061,151500,888,3.167733032241877,8.184425103683008,15.475400829464064,24.08460801457927,39.56000884404334,89.62954729091545,9.76789583199262,60.20083498295655,18.66044457094706,Moderate,36.6,3.413647111244717,1.427992654032233,1.0566352141035256,18.337657350770385,12.953502036742837,1.7907043647404424,3.593450949287105
2012,05,Arkansas,2949131,40112,21643,44.70533518554297,23.472298596243068,19.046840563391118,8.504020163324325,2.2340166051934722,2.037488886305043,41.80129907837458,13.806478155641122,7.180121700108034,20.986599855749155,66.24260507632496,33.75739492367503,107600,640,2.6824890307140006,7.673183352022727,12.945405387207131,21.931335251478103,34.876740638685234,91.23307172894948,8.400167279149267,59.36060104643388,19.82707048764126,High,37.6,3.3571584307377327,1.4090930514785542,1.097204566362091,15.449482950409932,9.358254253814357,3.4494005520688846,2.64182814452669
2012,06,California,38041430,58328,28341,30.957116811435476,19.98227785700845,21.557123598842573,14.350737509139499,6.32999799723692,6.822746226337083,31.996271638203144,19.6337587123439,11.2806713730838,30.914430085427703,54.02693995168195,45.973060048318054,349400,1200,5.990261966808394,8.776294477702644,16.95808288601263,28.906081453292508,45.864164339305134,87.98995497991284,11.281458536497107,63.80513918980647,16.956475071110397,Moderate,35.5,3.4075664348054215,1.4981035150361068,0.8246850867593568,14.745422598693766,10.61916222341848,2.8124327803845435,1.3138275948907423
2012,08,Colorado,5187582,56765,30329,30.358631483181103,21.813867925662596,23.518401994300852,13.91161111133377,5.415893487661867,4.981593997859814,32.42891738909046,23.76055766413695,13.717981544735697,37.47853920887265,64.03314883912934,35.96685116087066,234900,934,4.138113274024487,9.04113214380232,15.269315950022982,24.274511442619755,39.54382739264274,91.12845075217112,7.713604172148855,68.73973188847093,13.707482100763633,Moderate,36.2,3.326443803683489,1.4864921653286638,0.9223179508295001,18.67664830060594,9.614410305811305,5.060242656828412,4.001995337966223
2012,09,Connecticut,3590347,67276,36891,27.008672776496308,18.102727034375892,22.43094036582384,16.671674723746737,7.229351338771495,8.556633760785735,37.4303187416649,20.481875753159713,16.58668222416962,37.068557977329334,66.90558044854515,33.09441955145484,267800,1019,3.98061715916523,8.218577532490654,14.681324550471784,26.710655153996793,41.39197970446858,89.89444503460618,9.681200307247277,67.66931740814852,10.688030290071287,Low,40.4,2.7726010884184733,1.558679425693394,0.959795808037496,11.679092649632846,7.6167848792189945,1.8034106081620243,2.2588971622518264
2012,10,Delaware,917092,58415,28705,29.311094655429788,21.88870082395947,24.650316771865484,15.041080433019498,4.8794033640114245,4.229403951714329,41.37811746296548,18.092277550386996,11.439803948193699,29.53208149858069,70.83289255615502,29.167107443844987,226900,960,3.8842762988958315,8.631042334119163,14.113723830824721,22.889842632331902,37.00356646315662,90.7301509074842,8.713080348038883,64.0931487676332,12.04697677656056,Moderate,39.2,3.10176078299669,1.4753154536295159,0.924443785356322,13.320449692028028,8.627958384073702,0.8586152732920351,3.8338760346622895
2012,11,District of Columbia,632323,66583,45307,29.737270402232042,16.395286917521055,18.17694309650419,15.706399861997586,7.86651266397162,12.11758705777351,22.533109154985656,22.957197558306465,30.006302172087974,52.963499730394446,41.50610135677375,58.49389864322626,460700,1235,6.919183575387111,7.502195780255287,14.094024272186997,24.16127605285259,38.255300325039585,88.83011383704186,10.247507267639309,68.97256051284837,18.178018593967074,Moderate,33.7,3.145386139678614,1.5972849319097993,0.6776599933894545,18.53605762690707,9.921148697201074,0,8.614908929705992
2012,12,Florida,19317568,45040,25428,39.194503207374666,23.394280838289493,20.35280079322662,10.15180309152212,3.320142990851692,3.586469078735411,41.153984890267864,17.2539962426725,9.576105061802476,26.830101304474972,65.63580734106952,34.36419265893048,148200,954,3.2904085257548847,8.48492934144325,16.929228244017118,28.797359223614976,45.72658746763209,87.96894853250933,11.48107457138764,59.61385961536744,17.12404280792592,Moderate,41.1,2.8237923117444184,1.3195605161063753,1.1070751763368971,15.262851157909497,9.472665425731718,2.9800435478183713,2.8101421843594063
2012,13,Georgia,9919945,47209,24321,38.114040897753355,21.973145069161156,21.131005958830514,10.884093217258982,3.9460693570282612,3.951645499967732,36.086874777282,17.813645504461544,10.40810214124717,28.22174764570871,63.650171473471715,36.34982852652829,142300,837,3.014255756317651,7.935798462240482,15.078889212478371,24.734505211780665,39.81339442425904,88.01713545356805,10.920290537226322,62.97013346596428,19.150630566119208,Moderate,35.7,3.4468134651956235,1.5887789700446928,0.8824343280129073,15.452056729784482,7.923373409018504,4.696399660002652,2.832283660763328
2012,15,Hawaii,1392313,66259,28099,25.103853060203505,19.846208134933043,25.90162323449798,17.03659201157794,6.856535372575645,5.255188186211887,40.93613124697437,19.593586346887108,10.462248012928956,30.055834359816064,56.900309995801216,43.09969000419879,496600,1379,7.49483089089784,8.939879157209631,15.45046585621159,25.87911575412741,41.329581610339,88.17773039944198,6.716694925970596,65.49883064997337,11.589066215023045,Low,38.3,3.2861145446462112,1.326354059755242,1.0167254058534252,13.817632734287036,9.336495855553908,0.4701596971892247,4.010977181543905
2012,16,Idaho,1595728,45489,22053,38.11588287549776,25.017749774483544,22.512716384328062,9.447338905790714,2.743069013181137,2.163243046718778,40.344159575665536,17.281044564202112,8.182676300817745,25.463720865019855,68.37024486114018,31.629755138859828,154500,702,3.3964255094638265,9.447230731694093,14.83395234093312,21.54851302626942,36.382465367202535,91.66476302574368,7.9841926820171105,63.67619141539903,15.87302804004571,Moderate,35.2,3.639028706646747,1.467856677328467,0.9837516168169012,17.12827932736441,9.72546082861422,3.634118990283757,3.7686995084664305
2012,17,Illinois,12875255,55137,28741,32.45423561389747,20.89567007128012,22.964600601149556,13.506452777392283,5.101239069102849,5.077801867177729,37.61126874438815,19.6795030199576,11.952535928995507,31.632038948953106,66.60324506718175,33.39675493281825,170600,868,3.094111032518998,7.805522600731911,13.980440527528263,25.18815635023759,39.16859687776585,89.60968331653503,10.141663037310082,66.1796107368057,14.71774841343136,Moderate,37,3.226545804335526,1.4528954960503695,0.8797107319427849,12.96605556301674,8.742865194423723,2.5826949044641547,1.6404954641288618
2012,18,Indiana,6537334,46974,23898,36.88075007348562,24.09348580709389,23.14045088116216,10.557615751446427,2.9407151471506734,2.386982339661228,44.84911584514407,15.031976339962302,8.387558148094916,23.41953448805722,69.38413605706597,30.61586394293403,122700,715,2.6120832801124028,8.13304938647196,13.184959245196543,24.038551449564533,37.223510694761075,91.12986455341469,8.757948591898696,64.2781531384362,15.61430071756488,Moderate,37.3,3.3123441451821187,1.4795786784031535,0.912726808818396,14.547858958254576,8.92975092251637,3.540740710914104,2.0773673248241034
2012,19,Iowa,3074186,50957,26436,34.300532660499016,23.616028060841955,24.590399071592962,11.649585020308905,3.119437870401158,2.724017316356002,47.317148365261936,18.08209453837102,8.24691101049439,26.329005548865407,71.92742256211656,28.07257743788344,126300,661,2.4785603548089568,7.471608063542198,11.953353616052766,22.045264526917183,33.99861814296995,94.55497382198953,5.339828233379089,67.74588032364889,12.691844093839572,Moderate,38,3.2472335766280898,1.4322490571487867,1.0467161063123702,14.452395988890022,8.634975353067352,3.3215954437353834,2.4958251920872856
2012,20,Kansas,2885905,50241,26390,34.485160843191245,24.215848483406663,22.698312522275117,11.886946084561513,3.34595851912765,3.367773547437811,39.25942345096456,19.47693889730918,10.913502616969296,30.39044151427848,66.35996951282463,33.640030487175366,130100,711,2.589518520730081,7.68467122117848,13.415616994022203,19.828405209222886,33.24402220324509,92.32128031186812,6.422414991704086,67.35286785989331,13.979481173232383,Moderate,36,3.5519880245538227,1.618902909139421,0.907098466512238,16.49797030794311,9.690077045453588,3.7088041315571827,3.0990891309323385
2012,21,Kentucky,4380415,41724,22722,43.008100742587594,22.061986966638624,20.56931325292735,9.649889514025743,2.4922027130574973,2.218506810763185,41.02527677935425,12.910374213794698,8.862866854643956,21.773241068438654,67.03610536354924,32.96389463645076,120800,636,2.8952161825328346,7.997405343925217,12.602742160495472,22.06221843094394,34.66496059143942,89.9477732610268,9.237863278236675,59.8308199679802,19.382553236876994,High,38.4,3.2094447672195443,1.3951874422857196,1.0527084762516794,14.65356443361011,8.583670661313775,3.4642863578419574,2.605607414454379
2012,22,Louisiana,4601893,42944,23800,42.28225741259095,20.770957147916832,19.95291580618015,10.492807970814313,3.39650578985538,3.1045558726423734,39.477949381445185,14.40904275752884,7.544888670111305,21.953931427640143,65.72560313537927,34.274396864620734,139500,747,3.2484165424739193,7.217238295785617,14.08374466987591,24.39054601850548,38.47429068838139,90.57541190693364,8.755375059722887,61.327172706038525,19.949735436718406,High,36,3.36418078386438,1.4689607081259821,0.9954599118232432,13.630284250867922,8.277477312593243,3.3462797580420567,2.0065271802326223
2012,23,Maine,1329192,46709,26020,37.74567526774299,24.114991984390752,22.47580440110145,10.444456065625209,2.545699792441704,2.673372488697901,44.72401234613528,18.104110063494108,9.849875978995097,27.953986042489205,71.41267674463478,28.587323255365227,172300,744,3.688796591663277,8.876609327000107,15.002933217266243,23.33137785515584,38.334311072422075,92.23833824234536,7.609824873849807,63.92293693471805,14.67277226842485,Moderate,43.5,2.561104791482344,1.4347061974492774,1.2965771686859384,13.603139589506123,8.661691443964894,2.8493766276016923,2.092071517939534
2012,24,Maryland,5884563,71122,35144,23.63993980674945,18.695315465373817,23.185524329650274,17.862537116776668,8.481418091436458,8.135265190013333,35.40131440648417,20.037838593099178,16.894113618998347,36.93195221209752,66.45621274708408,33.543787252915926,279900,1170,3.935491127921037,8.954516565807289,15.34665229765951,23.666031114427035,39.012683412086545,90.94914453422405,8.182679771041881,68.7609362994554,10.284770765496058,Low,38.1,3.154422851790354,1.447363211167932,0.8731659428236217,12.11999301294668,6.8848435959117475,2.570596058916814,2.6645533581181167
2012,25,Massachusetts,6646144,65339,34907,28.630459793355044,17.663933548842888,22.12826386361528,16.296779963796297,7.422155301669762,7.858407528720732,35.67084645621338,22.20319979177498,17.07919200440503,39.28239179618001,62.24463743570592,37.75536256429408,323800,1036,4.955692618497375,8.87152579071108,13.406675564058595,24.50503444676738,37.91171001082598,91.43050002823965,8.46087327964327,67.3420279264121,11.888905621128266,Low,39.5,2.8093733749975924,1.6001157964678467,0.9571113716464765,11.685138271484496,7.076453494424023,2.4420721324867896,2.166612644573682
2012,26,Michigan,9883360,46859,25074,37.95928744918917,23.04190446464949,21.652298414168065,10.913055227086819,3.4760051405211954,2.9574493043852583,42.869842673739896,16.04149090064398,9.987784355819604,26.029275256463585,71.06351602013895,28.936483979861055,115700,748,2.4691094560276574,7.776191200104243,14.420814692553824,27.55740636175419,41.978221054308015,88.67238456597602,11.257941986663752,61.18884700496457,17.4381193241554,Moderate,39.5,2.9604102248627995,1.48800610318758,1.0366919751987178,14.337753017185841,9.296981893817147,3.6706793551065653,1.3700917682621296
2012,27,Minnesota,5379139,58906,30529,28.947514208480058,21.761572163642672,25.172554372916316,14.40114624305675,4.968031807676628,4.749181204227576,40.76776910549598,22.42942014205953,10.76760802767428,33.19702816973381,71.44179554088345,28.55820445911656,178400,813,3.0285539673377926,7.992101244667428,15.295631311833377,22.0389201055157,37.334551417349076,93.64775383126474,6.251232843108428,70.13933376418474,11.381407273459741,Low,37.6,3.2779223589500104,1.3684532041280213,0.8780959183244754,14.186672707172674,7.922501160815679,4.363180657537175,1.9009908888198213
2012,28,Mississippi,2984926,37095,20119,47.518021202709534,22.412498246251104,17.784985341868705,7.936665135288545,2.2842292812334652,2.0636007926486513,38.127520962693936,13.03991489397312,7.6202635190547126,20.660178413027833,68.18859976103165,31.811400238968346,99800,666,2.690389540369322,7.5128995993197085,14.34493096192096,23.369461820068604,37.71439278198957,87.94902548504594,11.247890744043033,58.460527364835016,24.153530573629574,High,36.2,3.366046595459988,1.7754543998745698,0.9681312032526099,14.021357697673032,7.74727108901325,3.7806137403585716,2.493472868301209
2012,29,Missouri,6021988,45321,24697,39.119889281452735,23.383782615238214,21.537555078450367,10.065045027096795,3.191339198477408,2.7023887992844835,41.72633691723491,16.661227977346886,9.749428440559186,26.41065641790607,67.46905115646202,32.53094884353799,135000,706,2.978751572118885,8.376712980276215,14.369293594753527,23.661767752645453,38.03106134739898,90.80839059954862,8.538345891334503,63.74027509757093,16.23485271003397,Moderate,38.2,3.1961040108349605,1.4750942711941637,0.9562788899612553,16.196859732324718,9.300707184396009,4.158713341408048,2.73743920652066
2012,30,Montana,1005141,45076,25148,39.28981899456641,22.876083905139655,22.601714685355727,10.270016481716054,2.6287603499797036,2.3336055832424476,39.67267061752843,20.219578607102815,9.183132635380113,29.402711242482926,67.05075096958463,32.949249030415366,184800,681,4.099742656846216,8.045746686259667,13.53030235561295,20.760416202817236,34.290718558430186,92.24257364252205,7.1239525706805775,64.6175217632895,15.521102515414126,Moderate,40.2,2.983163556157793,1.421591597596755,1.1401385477261399,16.488773976840804,9.227216476619818,3.475687664231817,3.7858698359891676
2012,31,Nebraska,1855525,50723,26245,33.85730059844323,24.20109873631692,24.15624957400112,11.570811238191311,3.3800455307605275,2.8344943222868983,41.941805009163915,19.31000540223447,9.661714066026574,28.971719468261043,66.33886336682252,33.66113663317748,128300,692,2.529424521420263,8.080088122853626,12.585450009719432,18.756074645240716,31.34152465496015,94.19472742060312,5.2902045502435024,70.40049355501718,12.991975141373443,Moderate,36.3,3.702617857479689,1.4203527303593322,0.9796149337788498,15.371155885471898,9.690721649484537,3.315422374304424,2.365011861682938
2012,32,Nevada,2758931,49760,25331,34.754943597538265,24.04925467288559,23.38792277010347,11.22078670382126,3.5083274968830875,3.0787647587683353,39.37012194658168,14.823414873723406,7.549050820311609,22.372465694035014,54.869983757283144,45.130016242716856,150700,944,3.0285369774919615,7.8794842839564065,15.920322443597684,24.753841785150602,40.67416422874829,87.15772557961243,12.207058443412636,65.116164260948,16.436612698243376,Moderate,36.8,3.415235828659724,1.275494022866103,1.0170243474737135,22.228211413139203,16.744774848822875,0.9229877297011684,4.560448834615158
2012,33,New Hampshire,1320718,63280,32201,26.477789099987092,20.72824707158226,25.167730290848077,15.973047577036507,6.540470049331872,5.112715911214188,40.7163737127439,21.938007333541332,12.619757077802285,34.55776441134362,70.86048576772606,29.139514232273946,236000,967,3.729456384323641,9.03592157277523,13.641471766463503,23.419754881869984,37.06122664833349,93.33531113253727,6.462279098932662,68.67665254048929,10.03619454902123,Low,41.9,2.4944764893035454,1.4364913630313207,1.0997048575093245,13.412893187687471,7.139916422434108,2.4168902759923405,3.8560864892610236
2012,34,New Jersey,8864590,69667,34885,26.162068951503358,17.81168494800705,22.14093476958071,16.725746131595017,8.528513357669551,8.631051841644318,37.39269925109334,22.47528330307114,13.763027841659733,36.23831114473087,65.07070309825657,34.929296901743434,311600,1148,4.472705872220707,8.418104783060866,15.683091116405535,27.240051623620133,42.92314274002567,89.77780253800908,10.064991338188047,66.19306501369518,10.756766850294529,Low,39.4,3.022835799512442,1.3185832621700497,0.9524749593607826,8.956011938795887,5.4490134443681475,2.0225940709087142,1.4844044235190268
2012,35,New Mexico,2085538,42558,22874,41.996559459134424,21.541681263692883,20.233177689817985,10.03534659004753,3.6800192419306765,2.513215755376499,35.896216359265765,14.88991641733991,11.227863827159586,26.117780244499496,67.72662863596672,32.273371364033274,157500,753,3.7008318060059215,7.314188505002228,14.450565028960266,24.207946858925027,38.6585118878853,88.98558515835477,10.164589201542054,60.11707160021407,20.845539222350787,High,36.8,3.504563330900708,1.5557136815536328,1.0601101490358842,13.633732004590907,8.687878986409265,2.29161965354667,2.6542333646349716
2012,36,New York,19570261,56448,31290,32.884067544863726,19.346305983128428,21.487702174439786,13.840886806074165,5.865818142535587,6.575219348958311,36.24001963671624,19.018929040123258,14.36831209816615,33.38724113828941,53.65291959217132,46.34708040782868,280900,1079,4.976261337868481,8.342372003341849,14.22777567645466,27.811503268675175,42.03927894512983,90.52549711216238,9.225392199366544,63.53026415521719,15.867634519061625,Moderate,38.1,3.046351809002445,1.4480133913390323,0.9017253270153116,10.299474172201926,6.546196694496989,2.357810006979585,1.3954674707253503
2012,37,North Carolina,9752073,45150,24435,39.5069311839628,23.201892089271237,20.97423837376803,10.037667584571164,3.1310861423220975,3.1481846261046678,37.80035788010354,18.02892286347843,9.33455965230806,27.36348251578649,65.435897435897445,34.56410256410257,150100,756,3.3244739756367663,7.927276054335159,14.182146376790245,22.739414390489564,36.92156076727981,87.66099211022114,10.60854678808495,63.06691687906615,18.034880118345175,Moderate,37.8,3.1913522386471063,1.5095662224841835,0.9667585548221388,14.752662987047337,8.449414915631882,3.4698962397139566,2.8333518317015005
2012,38,North Dakota,699628,53585,30796,31.612612736471625,23.395223823141222,23.919723383194018,12.84027166739991,3.8570996480422353,4.37506874175099,43.116024319508014,19.57375345050491,8.352405744435515,27.926159194940425,65.02729047514299,34.97270952485702,142500,644,2.659326304002986,5.420094151408832,10.068697113541882,16.212125679354504,26.280822792896387,95.37456185158439,3.2875285284000695,70.83331105371883,11.217718847984447,Low,36.2,3.3878003739129934,1.9423179175218832,0.7541150439948087,17.758807140227127,8.402987368048729,3.816403271492727,5.539416500685668
2012,39,Ohio,11544225,46829,25445,37.99252723357467,23.050177927192124,21.950493910428676,10.632862256601573,3.374095873424036,2.999842798778924,45.73630023282282,15.96695851450497,9.272826339297433,25.239784853802405,66.29197448246548,33.70802551753452,127600,700,2.7248072775416943,7.8839828306052935,13.60485641149229,23.94472705482352,37.54958346631581,90.80593625860115,9.059929739004817,63.28955233423692,16.251444446760193,Moderate,39.3,3.059018686832594,1.4516608953827563,1.0091192782538454,14.343042944430549,9.357820026658759,3.264703601998662,1.720519315773128
2012,40,Oklahoma,3814820,44312,23740,39.78102770022403,23.509764168257107,21.664004224883822,9.496380300373202,2.866865698878871,2.6819579073829707,41.09753097140211,15.836662035428969,7.9348941247603975,23.771556160189366,66.38493862098188,33.615061379018115,114300,686,2.579436721429861,7.459006617341631,14.024322534742073,20.886370085832144,34.91069262057422,92.23556546290874,6.728552551663484,61.75530625955964,17.229426651634626,High,36.3,3.4883690449352787,1.4908698182351985,0.920646321451602,17.019300105706307,9.848122603367983,4.274766227459665,2.8964112748786586
2012,41,Oregon,3899353,49161,26011,36.11941538224222,23.20507436928008,22.187049468112807,11.867903968273326,3.542486701996167,3.078070110095408,37.11592905382645,18.60675237258269,11.315486501093657,29.92223887367635,61.55579887893988,38.444201121060125,223900,862,4.554423221659445,8.020995161030347,14.73227911698235,27.233007877472215,41.96528699445456,88.86233196282552,11.006939793431993,62.35414582580193,17.20571148113709,Moderate,38.9,3.0764847399042865,1.3725097471298444,1.0749988523737142,17.61773600019702,11.073438125815787,3.461314619834529,3.0829832545467037
2012,42,Pennsylvania,12763536,51230,27774,34.85700294599969,22.14527749614834,22.702127303408925,12.138035020024205,4.201200867483662,3.9563563669351822,46.17082730102165,16.951247881957677,10.863345856482812,27.81459373844049,68.90535348265084,31.09464651734917,163800,798,3.1973453054850673,8.220139451921519,13.622052862007457,24.101572887952003,37.72362574995946,91.05747160670168,8.844597439916926,62.83442725060283,13.706517967208162,Moderate,40.5,2.8763502527826144,1.484886319903826,1.0290643595943945,11.622078146444338,7.293119712128552,2.6227145635317335,1.7062438707840535
2012,72,Puerto Rico,3667084,19429,10914,71.67921981112517,16.781752544524227,8.040474988407004,2.131607810118589,0.8336670111593472,0.5332778346656707,34.60504075222736,17.62968122272717,6.592021748774843,24.221702971502015,69.46911198438862,30.530888015611374,127300,448,6.552061351587833,4.996410215205654,8.736006967033594,17.137140146753513,25.873147113787105,82.60650089715942,17.33449332751827,45.3126821721329,44.92519315378663,High,37.8,2.951936743199774,1.6112802433759357,0.9757616678538041,NA,NA,NA,NA
2012,44,Rhode Island,1050292,54554,29389,33.48019647383214,20.244841835660147,22.42164407637206,14.150182893026342,5.151749164211551,4.551385556897766,37.02242545323339,18.6590497156279,12.753572727234438,31.412622442862336,59.98552349043654,40.01447650956345,234600,878,4.300326282215786,10.148040146890674,14.19660844681868,23.441404052198216,37.638012499016895,90.21801471493767,9.32385881823076,66.08495677287038,13.747057001392452,Moderate,39.8,2.743808388524334,1.6940050957257602,1.0598005126193477,12.936809904980842,7.735022733672456,1.9874544341473117,3.2143327371610733
2012,45,South Carolina,4723723,43107,23396,40.949511564671525,23.46856222095404,20.33133035684313,9.507872033300883,3.084583794913111,2.6581400293173094,40.31246192429535,15.992938225976769,9.105995146616847,25.098933372593617,68.12872760638714,31.871272393612855,135500,754,3.1433409887025308,7.916643260399405,14.192799764064826,24.143681712215262,38.336481476280085,87.4719620060128,11.054115289094158,61.00755636706394,18.27016474268415,High,38.3,3.2155780514649144,1.605132223036787,1.0898818580175,15.443833925266112,8.625569354231395,3.4618964780892063,3.3563680929455124
2012,46,South Dakota,833354,48362,25275,34.75452874770281,25.584297252636944,23.938041480703596,10.339598165335968,2.848671104041512,2.5348632495791703,43.944610613420735,18.1371396235844,8.126520323649805,26.263659947234203,67.0856948712801,32.9143051287199,134300,651,2.7769736570034325,9.03392295781917,13.009900060995635,14.653028667949139,27.662928728944774,94.86456120053842,4.6533100463884844,68.8834193357558,13.408511643520532,Moderate,36.7,3.5571917816438154,1.545561670070582,1.007975002219945,17.240153881915955,9.123868613760528,4.945787172206813,3.1704980959486115
2012,47,Tennessee,6456243,42764,23692,41.57425738582067,23.316694152228344,20.264264603300685,9.158256353600072,2.8668314456330215,2.8196960594171987,39.91944605673781,15.687541465149213,8.59034519527736,24.277886660426574,66.69116846566052,33.308831534339475,137800,730,3.2223365447572725,7.7899596774681665,14.86268428704413,22.6418703069524,37.50455459399653,89.99696239199041,9.450180200596876,61.13476302252722,17.93727884747031,High,38.2,3.156650082718386,1.370410004703974,1.0226845550887722,15.053828008123823,9.143376942804938,3.1338709287992774,2.776580136519606
2012,48,Texas,26059203,50740,25359,35.2318743180077,21.936116305960155,21.440572852913494,12.29723600341948,4.610688779204096,4.4835117404950795,33.441758729313094,17.713403698596597,9.034482973212517,26.747886671809113,62.277132244166985,37.722867755833015,129200,831,2.5463145447378794,8.034832273131167,14.503075113257486,21.949538769948788,36.452613883206276,91.35261541394244,7.90685588260808,64.76613665502697,17.926362048898177,Moderate,33.9,3.7829476212300124,1.5030927845337403,0.8124500200562542,16.194212219599947,10.282309777642483,3.9371197440116092,1.974782697945857
2012,49,Utah,2855287,57049,23213,28.40153579750159,23.854766878309597,26.63128244003791,13.548868973786718,4.176217021271845,3.3873288890923323,37.579104814069034,20.346059762327616,10.392393996350533,30.738453758678148,69.62099652670396,30.379003473296034,199700,851,3.5004995705446196,9.161637915193568,14.483539261012416,22.720156411933758,37.203695672946175,92.93281767142409,6.781227792515919,68.75412433645631,12.830165144938382,Moderate,29.9,4.639848813797002,1.5573565809671672,0.5992042130966169,16.462658263944338,10.255396657921752,3.0751325995209307,3.1321290065016543
2012,50,Vermont,626011,52977,28818,32.2609469286709,23.591985146216928,24.807751818041158,12.46170509051524,3.4682036206096236,3.409407395946155,41.01248884924175,21.869280925535925,13.88326880454675,35.75254973008268,71.00533807829181,28.994661921708186,216900,860,4.094229571323405,9.150579665674986,13.298291020184905,24.498045546113104,37.79633656629801,93.43281614120978,6.420711380424284,67.33570478684905,11.815608424712979,Low,42.4,2.6010725051157246,1.737509404786817,1.2212245471724936,13.81323521824373,7.977117944484573,1.897056547311939,3.939060726447219
2012,51,Virginia,8185867,61741,32517,28.063417602099662,20.40150485345843,22.691493523950736,14.911711775744852,6.82718831760924,7.104683927137083,34.45646917598314,20.569920683277,14.881250174848487,35.45117085812549,66.15544031902945,33.84455968097054,237800,1068,3.8515735086895257,8.70285117036533,15.32903915801755,22.37009309447996,37.699132252497506,90.70770710304792,6.773132052251343,66.38272378178229,11.740158598385289,Low,37.5,3.1329118833716696,1.532543834391641,0.9301885799024098,14.419776216085584,6.6443680075256735,4.675334730338887,3.1000734782210233
2012,53,Washington,6897012,57573,29861,29.701719914578828,21.935803660246425,23.84640268930305,14.524860845481502,5.274655010188421,4.716557880201774,37.37939528513457,20.33275224237326,11.340938241991417,31.67369048436468,62.33413240281749,37.66586759718251,243000,954,4.220728466468657,9.033911274894782,15.677218631063855,22.993515777603253,38.670734408667116,90.08259025718364,8.630816827090145,64.83004067693922,13.535742880661065,Moderate,37.5,3.2823054389350057,1.3729713678909068,0.9781047212909011,16.43526924278324,10.531953649209926,2.741615282104146,3.1617003114691635
2012,54,West Virginia,1855413,40196,22410,44.84076467478666,22.532715523286548,20.494400871694733,8.136671593324198,2.1316334566795767,1.8638138802282804,45.91440679339084,11.36066088515593,7.284904115951154,18.64556500110708,71.9792756734597,28.020724326540297,100400,607,2.4977609712409197,7.82824636886027,10.457393664635731,20.626028702607492,31.083422367243223,91.90072024001485,8.036368700343017,54.097798396130095,17.769668058569867,High,41.5,2.88550311979058,1.3416958919658317,1.1136065124045158,12.039990900769409,6.755852187570407,2.7195379854782376,2.5646007277207623
2012,55,Wisconsin,5726398,51059,26994,33.853516183191296,23.645515875547662,24.27225237964972,12.04577772223101,3.260454421109947,2.922483418270361,45.64100701318312,17.850847264132096,9.292558449679177,27.143405713811276,67.28734352344603,32.71265647655397,165200,743,3.23547268845845,8.192934927810374,14.357640558708173,23.365313712288803,37.72295427099698,92.64699512635173,7.29106248137576,67.29401611324593,13.230544968055677,Moderate,38.8,3.1359329197865744,1.4682528179145076,0.9472621358138222,14.007670813932679,8.939761092180316,3.315610482633084,1.7522992391192784
2012,56,Wyoming,576412,54901,27813,31.26663773471789,22.730668909638364,25.228510198511945,13.82693624084505,4.517858021681065,2.429388894605683,43.72949162864688,16.90782323818324,7.840826162512929,24.74864940069617,69.0469905553592,30.953009444640806,187400,742,3.4134168776525016,8.634944495837187,13.148993987049028,17.02705827937095,30.176052266419983,93.63020780997267,5.5471097525793915,67.95310070177139,12.64932451086037,Moderate,36.9,3.3658216692227088,1.4205117173133106,1.002928460892556,19.03923585392481,11.044276802858878,2.527670807780473,5.467288243285464
2013,01,Alabama,4833722,42849,23384,41.523474859789545,22.654146448797462,20.074800857532132,10.041707843170608,3.132395652200156,2.5734743385100955,39.55888904700651,14.75814049959587,8.710017557256405,23.468158056852275,68.04161895130646,31.958381048693536,122700,694,2.8635440733739412,8.37966285614211,12.885502264680937,22.290023385105645,35.17552564978658,89.91063188994684,9.580111169135899,58.160447581688466,18.730944285591605,High,38.3,3.047506662567686,1.4773294781950637,1.0790442644405285,14.612879018575716,9.149945956075507,3.285657277859392,2.177275784640817
2013,02,Alaska,735132,72237,32474,21.07676361197488,19.124850110765603,26.66260187386948,19.558563502225475,7.592626465865902,5.984594435298661,38.36972802863448,18.16413384371643,9.80743917226294,27.971573015979374,63.45426091904965,36.54573908095035,254000,1117,3.516203607569528,9.39293500022245,13.262446055968324,17.188681763580547,30.451127819548873,87.58322121327964,8.36233560552276,71.2082216770015,9.32904021526841,Low,33.1,3.7311666476224676,1.8521843696098117,1.0251220189027277,18.521000616387635,11.158270970624372,2.6246806022672584,4.738049043496007
2013,04,Arizona,6626624,48510,25164,36.27627187335602,23.240915874607268,21.584765801860957,11.417901215798508,3.9812413232372923,3.4989039111399536,36.778014411459196,17.077719548962342,10.275857894275303,27.353577443237647,62.06370435965544,37.93629564034457,166000,890,3.4219748505462793,7.9462832874751035,14.643524547145406,23.214877829723598,37.858402376869,90.6398192363652,8.883952097247146,59.322212475870074,18.626284140764106,Moderate,36.8,3.3405396171564883,1.423560473628804,1.103487990264726,17.995229363742983,12.485966694185649,1.900322800419723,3.6089398691376084
2013,05,Arkansas,2959373,40511,21927,43.82426842905092,23.799648103426684,19.050731904016256,8.574836641652581,2.5417022308395336,2.208812691014025,41.909448748611965,13.402427846323112,7.201315172687825,20.60374301901094,65.72410136255561,34.27589863744439,109500,659,2.7029695638221716,7.904133584858725,13.463172951346422,20.851126681730552,34.31429963307697,91.63010547038138,8.066115629302674,58.286627030821,19.67984993074262,High,37.8,3.4096073729131136,1.4513209385907082,1.1160472167584148,14.996979794379751,9.063832028682034,3.517633143866451,2.4155146218312638
2013,06,California,38332521,60190,29513,30.352073642087262,19.478780123491454,21.497017688974555,14.453734655263565,6.550397009088586,7.667996881094577,32.20604955646809,19.5069898746709,11.5331420969115,31.040131971582397,53.78909540359851,46.2109045964015,373100,1224,6.198704103671706,8.906486247836751,16.81994364306384,28.402623148013678,45.22256679107752,89.34003227728617,9.978071073126163,63.480680352226116,16.83507216791511,Moderate,35.7,3.336088956945983,1.470897257187963,0.9259109256080497,14.21535429720481,10.100184592324664,2.833320954303584,1.2818487505765621
2013,08,Colorado,5268367,58823,31421,29.698272418613943,21.010285600159776,23.587727181945276,14.359596564809268,5.909177151987218,5.434941082484522,32.30905161436273,23.843396927069477,13.953762340879308,37.797159267948786,64.50694028360296,35.49305971639705,240500,971,4.088536796831171,9.53598131827166,15.060877394123978,24.3826096742655,39.44348706838948,91.8407610700813,6.929064659656388,67.98185246753197,12.95644090094053,Moderate,36.4,3.2689066650064427,1.463375653214744,1.0434922244407043,18.921642900554208,10.051206182390667,4.903042866593469,3.9673938515700695
2013,09,Connecticut,3596080,67098,37726,26.608227725284735,18.45043512008717,21.93542608929291,16.22662069171406,7.4995148746883995,9.279775498932723,37.0821578581236,20.625640131179992,16.588833475641042,37.21447360682104,66.31125639992239,33.68874360007762,267000,1040,3.979254225163194,8.530025565928637,15.426180042624651,25.37119335728939,40.797373399914044,90.3718984649736,9.212658610210243,67.37420080979565,10.727751249299569,Low,40.5,2.6969644724255297,1.535811216658139,1.0234199461636002,11.626459917164357,7.187452900805201,1.959298437057513,2.4797085793016422
2013,10,Delaware,925749,57846,29484,29.314509350549002,22.06794447180679,24.101441880903998,13.811856513827486,5.839190022148753,4.865057760763969,41.6249821352008,17.16211709780382,12.594286440220412,29.756403538024234,71.68026755458297,28.319732445417035,226200,999,3.9103827403796285,7.754311422144464,16.856202616012663,22.109056069316004,38.96525868532867,90.8871407265952,8.547147570904084,63.78790635000841,12.365242657626938,Moderate,39.1,3.1033249833378163,1.2824210450132811,1.0596824841290673,12.926670495883592,7.911818604523946,0.9897978720494517,4.025054019310194
2013,11,District of Columbia,646449,67572,45477,29.60673805728674,16.378367832255357,18.220805371598118,15.52506708975855,8.225627735587207,12.04339391351403,22.553828358505477,22.727332930108123,32.371626483949726,55.098959414057845,40.681977979098185,59.318022020901815,470500,1307,6.9629432309240515,9.563852101925058,12.187690054487458,24.955007509091587,37.14269756357904,88.81018017393531,10.359867975536016,68.7676235804882,18.887425055738262,Moderate,33.8,3.2209810828077696,1.58341957370187,0.6659458054695729,18.143228573448436,10.826898756549129,0,7.316329816899306
2013,12,Florida,19552860,46036,25834,38.13687811166035,23.66487029756569,20.497161233925862,10.270351146155962,3.511586358836006,3.9191528518561247,41.08170498483427,17.550540555267883,9.652607169114058,27.203147724381942,64.79134126427702,35.20865873572297,153300,972,3.3300026066556607,8.91382071299223,16.961508438810256,27.559586026870917,44.52109446568117,89.78716489899303,9.650263720922482,58.90133846972573,17.006489823548936,Moderate,41.5,2.8124939267196716,1.303036998168043,1.2158221354829932,15.36064066798659,9.534103772958252,3.0898897749549383,2.7366471200733997
2013,13,Georgia,9992167,47829,24923,37.5040351399013,22.207915781520256,21.062654974041187,11.237381817976777,4.06417881202662,3.9238334745338626,36.70699728004757,17.766014253020472,10.557074193949111,28.323088446969578,62.655735255352106,37.34426474464789,141600,850,2.960546948504046,8.420127617040167,15.498253041700513,23.843715932803256,39.34196897450377,88.85985599183472,10.19332639405083,62.89225742431721,18.96702305976578,Moderate,35.9,3.332880645409549,1.5613530078110183,0.9352425755093966,15.79050281961505,8.718857009586012,4.245273126430868,2.8263726835981693
2013,15,Hawaii,1404054,68020,29577,24.937127877010575,18.892961876832846,24.45725584288634,18.04452146094375,7.102328268017417,6.5658046743090726,41.644624508934754,20.755117965044384,10.420011188630518,31.175129153674902,56.2070114636097,43.7929885363903,500000,1414,7.350779182593355,8.965051922423282,17.372070961490657,24.453508251277135,41.82557921276779,88.06064910026586,5.6940972350501555,64.75856880698176,10.84829438852582,Low,38.1,3.345312929559689,1.191620835096086,1.119828724536236,13.97927432009405,9.321005852117798,0.4716868933176009,4.18658157465865
2013,16,Idaho,1612136,46783,22652,36.54069999609169,25.558676542807085,23.492877521924793,9.10977095578677,2.8286000248092997,2.469374958580364,39.8168643348989,18.036613499609015,8.198549210284655,26.235162709893668,69.35966517640941,30.640334823590585,159000,725,3.3986704572173654,7.506308404736156,14.42364750575382,21.140226825277985,35.563874331031805,92.43587791524655,7.218216150866001,62.50911096504643,15.575733569354183,Moderate,35.7,3.655088652570255,1.3041083382543408,1.12050099991564,16.76570831522872,9.390642699090039,3.5076692394053484,3.8673963767333333
2013,17,Illinois,12882135,56210,29856,32.01698115219212,20.48180580383788,22.80635553508671,13.779573238483502,5.303192004216229,5.612092266183553,37.56170388303477,19.765780956088,12.352087264281304,32.1178682203693,65.93663823443514,34.063361765564856,169600,885,3.017256715886853,8.026051403159702,13.589469459197714,24.16186631348833,37.75133577268604,90.27574719772522,9.485532386507108,65.92599081182945,14.673133132114359,Moderate,37.2,3.1737906798834197,1.4269218572853026,0.9615797381412321,12.836414873270282,8.616740089488774,2.464645906510227,1.7550288772712832
2013,18,Indiana,6570902,47529,24796,36.75463647661799,23.76929989052972,22.991960838858546,10.886309010384666,2.95061429437699,2.647179489232087,44.155313882193205,15.19342473681233,8.62398130998875,23.81740604680108,68.52479291705275,31.475207082947254,122200,730,2.5710618780113195,8.316261325703387,13.72907327928787,23.189318073438244,36.91839135272612,92.1010321767637,7.822962356443419,63.68791219016675,15.941340067117993,Moderate,37.3,3.3235467520288693,1.4438809161968935,1.0542540430522325,14.928393701713999,9.244327054208473,3.6276632678743113,2.0564033796312127
2013,19,Iowa,3090416,52229,27740,32.752309682262464,23.585251361218045,24.551188350837116,12.413273160120983,3.534677388693983,3.163300056867407,46.971151264237626,18.07320323980725,8.364180503546896,26.437383743354147,70.81019471626561,29.189805283734383,126900,679,2.4296846579486493,7.4496947459726695,11.4591502769872,20.70406571206079,32.16321598904799,95.06785558964907,4.820253109582902,67.70164800969629,12.672754682167486,Moderate,38,3.2177221448504016,1.4811598179662544,1.0206716506774494,14.930402618518585,8.79243917495051,3.6605881187502765,2.477375324817799
2013,20,Kansas,2893957,50972,27175,34.099498172356114,23.339250392151055,22.96142059693157,12.013694534307717,4.07451004687855,3.511626257374999,38.140452723577994,19.996208166327982,11.054957555495621,31.051165721823605,66.06068442143466,33.93931557856534,129700,745,2.54453425410029,8.031916019386653,13.287582805985313,19.963385468475522,33.25096827446083,93.14604445870157,5.823649324520836,66.74667046917943,13.989932148341836,Moderate,36,3.527799480089027,1.5721380794531499,0.9676715998199005,15.890081121060195,9.543239987544087,3.2036145966767653,3.1432265368393435
2013,21,Kentucky,4395295,43399,23668,40.97224298687342,23.112493206294708,20.69900558329713,9.930623590324474,2.5935977645704824,2.692036868639787,40.577109091690865,13.292353570307682,9.290732526806636,22.583086097114318,67.38347219754893,32.61652780245107,120900,668,2.785778474158391,7.012933320151353,12.732534625167396,20.337758284425192,33.07029290959259,91.06068625938015,8.317552530961862,59.57028134417672,18.765369539272424,High,38.5,3.183062797832682,1.4170607433630735,1.130868348995915,15.226482824900936,8.880724553563415,3.9705550004073475,2.3752032709301742
2013,22,Louisiana,4625470,44164,24695,41.11942893812975,20.730793467461428,19.86252342824606,11.078905811940984,3.620752608716031,3.587595745505741,39.267828741804294,14.937431074345636,7.607316440706392,22.544747515052027,65.9695431354588,34.03045686454119,140300,763,3.1767955801104972,7.197792200946443,13.035264590705275,25.279163131252158,38.314427721957436,91.40247049544392,7.943149890777714,60.5453498153394,19.75575468594028,High,36,3.3061288906857036,1.3674718461042878,1.0130213794490073,13.37250893107313,7.839906136172598,3.521163140935837,2.011439653964696
2013,23,Maine,1328302,46974,26630,38.08240488162926,23.128763561602817,22.380159434420452,10.119849694898171,3.2692089993171267,3.019613428132178,43.85719766615442,18.082271620882175,10.135623850845212,28.217895471727385,70.15644000394387,29.843559996056136,172800,760,3.6786307318942395,9.571793036359965,13.630551425827017,24.616241151674224,38.24679257750124,92.83257244766627,6.922135712760371,62.99413280493735,13.96160383111498,Moderate,44,2.437171667286506,1.3189771603144467,1.428440219167027,13.91704978061992,8.450674252690286,2.671018040620086,2.7953574873095484
2013,24,Maryland,5928814,72483,36177,23.234197476037156,18.028755412456977,23.680933348136634,17.890298286517893,8.29253173457681,8.873283742274527,34.95457860637057,20.279985995474657,17.140190325182193,37.42017632065685,66.471771955146,33.528228044854004,280200,1210,3.8657340341873265,8.7271462927013,15.391439802531275,24.323201885279943,39.714641687811216,91.78517588712705,7.381690756157741,68.58344479477697,10.116705501697517,Low,38.2,3.1711401302182862,1.3854035562593126,0.9880390917981235,12.525684143636232,7.173736041356188,2.5942372251103043,2.7577108771697394
2013,25,Massachusetts,6692824,66768,35879,28.23175773098121,17.281014508810202,21.999936127958566,16.4283621828625,7.802088142628634,8.256841306758885,35.473978754754555,22.52901594967854,17.763244617838577,40.29226056751712,61.53830686257773,38.46169313742227,327200,1077,4.9005511622334055,8.829619727896736,14.41007388940372,24.27350970567251,38.68358359507623,92.10919293931343,7.773380141459861,67.41185538413635,11.933856111564571,Low,39.4,2.791512222643237,1.5426373082573215,1.0935891934406163,12.624820638190428,7.718747389538881,2.8645321547631655,2.041541093888383
2013,26,Michigan,9895622,48273,25918,36.79855215936684,22.806020979703405,22.083379213279386,11.340165835783019,3.724207859900127,3.247673951967219,42.152921728832204,16.38797073719075,10.509059417226775,26.89703015441752,70.55397229877578,29.446027701224224,117500,768,2.4340728771777185,7.947123150989492,13.978355511564375,26.240286962709202,40.21864247427357,90.09433563528366,9.824451804912545,61.21551461705177,17.047766521437016,Moderate,39.6,2.9617541979675455,1.4561590974271248,1.115533717840071,14.70546991882948,9.247008460875376,3.985754838414267,1.4727066195398368
2013,27,Minnesota,5420380,60702,31358,28.273207814886547,21.059136188804096,25.155687340385686,15.307643467735621,5.330964728479957,4.8733604597080875,40.619667580792395,22.407340412136335,11.121768104497438,33.52910851663377,71.55343936708061,28.446560632919393,180100,832,2.9669533129056704,8.577672977875944,14.123279175662546,22.134336228596442,36.257615404258985,94.51117530789114,5.442877025665531,69.93276717860515,11.193935092703654,Low,37.7,3.263276744434892,1.3846630679029883,1.0311823156310074,13.84341398364155,7.323327183394755,4.562000403105218,1.9580863971415767
2013,28,Mississippi,2991207,37963,20156,46.428695822739094,22.64936269594373,18.431588576372913,8.067446255827212,2.517960553692844,1.9049460954242066,39.08906742121142,12.867998512729317,7.504606292729256,20.372604805458575,67.1952022086119,32.804797791388104,97500,708,2.5682901772778757,6.930408129622437,13.61773227792043,22.9985387020433,36.61627097996373,88.84006051419247,10.504319579073016,57.74016791566156,24.048748897631047,High,36.6,3.281752148881706,1.771425381125412,1.0398143625633398,14.18521960770127,8.122159837203162,3.744171760266171,2.3188880102319396
2013,29,Missouri,6044171,46931,25384,37.41510792249878,23.801099772182187,21.743841026081608,10.490961562145424,3.5434705417560894,3.005519175335918,41.501619728593234,16.94942014185813,10.007059056656033,26.956479198514167,66.97039553455082,33.02960446544919,133200,734,2.8382092859730244,7.899379965942332,14.321133820493797,22.43321404180457,36.75434786229837,91.92677895002826,7.42069143394496,63.66792758263403,15.885763014525315,Moderate,38.1,3.197080294386112,1.3481418709033877,1.0811739111947694,15.720702682939569,8.684364541216397,4.358889539174025,2.6774486025491475
2013,30,Montana,1015165,46972,26054,38.27038947741504,22.960559996849526,22.04249202536132,10.710136651833183,2.90532824006616,3.1110936084747767,40.681893700964494,19.66397211714398,9.325724169253116,28.98969628639709,66.87842121844602,33.12157878155397,190100,690,4.047091884526952,7.875513676998418,10.966121469283415,23.61390810662188,34.5800295759053,92.8043428931853,6.461457399879237,63.728654867560294,16.518928369891874,Moderate,39.6,3.021282254608857,1.4719774617919255,1.3532775460146873,16.97106617760687,9.374355068179575,3.6052374196545807,3.991473689772715
2013,31,Nebraska,1868516,51440,27093,32.93839543704377,24.28320551234021,23.65356792352367,12.24097599301376,3.4664286819084587,3.4174264521701283,41.16809632589647,19.598290992159367,9.762279379332591,29.360570371491956,66.03693782602565,33.96306217397434,132700,714,2.5797045101088645,7.513491075134911,13.354451551020244,20.462908107541704,33.81735965856195,94.98378710108253,4.588196301472388,69.87728661574685,13.187795534723351,Moderate,36.3,3.4570750263845746,1.5008702092997865,1.0204354685750616,15.603722394052852,9.189049867057356,3.9265288404145644,2.4881436865809325
2013,32,Nevada,2790136,51230,25918,33.625149740018415,24.09684700634668,22.938724539209694,12.229458063319207,3.8843134301710305,3.2255072209349764,39.75419727009254,15.072102703637814,7.465331542156376,22.537434245794184,54.30587958359059,45.69412041640941,165300,952,3.2266250243997656,8.00736058116285,16.243265897720228,22.420304027800817,38.663569925521045,88.60834106980083,10.90733150464995,64.6062428823235,15.763671451777803,Moderate,37.1,3.244608864944218,1.2513726929439999,1.0842123824788468,20.81926041710111,15.179492015021587,1.04904501217648,4.590723389903042
2013,33,New Hampshire,1323459,64230,33269,25.686668746605655,20.674786132199383,25.820516672251685,16.418807270542285,6.092295366743316,5.306925811657673,40.785426274757505,21.901579981137136,12.649150738507064,34.5507307196442,70.15075705927441,29.84924294072559,233300,995,3.632259068970886,9.286990857533663,13.90854952868231,22.10967088411585,36.018220412798165,93.81554010517486,6.030601479688393,68.06935563659367,8.702517442890583,Low,42.3,2.4795630238639808,1.4938128041745153,1.2757478697866727,13.430202490049414,7.697459453934391,2.3103362527822737,3.4224067833327485
2013,34,New Jersey,8899339,70165,35728,25.812125980632462,17.78174695754814,21.806822686286715,16.707833001011604,8.20039677104812,9.69107460347296,37.52251834120431,22.583910342295216,13.985448613001616,36.569358955296835,64.04703950299404,35.952960497005954,307700,1171,4.3853773248770755,8.237120768953234,14.877451581377263,27.9611635181572,42.838615099534465,90.78078770413065,9.059792934144518,65.85243656123903,11.449923804696933,Low,39.4,3.0385402781038007,1.3257164380410726,1.0126370059619034,9.134306237199244,5.3109046797367325,2.268290336346884,1.5551112211156268
2013,35,New Mexico,2085287,43872,23334,41.01567735933442,21.739280457912137,20.591315011008522,10.172964551092425,3.6445580465742187,2.836204574078277,35.528466507960516,14.996262426148038,11.392036985092293,26.38829941124033,67.90819461531214,32.091805384687866,159200,772,3.62873814733771,7.42760965039245,14.732397627928902,23.849735747309918,38.58213337523882,90.09805085839679,9.100709952239576,59.32674293654129,21.925323237192494,High,36.9,3.3923388003665687,1.653777153936125,1.0901616899736102,13.658178491995637,8.581635382817502,2.3184568155677874,2.758086293610346
2013,36,New York,19651127,57369,32514,32.50895232206308,18.990142611058385,20.947006907541336,14.02972785938247,6.187213928777027,7.336956371177707,36.102049956368845,19.299732996704,14.784567909974507,34.08430090667851,53.651586097153256,46.34841390284674,277600,1109,4.83885025013509,8.523614511049873,14.466968135928349,27.82137303698054,42.288341172908886,91.14014205258688,8.632174568665773,63.545811386270714,15.969736133734482,Moderate,38.2,3.0496469744457912,1.4086825656360573,0.9873072419714147,10.226578346161173,6.315787902750285,2.5106944983505004,1.4000959450603887
2013,37,North Carolina,9848060,45906,25377,38.67224842181462,23.400710050352895,20.752924832600574,10.031137890288171,3.5881228908736706,3.554855914070068,37.2264624069938,18.444940782051457,9.949665885620064,28.394606667671525,64.26426754101153,35.73573245898847,154300,778,3.361216398727835,8.24493972502966,15.116964050990383,21.786718877419172,36.90368292840955,88.68926448982833,9.476383873164941,62.878993904343986,17.890565739809144,Moderate,37.9,3.1208786299027422,1.4615162783329914,1.0708098853987487,14.914435270732893,8.40154394951817,3.6792499818996203,2.8336413393151023
2013,38,North Dakota,723393,55759,30855,31.521498635592593,21.394712669880455,24.952899449543743,13.429188261403027,4.518635726689418,4.18306525689076,43.812618235841086,19.980120346718255,7.154110064876072,27.13423041159433,64.8308067771155,35.1691932228845,155400,690,2.78699402786994,7.60563917299755,12.51274914449666,18.437884261598146,30.95063340609481,96.09752257626485,2.5581103586372818,70.32928439078148,11.801506447302273,Low,35.5,3.3608287611298424,1.6157192563378415,0.9926830920398733,16.487316802927797,7.679727589660942,3.3644187777348753,5.443170435531978
2013,39,Ohio,11570808,48081,26354,37.04831266587728,22.659819989944673,21.92575927023306,11.369726019744805,3.692911652239063,3.303470401961117,45.234517672326874,16.395084644266543,9.748407931375455,26.143492575641996,66.06710780120247,33.93289219879752,127000,709,2.6413760113142404,7.798444107298493,13.60599115529875,23.16937280092966,36.77536395622841,91.74866107678986,8.115426443847062,63.176923753933956,15.974588472162205,Moderate,39.3,3.0646606529120524,1.4279383081976644,1.104529605884049,14.373361010308672,9.42982849127587,3.319794681506589,1.6237378375262128
2013,40,Oklahoma,3850568,45690,24284,38.380766086934294,23.703548111384347,21.744282538864365,10.29906507185563,3.018841590103346,2.853496600858025,41.402277416109,16.076845338622114,7.720321715646553,23.79716705426867,65.53963063048745,34.46036936951254,116500,705,2.549792077040928,7.840805875641871,12.606644383713258,19.91350150480113,32.520145888514385,92.86514468392399,6.159946123866424,61.6099979171006,16.78370167971949,Moderate,36.2,3.464657681671899,1.51432204287783,1.0102665373004711,17.22471084600085,9.910901452339735,4.439828163516656,2.8739812301444605
2013,41,Oregon,3930065,50251,27048,35.272631101608546,22.301432144265746,23.070956208791316,12.087355353297909,3.731069517698857,3.5365556743376256,36.470204061104056,19.268591512782894,11.467606099459218,30.736197612242112,60.83020135857813,39.16979864142186,229700,887,4.571053312371893,7.900226012743166,16.39823813935721,25.92662711583279,42.32486525519,90.69806186765112,9.195779456112023,62.12568014765629,16.6664806581897,Moderate,39.1,3.0140722863362313,1.3582218105807409,1.2263410401609134,18.396946054437304,10.732428445333284,3.9651089342773136,3.699408674826707
2013,42,Pennsylvania,12773801,52007,28647,34.08765201277857,21.963054886377396,22.39468998524771,12.612358151440384,4.5352866451476785,4.406958319008264,45.62707801001417,17.483696596064934,11.203188372565558,28.686884968630494,68.94600289052569,31.053997109474306,164200,828,3.157267290941604,8.080723780810628,13.209743082849327,24.792074714876993,38.00181779772632,91.67636339584763,8.254769412800785,62.94410451589438,13.683882208868658,Moderate,40.6,2.8541152316370044,1.4609981790071727,1.134008585228469,11.5894917620509,7.248566061945681,2.5664874374312325,1.7744382626739854
2013,72,Puerto Rico,3615086,19183,11208,72.17087158707496,15.942537628919428,7.85943893626016,2.5957772655122078,0.758640493263885,0.6727340889693625,35.7866119967668,17.244721434191355,6.957505900924044,24.2022273351154,69.02368209046894,30.976317909531065,119900,448,6.250325809310326,5.170890981519105,8.972645597880247,17.849243073848903,26.82188867172915,81.83951196621304,18.07454603964084,44.80589712380663,45.420190343457456,High,38.6,2.8870959086450503,1.6464061989120038,1.0127283279014663,NA,NA,NA,NA
2013,44,Rhode Island,1051511,55902,30748,32.608535162882724,19.85353105328694,22.843446548185625,13.65271700880487,6.301216145051505,4.740554081788339,36.33624832628661,19.806488174277316,12.57257387951486,32.379062053792175,60.39112524177712,39.60887475822288,232300,918,4.155486386891345,8.797380666886188,15.656976708064887,24.79792739675814,40.45490410482302,90.34997598100922,9.166137781346537,65.8028045523503,14.28988343208086,Moderate,39.9,2.650186255778589,1.593326175380001,1.16965015106832,12.31880159771601,7.2934698449354745,1.7488227507382423,3.2765090020422947
2013,45,South Carolina,4774839,44163,23687,40.61139093331491,22.420750210725526,21.10525468401199,10.161176475176172,3.1050886662815205,2.5963390304898804,39.706691475846064,16.566879745505837,9.522210717965647,26.089090463471486,68.16832860814189,31.831671391858112,139200,766,3.15195978534067,8.116385911179174,14.49975935243929,22.590592868081384,37.09035222052067,89.52420535961683,9.343144898278803,60.9583928484315,18.57549579526409,High,38.6,3.1318333455850556,1.5737912838527122,1.1477664482509253,14.894477441648332,8.326014351559397,3.0509668046575413,3.5174962854313923
2013,46,South Dakota,844877,48947,25860,34.14452363566139,25.959095490123897,23.65436956482381,10.040554486038273,2.5325431645775875,3.6689136587750375,44.56066603867075,18.919738129334487,7.635050884004073,26.55478901333856,67.23143214063715,32.76856785936283,138400,637,2.827548164341022,8.932106780113632,11.711189075204656,15.785887271287422,27.49707634649208,95.32204588656558,4.003138676451085,68.87438592004287,14.165283314254726,Moderate,36.6,3.5960264038433998,1.5206947283450727,1.1082086504899529,16.663204047541562,8.651103694834774,4.404331436298416,3.6077689164083715
2013,47,Tennessee,6495978,44297,24678,39.80509579564132,23.39404613755492,20.981195053185445,9.631085084262658,3.115592055252306,3.072985874103353,39.53558724358043,15.594268695788477,9.173793802566799,24.768062498355274,66.37794051920109,33.62205948079891,140300,748,3.167257376346028,8.453515161721446,13.920429776190083,22.243402092268592,36.16383186845867,90.76573908989536,8.692204953096159,61.42436306117611,17.785627977860543,High,38.5,3.159508853016436,1.3673691628881748,1.078113257156967,15.04626881807869,9.165793508438556,2.97475116158864,2.905724148051494
2013,48,Texas,26448193,51704,26327,34.17163025240337,21.953652418714253,21.216158355315358,12.702422045444042,4.90431576494539,5.0518211631775864,33.28844015973461,18.261867703160004,9.27948855368013,27.541356256840132,61.84181656755959,38.15818343244041,132000,857,2.552993965650627,8.381992880269326,14.582762842093395,21.198601136303495,35.78136397839688,92.31001630698317,7.011284163267371,64.8595483180095,17.535026882358284,Moderate,34,3.7159287214820305,1.4927031120802847,0.8517973231668416,16.266884764718714,10.040479774315129,4.125639596418938,2.1007653939846476
2013,49,Utah,2900872,59770,24250,27.035770866338698,23.128380444147975,26.979849356569108,14.3714944828928,4.3864476500180665,4.098057200033352,37.41622761305493,20.862774020637566,10.475806205397472,31.338580226035035,69.21504210789628,30.784957892103726,211400,881,3.536891417098879,8.496477105701276,14.587057561673223,20.480457055358738,35.06751461703196,94.18267061337662,5.52572503767443,67.22015606951302,12.66596460146578,Moderate,30.2,4.4812042723705146,1.529367721154191,0.746844397133,16.653325939592957,10.182939025812818,3.042001046006417,3.428385867773719
2013,50,Vermont,626630,52578,29136,33.764818310337475,22.075234763104483,23.952549815585584,11.86017675351651,4.525063775006516,3.822156582449434,39.62776323210462,21.41966279512305,14.3039245805573,35.723587375680346,70.99797025675856,29.00202974324143,218300,865,4.151926661341245,9.79262829677437,14.59090723418161,25.941206105415084,40.53211333959669,94.17863955340111,5.773818898786087,66.09349066115081,12.291009031795506,Moderate,42.5,2.5716930245918643,1.630467740133731,1.354068589119576,12.37235535753377,6.678245361010599,1.9629589090487658,3.731151087474407
2013,51,Virginia,8260405,62666,33145,27.402242836148087,20.293350847207485,22.45876205837762,15.15817299401184,6.9000148239629855,7.78745644029199,34.083845570687316,21.080053599711142,15.069092703332934,36.14914630304408,65.61786310446509,34.38213689553491,239300,1086,3.818657645294099,8.315352760283666,14.817292948982127,22.507521383953684,37.32481433293581,91.19560229611713,6.461249249122853,66.21793831863499,11.71871723068995,Low,37.6,3.1321708802413437,1.484660861059476,1.061134411690468,15.050925662790629,6.703754588625892,5.084567419727221,3.2626036544375174
2013,53,Washington,6971406,58405,30672,29.680018241240404,21.28186308708793,23.359488942760546,14.706584127322648,5.753666871237791,5.218378730350678,36.316324501116,20.91906596199319,11.814337294713418,32.73340325670661,61.939598957405714,38.06040104259428,250800,989,4.294152897868333,8.78474440378767,16.321139281630238,22.8711741042732,39.19231338590344,90.81590958878454,7.808788423233959,64.06709280544445,14.149282166189654,Moderate,37.4,3.2132542560281236,1.2673770542125935,1.0802842353464996,16.48506101137075,10.644109240955139,2.8183281479184594,3.022623622497152
2013,54,West Virginia,1854304,41253,23159,43.1811689656713,23.21225257326512,19.891884281252494,9.030762753281987,2.549911798909637,2.1340196276194643,46.61463263847298,11.339193601360098,7.590502501883657,18.929696103243753,72.32976783415216,27.670232165847835,103200,620,2.5016362446367535,6.320852108989319,10.20466076609569,21.85168332623895,32.05634409233464,91.38004751747894,8.493749362303772,54.42330308112435,18.48152609235786,High,41.7,2.8595634804217647,1.4824430082661744,1.3494011769375465,11.62415261638109,6.36135555261736,2.43576371035273,2.8270333534109997
2013,55,Wisconsin,5742713,51467,27448,33.798938073506704,23.175479946047563,23.976554801557075,12.447322994779473,3.595445841399409,3.0062583427097818,45.28353248054864,18.350028394363814,9.351708856077051,27.701737250440868,67.1752370902026,32.8247629097974,163000,758,3.1670779334330734,7.952516174361077,14.067768643429524,22.289347410106213,36.35711605353574,93.44390677955353,6.482267736735073,67.06191542285845,13.508392427443553,Moderate,39,3.0705347803381433,1.416630084073503,1.101796311255673,13.895980724601761,8.742913249442354,3.377929753509226,1.7751377216501816
2013,56,Wyoming,582658,58752,28889,29.67772753043486,21.16802007115976,25.887599719646616,15.162743356115765,4.64413423034513,3.459775092297871,42.97342634027412,17.77090702605271,8.79832462478576,26.56923165083847,69.0611286455985,30.938871354401503,195500,780,3.3275462962962963,7.396398476278425,14.377236523144408,15.632575320327833,30.00981184347224,94.1538206372141,5.031560884278885,68.36286803906562,10.89728389076544,Low,36.6,3.392212927652242,1.1716993502191682,1.4082017238242674,18.142561721589143,9.87805873252618,3.4750569944767884,4.789445994586176
2014,01,Alabama,4849377,42830,23606,41.908422527056835,22.118305446886488,19.76442754982167,10.269077463438585,3.376082232566829,2.563684780229598,39.98841181712165,14.678917674773073,8.792433966701937,23.47135164147501,67.67697669530534,32.323023304694665,125600,717,2.9325239318234884,7.468532455552252,13.846895756775332,23.38419557177591,37.231091328551244,90.911826164122715,8.517401004628239,57.73091391088639,19.25257675806216,High,38.6,3.102893423217044,1.4327819841600271,0.9968909408363178,14.5479974565577,9.048419102862708,3.247479982495574,2.2520983711994185
2014,02,Alaska,736732,71583,33062,22.285998101410325,18.90338421607072,24.88714606723571,19.51982504135641,8.006520894500097,6.397125679426738,39.144661173086476,18.410014855454918,9.594775007578217,28.004789863033135,62.487633131591494,37.512366868408506,254500,1183,3.555313412402386,10.073355898903397,17.042700180453377,19.72067098758182,36.76337116803519,88.37600495363488,7.311123868447902,69.99320946603943,11.233721087383294,Low,33.3,3.6330714561061552,1.6070972891092012,0.9702306944723454,18.642978684677182,10.917863338141162,2.5070118007848805,5.218103545751139
2014,04,Arizona,6731484,50068,25715,35.222499869273946,23.118749081314903,21.780731843591518,11.806024762603535,4.042337950124818,4.029656493091282,36.52273351267497,17.262060138505117,10.290458601523007,27.552518740028127,61.13685144949466,38.86314855050534,176700,916,3.529200287608852,8.068876961836494,14.864718832570883,22.669051135412538,37.533769967983424,91.57368354977484,7.890507528254314,59.170689781945605,18.241194127394948,Moderate,36.9,3.286080751287532,1.4246189993172382,1.0625888734192936,17.61673695167322,12.067458573137197,1.7950488006248981,3.754229577911125
2014,05,Arkansas,2966369,41262,22883,42.35384800333779,24.255715609111032,19.378001004165164,8.919921363967443,2.6171938533777426,2.4753201660408313,41.83835311067692,13.839111081307081,7.546532385971651,21.385643467278733,65.79385620637716,34.20614379362284,112500,683,2.726479569579759,8.209680336977026,13.981187172132206,19.604878931183293,33.5860661033155,92.98569413661092,6.739105746157932,58.240162018022204,18.866082801222124,High,37.8,3.3042753615615585,1.4505275641702027,1.0476107321779589,15.619542407466353,9.46173190275536,3.60790045317102,2.549910051539973
2014,06,California,38802500,61933,30441,29.284881909117644,19.057089748067348,21.538308761241787,14.949029082078289,7.048082210591593,8.122608288903338,32.0980676449773,19.958305612175927,11.758297597922406,31.71660321009833,53.733655791742194,46.266344208257806,412700,1268,6.663652656903428,8.92416685866074,16.831504872131948,28.049131283288386,44.88063615542033,90.88742160975912,8.443352215404323,63.204519059931364,16.445245677456267,Moderate,36,3.301521809161781,1.4317737259197216,0.8984859222988208,13.492457705886887,9.308171208986131,2.843744878107968,1.3405416187927885
2014,08,Colorado,5355866,61303,32357,27.663620959486014,21.145846816422107,23.91012516228736,15.069729632200952,6.2966024577464514,5.914074971857117,32.46821071942994,24.052640521048758,14.285375522079596,38.338016043128356,63.862429348614825,36.13757065138518,255200,1020,4.1629284048089,9.155169396208445,15.90008398242203,23.09353796643145,38.99362194885349,93.55968321276521,5.394561211414128,68.07194021561018,12.044453957678119,Moderate,36.3,3.231372853615083,1.36338362460898,1.0463293891221326,18.822019806408946,9.5245264257662,5.165828192710046,4.1316651879326995
2014,09,Connecticut,3596677,70048,39373,25.936022339298002,17.480603945812746,22.458414373031168,16.159039162364834,7.94576259185421,10.020157587639039,37.12534660723403,21.339435184952936,16.693866619629762,38.0333018045827,66.3835163595087,33.61648364049131,267200,1076,3.814527181361352,8.78080995572406,14.251016942458827,26.69940190180307,40.9504188442619,91.67930251155575,7.852606330953292,67.20953534218607,10.751918807193766,Low,40.5,2.6689636016801064,1.4638512159974333,1.035566996980824,11.715733587343333,7.67312509571035,1.7175740359070109,2.3250344557259726
2014,10,Delaware,935614,59716,30488,28.189556331363313,22.007016580746434,23.49496630382881,14.867202488684548,6.239724597776082,5.2015336976008095,41.673446887058965,18.260682165651847,12.329329749837196,30.59001191548904,70.28246455254286,29.717535447457134,230500,1024,3.859937035300422,8.911338817530186,14.455188338865637,22.911435031510077,37.36662337037572,92.73868211106088,6.694976717785931,63.06929222805896,12.47874091232406,Moderate,39.6,3.1267167870510706,1.5124827118875945,1.2029533546954192,11.831266152664988,7.341717400002162,1.0112784800545,3.478270272608324
2014,11,District of Columbia,658893,71648,45877,29.512794814296733,14.266452278118669,19.531469691179545,14.714577219534352,8.507884547440677,13.46682144943002,22.4204520186265,24.331460176895625,30.648235901133607,54.979696078029235,40.55548745754891,59.4445125424511,486900,1360,6.795723537293434,6.954501898281237,14.273498053200392,24.29072207464551,38.56422012784591,90.33313729334117,8.781023328759067,68.91678645929032,17.72564697666447,Moderate,33.8,3.3512269822262493,1.5186077253818147,0.6089000793755587,19.044506048542523,10.374260313975325,0,8.670245734567198
2014,12,Florida,19893297,47463,26582,37.08345990186197,23.534008929529097,20.682907831091672,10.910616554535821,3.755598695750545,4.033408087230893,41.42570903504231,17.43913410225169,9.841334028810651,27.280468131062342,64.05283209193828,35.94716790806171,162700,1003,3.427933337547142,8.769524243373288,17.125226584669115,27.7358236293407,44.861050214009815,91.43896483077299,8.001130461113874,58.6013121149123,16.495019827726562,Moderate,41.6,2.7456836340401494,1.2701112339498073,1.1387252701249069,15.155232259197593,9.266912022868798,3.111915135332609,2.7764051009961865
2014,13,Georgia,10097343,49321,25615,36.07426966978033,22.452802366871165,21.414731788329604,11.305912913123016,4.368169552178231,4.384113709717657,36.3094412633766,18.24298309958871,10.809350636396038,29.052333735984746,62.23107822922849,37.76892177077152,147900,882,2.9987226536363822,8.441453967916585,15.164933784414098,23.90122866370276,39.066162448116856,90.8249699846751,8.203334710730356,62.395081162019395,18.302064392414426,Moderate,36.1,3.297481327513584,1.5876750943292706,0.9046538282397657,15.167589469664852,7.6800117791407105,4.738426146723521,2.7491515438006204
2014,15,Hawaii,1419561,69592,29736,23.553749259598597,18.984890265302184,25.926805081982124,17.86502621076427,7.5282461748700555,6.141283007482768,42.44889624927918,20.553855688466694,10.468445062826676,31.02230075129337,56.653185999924574,43.346814000075426,528000,1448,7.587078974594781,8.725447045456871,16.503577387227857,27.361126749030163,43.86470413625802,89.56512006429679,5.108817750663802,64.82567567449435,11.358787190064676,Low,38.1,3.256217943434625,1.2348183699044988,1.3041355743078318,13.570125424338544,8.911180838884114,0.5087779906409975,4.150166594813434
2014,16,Idaho,1634464,47861,23938,36.37317926188371,24.30614601064594,22.809662822205357,10.402527438905858,2.9047291438114766,3.203755322547656,41.58868266435003,16.753652196292933,8.267755333225537,25.02140752951847,68.01941219127534,31.98058780872467,165300,755,3.4537514886859864,7.508205906138176,14.653819115929236,19.764473315608928,34.41829243153817,93.96298719264811,5.5036963677595026,61.87067393952774,14.845207640527658,Moderate,35.9,3.410353485913425,1.445244434872839,1.0677506509779353,16.842935325727122,9.21814827397233,3.6179503901881382,4.006836661566655
2014,17,Illinois,12880580,57444,30417,30.960219142443634,20.594369189139012,22.683728028185275,14.14468673237336,5.814155959836738,5.802840948021979,37.31600462827275,20.10657158242386,12.690998435480832,32.79757001790469,65.49411713677398,34.50588286322602,171900,905,2.992479632337581,8.144812316989784,14.121131964104189,24.046160778155485,38.167292742259676,91.70070311899437,8.037050885634384,65.41824139374869,14.353776787628995,Moderate,37.5,3.126683736291378,1.4105731263654278,0.9506248942206018,12.886185816631718,8.568141002588646,2.672069878523568,1.645974935519504
2014,18,Indiana,6596855,49446,25140,35.07097623843317,24.4058609387555,23.165819528124988,11.240245187372714,3.260747525011597,2.85635058230203,44.22438748527487,15.724296762820188,8.927388878808616,24.651685641628802,68.57850538949528,31.42149461050473,124300,753,2.5138534967439226,8.121587287861871,14.74978318866528,22.506161002444056,37.255944191109336,92.88810714986322,7.057765512792585,64.01425875817141,15.242495454872596,Moderate,37.4,3.2413021053213997,1.501230510599369,1.0512433576302649,14.58467774299087,8.854342750761528,3.5842006230336447,2.1461343691956993
2014,19,Iowa,3107126,53712,28361,31.898932798269147,23.230586940814565,24.738878314515603,12.738436902674326,4.052692330308159,3.3404727134181953,46.193789407650236,18.61330641759917,9.040574305751493,27.65388072335066,70.87382629155252,29.126173708447478,133100,711,2.4780309800417037,7.840583197130475,12.393492130655185,19.955861977416596,32.34935410807178,95.47234423939169,4.413107399872032,67.75216428427623,12.240715614753048,Moderate,38.2,3.2044081894329355,1.531833597993773,1.0276377591381876,14.952123165503645,8.70244912434417,3.6682755995034997,2.5813984416559754
2014,20,Kansas,2904021,52504,27870,33.051979662483774,22.709595413241022,23.726651521707776,12.382716717149863,4.128533823741526,4.000522861676043,38.663825702716046,20.265094038280733,11.25642498808145,31.52151902636218,66.6349343718448,33.3650656281552,132100,773,2.5159987810452535,8.625497146809614,12.38084687878264,21.010937229811518,33.39178410859416,93.72657010078335,5.145576321042338,65.99969996455334,13.56446427362569,Moderate,36.2,3.480691083156768,1.5639349715446271,1.0311908901485216,16.49021971796396,9.66310423835478,3.461890528936183,3.365224950672996
2014,21,Kentucky,4413457,42958,23684,41.253225582240226,22.986529945201607,20.157012407029054,10.072168934649618,2.9812615428825753,2.549801587996921,40.97822141621964,13.04143562526182,9.191822136903681,22.233257762165504,66.07096339336508,33.92903660663492,123800,678,2.8818846315005353,7.717547172734582,13.188052270884512,22.25351482276548,35.441567093649994,91.72299779926745,7.593920176135452,59.33155911501101,19.122183657559518,High,38.5,3.2351510391967113,1.3626053227662578,1.0984133299588055,15.61340661463911,9.14094871769571,4.063569413966023,2.408888482977379
2014,22,Louisiana,4649676,44555,24800,40.77676909592281,21.033829707239114,19.183863987419347,11.494802100344897,3.9431519374412902,3.56758317163254,39.418163497880215,15.155416037178568,7.767403930096763,22.92281996727533,64.41560149785181,35.58439850214818,143600,801,3.222982830209853,7.323739100994588,14.136200154070352,23.894970469849152,38.0311706239195,91.95905546687348,7.4095879618005345,60.026987075964264,19.841076457472294,High,36.1,3.3312643719691435,1.4243358031828455,1.0367819177078144,13.26908319464113,7.852500432676138,3.2871848403343416,2.12939792163065
2014,23,Maine,1330089,49462,27978,36.46308660139931,22.7165671530497,22.73457235819082,11.233429300470501,3.5532090186071974,3.299135568282467,43.32561676118686,19.3755100807061,9.994819716762542,29.370329797468646,71.31861756398668,28.68138243601332,174800,776,3.534026121062634,8.852138844149092,12.951008864820993,24.84242431928574,37.79343318410673,93.91214207254303,5.845741101775332,63.10145485028723,14.125945028203049,Moderate,44.1,2.37435239296017,1.2655544102687866,1.2893874018956626,13.180858475544877,7.293657286750989,2.922426341681099,2.964774847112788
2014,24,Maryland,5976407,73971,36338,22.453702207128533,18.013676678805858,23.43465848479615,17.967450464986758,9.094003153172707,9.036509011109993,35.03899884144311,20.707696859294288,17.533886004598294,38.24158286389258,65.88727084312734,34.11272915687265,288500,1242,3.900177096429682,9.297946364510146,15.784293817433564,23.724837211820926,39.50913102925449,92.13922764071283,7.116470554567618,68.05570011201759,10.107624580211356,Low,38.3,3.124954508620313,1.3700204822061148,0.998108060578873,13.066440430806761,7.59316792514593,2.820916441318946,2.6523560643418844
2014,25,Massachusetts,6745408,69160,37288,27.539720146736247,16.751734569315303,21.34438143893155,16.962652235719418,8.141649433421094,9.259862175876385,34.6416933316804,23.160973463324964,18.02047159743646,41.181445060761426,61.59768661329852,38.40231338670148,338900,1107,4.900231347599768,10.38269506559728,14.069299001842689,23.324623801332784,37.39392280317547,93.17724928237526,6.7061803248936585,67.47552536988655,11.632460130095648,Low,39.4,2.7806027448599107,1.5267275159634526,1.0187671375845613,12.271811427485058,7.364297360247865,2.7108991930524273,2.196614874184764
2014,26,Michigan,9909877,49847,26613,35.6162640230701,22.78560799713345,22.202701004075028,11.84032437501532,3.989439244098562,3.5656633566075393,42.33135868812706,16.54603492988949,10.80718955471314,27.353224484602634,70.23685029940745,29.763149700592557,125700,788,2.5217164523441733,7.886251522400091,14.434017646698036,25.654829184519272,40.0888468312173,91.6700620190218,8.2600730675705,60.97618015956634,16.19571071398597,Moderate,39.6,2.953174898134457,1.40944231699344,1.0784493087048406,14.409301099599322,8.964154427997137,3.9139480049274886,1.5311986666746975
2014,27,Minnesota,5457173,61481,32638,27.4428598601819,21.112251343817732,24.552706539325893,15.445367850290836,5.752126977566639,5.694687428816994,40.231629891005866,22.711372350196033,11.556988637152653,34.268360987348686,71.68934738246145,28.31065261753855,188300,859,3.0627348286462484,8.74767124151237,13.531766505360915,23.1845637528223,36.71633025818321,95.2182411073106,4.693172714792396,69.66923918644304,11.464567059074154,Low,37.8,3.243217687986069,1.323322533480247,1.013070320475455,13.790766912172003,7.151036940187576,4.656839396875039,1.9828905751093875
2014,28,Mississippi,2994079,39680,21036,44.91628666308336,22.367389624054248,19.146248983640607,8.992875674264914,2.491825778433196,2.085373276523672,38.441080427126536,13.03371592907198,8.033126400131234,21.066842329203215,67.66640232957329,32.3335976704267,104000,711,2.620967741935484,7.579328232468482,13.845150838651046,22.115664133168135,35.960814971819175,89.5338422731162,9.699858874776366,57.713693494246655,21.520271320372856,High,36.7,3.4246591355805913,1.7334879941377632,0.9816040258122781,13.360672532118317,7.0495642160114516,3.8115968783409033,2.499511437765962
2014,29,Missouri,6063589,48363,26126,36.698645197975715,23.138776860458744,22.171776989131605,11.044292764296381,3.7152907093526486,3.2312174787849033,41.22838023365083,17.08876175655857,10.401428386758429,27.490190143316994,66.91098938385235,33.08901061614763,138500,754,2.8637594855571407,8.025714113372597,13.80214917419913,21.784099499090715,35.586248673289845,92.64195968740785,6.743012920990477,62.73368350601333,15.456384773531646,Moderate,38.5,3.1594654584933117,1.3464467990821938,1.052413018098687,15.517502350974894,8.855803257404006,4.103037367775915,2.5586617257949715
2014,30,Montana,1023579,46328,25989,37.7772154116439,23.694891498484044,21.49517473635032,10.764255575941329,3.0808201244883953,3.1876426530920132,40.55601063447582,19.458360278795716,9.835165624775454,29.293525903571172,66.39445982840263,33.605540171597376,196800,711,4.247970989466413,6.749887767367095,14.630066760314541,19.75439155431335,34.3844583146279,94.42738997961101,4.905576810000534,63.648669338278,15.426994484704675,Moderate,39.6,3.008756529784218,1.4677909570243235,1.2284347373285307,16.20964483203892,8.863341991307776,3.6353612884804813,3.7109415522506612
2014,31,Nebraska,1881503,52686,27446,32.14771216242668,23.879637941857403,23.844269100186967,12.931631489068732,3.994114192760187,3.202635113700026,41.71385505523389,20.227712723350432,9.311660560414339,29.539373283764768,65.93697056421402,34.06302943578598,133800,742,2.5395740804008655,7.863605559452615,11.921038969273997,18.97260301117201,30.893641980446006,95.4290837067885,4.156898816578979,70.32270416448716,12.434078488240111,Moderate,36.2,3.624655395181405,1.504329251667417,0.9487627710399611,16.408279597015344,9.986870444270533,3.607932925001994,2.8134762277428162
2014,32,Nevada,2839099,51450,25773,33.43178149402997,23.528000947608415,24.173412339858583,11.832281142103083,3.823913211599588,3.210610864800361,39.5833398451134,15.184064580188144,7.917803623466997,23.10186820365514,53.63630045060347,46.363699549396536,192100,955,3.7337220602526724,8.55000063342722,16.237695676225787,22.082962074600836,38.32065775082662,90.61493392012089,8.871161851924978,63.664317910068554,15.236178076870344,Moderate,37.4,3.1587486029898924,1.2499035785648898,1.1657923869509306,19.84562588866676,14.377140372821318,0.8219387991461671,4.646546716699273
2014,33,New Hampshire,1326813,66532,34691,25.255696903931845,19.834691663011107,24.479371089511233,16.917553621314614,7.2405128560324465,6.272173866198755,40.24335770060045,21.66027419618084,13.347628701261888,35.007902897442726,70.22448995297793,29.775510047022063,236400,994,3.553177418385138,9.278237270612562,15.48785215818041,22.169165158955803,37.65701731713621,94.72527738356341,5.088456328215714,67.99228423687137,9.16369968559321,Low,42.5,2.465532068196498,1.5005128831267103,1.2394361526454745,13.287164333496865,7.559318037475232,2.5794551753775474,3.148391120644084
2014,34,New Jersey,8938175,71919,36593,25.060347234481554,17.32378795333982,21.580740718482655,17.06433866567507,8.597821990682487,10.372963437338411,37.20067996849181,23.10686918635344,14.283695426727228,37.39056461308066,63.26011536087521,36.739884639124796,313200,1202,4.354899261669378,8.804275410595833,15.211001702190014,25.996053781707335,41.20705548389735,92.30419572590971,7.516749065436155,66.05964589540285,11.103462057696053,Low,39.4,3.035395928139693,1.2986431793962414,0.9911419277425202,9.21872288709062,5.525541647351812,2.2349690837892546,1.4582121559495522
2014,35,New Mexico,2085572,44803,23683,40.16961136314652,21.808057656824143,21.04200726492806,10.27734993087279,3.664662065195107,3.0383117190333757,35.711977243048956,15.06359630286893,11.35423657504393,26.41783287791286,66.91290497242797,33.08709502757203,158400,777,3.5354775349864966,8.48370504240065,14.443230790618236,22.86338450539193,37.30661529601017,90.38319865017198,8.6090799285409485,59.03299118982499,21.322301120739173,High,37.2,3.337213963363528,1.5325292054170272,1.0587503092676733,13.657630440702285,7.78782917489609,2.524622740923284,3.3451785248829116
2014,36,New York,19746227,58878,33095,31.86326811580471,18.773266717913522,21.24949776158897,14.179463962282753,6.372447647052523,7.5620557953575185,35.9161769185114,19.58069404056778,14.895788741952131,34.47648278251991,52.97576430181377,47.02423569818623,279100,1148,4.740310472502463,8.797012812411301,14.602983449808029,27.989728111497996,42.59271156130603,92.54692963779667,7.234469707163176,63.16454266775896,15.929137358644896,Moderate,38.2,3.049154656228757,1.3924634817578063,0.9564561371648366,9.993921617023979,6.255439563872181,2.4143931192909545,1.3240889338608435
2014,37,North Carolina,9943964,46556,25774,37.96088766481473,23.293814732154637,20.906342498061004,10.585577029615207,3.695305781112325,3.5580722942421024,37.86835570495488,18.61105861553479,10.09776886211923,28.70882747765402,64.24764286581087,35.752357134189126,155000,803,3.3293238250708823,8.618425130383194,14.58993120017473,23.111251472068332,37.701182672243064,90.17181577071432,8.203870358371475,62.39689789268039,17.21751411554971,Moderate,38.3,3.106336668153666,1.4616605611202937,1.0598087442794442,14.782735254703141,8.385478580884428,3.483011654010231,2.9142450198084813
2014,38,North Dakota,739482,59029,33071,29.451823816181065,21.15305911973572,25.031840251971804,14.254283291479908,4.9199328162498235,5.189060704381677,44.47989975984129,19.81267620340399,7.610525216664926,27.423201420068917,63.844861850958154,36.155138149041846,161800,728,2.7410255975876265,7.610319752963443,11.198145414700848,17.610410308886255,28.808555723587105,95.74196576558077,2.965320660437782,69.41525241092353,11.545046789830298,Low,35.1,3.422936596157851,1.796933529146078,1.0377534544451386,17.00882618095726,8.377199352216957,3.2801552048709777,5.351471623869326
2014,39,Ohio,11594163,49308,26937,36.19681562110019,22.7489194830936,21.90965197906806,11.730477325908979,3.968238071641994,3.4458975191871763,45.25606239166346,16.567020385722614,10.060133936412022,26.627154322134633,65.33062554591903,34.66937445408097,129100,735,2.6182363916605826,7.875038306380714,13.783954524674332,22.6476114401692,36.43156596484353,92.69171001060982,7.1677915181335425,63.33298785648892,15.8364329476341,Moderate,39.4,3.067267555234474,1.3901219087570185,1.079422464562556,14.66105521631213,9.542428270796469,3.4025879530821532,1.7160389924335087
2014,40,Oklahoma,3878051,47529,25229,37.391103599977804,23.128132794522934,22.013770766270323,10.713891813648692,3.414673244008086,3.3384277815721632,41.21906726985614,16.040215266701846,8.125626263644396,24.165841530346242,65.13520382474093,34.864796175259066,119800,737,2.5205663910454668,7.0925567156964835,13.128018516844747,19.63701168306015,32.7650301999049,93.43496682225157,5.616236237841958,61.32654920659654,16.59362093588086,Moderate,36.2,3.4941520882525787,1.5190878098302472,0.9981818186506572,17.283648369289168,10.005309242471432,4.369072826502736,2.9092663003150014
2014,41,Oregon,3970239,51075,27646,34.20470449251096,22.87179968101824,22.705731186556136,12.155432295828556,4.2312949890948355,3.83103735499127,36.27195474847259,19.22359905888589,11.583071740839044,30.806670799724934,60.72193556412165,39.27806443587835,239800,924,4.695056289769946,9.162536746479551,16.700850080995625,26.06218673263485,42.76303681363048,92.05036914623983,7.794752462915764,61.522096394579094,16.55205183030583,Moderate,39.3,2.9027723519919078,1.3035991032277907,1.167889389026706,18.026725514701784,10.521080579053667,4.017534243227287,3.488110692420829
2014,42,Pennsylvania,12787209,53234,29220,33.07194217840295,21.75893838460873,22.794629650147634,12.99113703029455,4.815049498864935,4.5683032576812,45.71796725652778,17.543105126898308,11.441702746345046,28.984807873243355,68.82699699876991,31.173003001230093,165400,848,3.1070368561445694,8.101332980500816,14.227647022197315,24.256457353963658,38.48410437616098,92.9073147988645,7.034844061732662,62.53857559008929,13.597657229772336,Moderate,40.7,2.837241496561134,1.4440367714330782,1.0916142842429493,11.659307752844244,7.185062844143488,2.632626510688692,1.8416183980120655
2014,72,Puerto Rico,3548397,18928,11241,72.25846987004354,15.566401024734697,8.073028561236816,2.5995346537061508,0.7315016741116669,0.7710642161671355,36.104232264482064,17.37564028813539,7.063799086674301,24.439439374809687,67.9243447453972,32.07565525460279,120800,467,6.382079459002536,5.241248578288891,9.273600404397826,16.767597624162768,26.041198028560597,81.40121187916154,18.509862899149436,44.54378767573322,46.21144774171818,High,39.3,2.767305913064406,1.5326075408134998,1.0273653145349857,NA,NA,NA,NA
2014,44,Rhode Island,1055173,54891,30830,32.967089299750526,20.364990943576775,21.34337758205705,14.105318146533415,5.343777919903138,5.875446108179098,37.37564939224738,18.103492218314273,12.328085844454456,30.43157806276873,58.80035346902508,41.19964653097492,236000,934,4.299429779016597,10.650210930464048,14.507394416267715,24.178200692041525,38.685595108309236,91.73982979386776,7.7347420335452055,65.0255498163823,14.335182714602892,Moderate,39.8,2.674063873886083,1.6344239285880136,0.9458164680104588,12.573257945421219,7.9932797279762395,1.4607125133033274,3.11926570414165
2014,45,South Carolina,4832482,45238,24596,39.31296163913572,23.073171479336192,21.018394954551773,10.335680825698418,3.310829081171856,2.9489620201060367,40.36944686621512,16.67981731586306,9.60020902019026,26.280026336053314,68.04792124861926,31.952078751380743,140000,791,3.0947433573544365,8.276158612525848,15.131814498652647,22.859609721501293,37.99142422015394,90.70930234045848,8.012036862892609,60.56165270916113,17.986656546428087,Moderate,38.8,3.0561934840109077,1.5065343233559898,1.1298541825918855,14.953984377467625,8.193723919652081,3.163078563018195,3.5971818947973495
2014,46,South Dakota,853175,50979,26959,34.15322520367741,23.317437775618508,24.85865909260782,11.713282009118767,2.850437252410494,3.106958666567008,43.79806584480673,20.001872227662883,7.760383662653379,27.76225589031626,68.16951939606847,31.830480603931534,142300,647,2.791345455972067,7.116892875592917,11.561546047996995,17.185929648241206,28.7474756962382,95.47079599810996,3.8750240031414447,69.63733014405827,14.173559784223889,Moderate,36.6,3.689629911800041,1.5382541682538753,1.2595305769625225,16.351730722642614,8.593404870819262,4.409696986970297,3.3486288648530538
2014,47,Tennessee,6549352,44361,24922,39.89727712662845,22.960156036761877,20.59569703526168,9.9989440821783,3.3005998808605925,3.2473258383090973,39.827749734298166,16.221223921051696,9.050833737658113,25.272057658709812,66.13619746061725,33.863802539382746,142900,770,3.221297986970537,7.5364644862496295,15.014213972052131,23.08017245030993,38.09438642236206,91.74193483314926,7.7531254570303245,60.753629671360564,18.339890487411033,High,38.6,3.0982607134263054,1.3869769100820966,1.048378526608434,15.123469333355995,9.050884307909593,3.258221309151202,2.8143637162952015
2014,48,Texas,26956958,53035,27125,33.3998836070852,21.404795004353147,21.602376234977008,13.004919481606352,5.112761968943853,5.47526370303444,33.63839346325304,18.169869793154074,9.621914656744005,27.79178444989808,61.163312582453514,38.836687417546486,139600,896,2.6322240030168755,8.338597529362001,15.05877396226876,21.903875595483264,36.96264955775202,93.32921405100888,6.012129399005131,64.53749842398328,17.174129004940614,Moderate,34.3,3.7088198156483383,1.5013563474038873,0.8256829275766205,15.870011960012938,9.769416215972258,4.075020873607485,2.025574870433193
2014,49,Utah,2942902,60922,24877,26.176595489835254,22.87672724501018,27.096812831429602,14.598473382188008,4.871565926587324,4.379825124949639,38.27770197579212,20.755848126452573,10.34595426617877,31.101802392631345,69.16199353201868,30.838006467981316,223200,886,3.6637011260300056,9.220817282058706,15.221375177873428,19.233281663235722,34.454656841109156,94.75707765347764,4.955885335207558,67.58609942340658,11.729741780035766,Low,30.5,4.390122402988615,1.481870616146919,0.7652310542450955,16.06122458147043,9.690321461533703,3.2529359872370467,3.1179671326996776
2014,50,Vermont,626562,54166,29178,32.23431261638463,22.17984752885561,24.829237760905652,13.238787228500676,4.107623945978097,3.410190919375342,40.77881897147707,20.870723899616454,14.015957871584082,34.886681771200536,70.04808944559127,29.951910554408716,214600,917,3.9618949156297307,8.510610682068922,15.270296579920824,23.43695243039782,38.70724901031865,94.40224096140727,5.441588412023397,66.21351236548082,12.15465114926581,Moderate,42.8,2.650974684069573,1.68395146848995,1.2951631283097282,13.284790738575419,7.126291274895394,2.5129731453475452,3.6455263183324793
2014,51,Virginia,8326289,64902,34052,26.75785227412754,19.60043063473225,22.692180477459775,15.899825541049736,6.928192955490268,8.121518117140429,34.007392462959885,20.875163049422092,15.870890643297214,36.74605369271931,65.33494172811642,34.665058271883574,247800,1116,3.8180641582693906,8.995629593043269,14.971730800892042,22.64323559786269,37.61496639875473,91.66695787573799,5.912005544015608,66.12439701760697,11.799004987438586,Low,37.7,3.1186402489752636,1.5124745249654439,1.0179324786828803,15.300227843834682,6.90109768248117,5.207553355072815,3.1915768062806977
2014,53,Washington,7061530,61366,31841,27.916917481371296,20.734169005012312,24.057350329396055,15.245441392207274,6.208125762007105,5.83799603000596,36.67956669935567,21.01971706875809,12.103520463230726,33.12323753198882,61.74874542889035,38.251254571109655,266200,1032,4.337906984323567,9.536079205370635,15.24291669796806,22.32002349311841,37.56294019108647,92.22216102165218,6.424906577637366,64.10998141944377,13.187552514192996,Moderate,37.5,3.209870948647106,1.3289471261893668,1.1018433682219009,16.551367322747947,10.391440830825823,3.0040681328068484,3.1558583591152725
2014,54,West Virginia,1850326,41059,22714,43.342648308686044,23.44082950875404,19.95512493625701,8.811150773414925,2.6156722760496347,1.8345741968383475,46.57708180661087,11.758707139275659,7.391753770200948,19.150460909476607,72.17474077851436,27.825259221485638,103900,656,2.5305048832168344,7.119538657022774,11.461245235069887,19.29576776463689,30.757012999706774,93.01397180773161,6.86990727732509,53.242188430854945,18.280720756697484,High,41.9,2.7781590919654158,1.3616519467380344,1.3757035246761922,11.4827668675679,6.377312830414095,2.486876260637955,2.6185777765158504
2014,55,Wisconsin,5757564,52622,28213,32.31160232007401,23.373900684018835,24.194549949408174,12.86557740766179,3.9702125723398125,3.284157066497377,45.14517354589162,18.89464829835189,9.531415061765006,28.4260633601169,66.59890756320729,33.401092436792716,164700,782,3.129869636273802,8.284725321487509,14.026741325805144,22.245560410590663,36.27230173639581,94.6255545765624,5.303562136581226,66.91225869779785,13.175191300558259,Moderate,39.2,3.011742466084615,1.399897595580353,1.0953590789438032,14.15727471210195,8.542426151824952,3.544996975966,2.069851584310999
2014,56,Wyoming,584153,57055,29698,30.459943076777563,21.299345640902175,24.31877004565896,16.084249808679502,4.511294358409933,3.3263970695718723,41.88918197664553,17.882723762218415,8.683624621428313,26.566348383646734,66.90499325004085,33.095006749959154,201000,792,3.522916484094295,7.990698520337243,10.983800355950478,17.23371916286683,28.21751951881731,94.98754027585989,4.278208974175833,68.18919761370819,11.185497124435893,Low,36.6,3.200702555666067,1.3285902837099184,1.1719532382783278,17.41019969469454,10.215790730760045,2.695826453575916,4.4985825103585775
2015,01,Alabama,4858979,44765,24769,40.36812374417106,21.94498453739459,20.413347126013466,10.493990976987527,3.6350391845709735,3.144514430862386,39.14498338335996,15.374383197877556,8.782080108413371,24.156463306290924,67.89437767752209,32.10562232247792,134100,729,2.995643918239696,7.613087154918648,13.56809689690365,21.562260140520753,35.1303570374244,92.43445122710963,7.138064163015943,56.90636851480906,18.495658983437185,High,38.7,3.013122715698092,1.3848176746596352,1.08226440163664,14.076456613723886,8.545694882059081,3.1383087175751245,2.3924530140896816
2015,02,Alaska,738432,73355,34352,21.468113595939005,18.974358974358974,25.605851669764373,18.777704498670982,8.470132102244339,6.703839159022324,37.50103828779421,18.71452516703122,10.97858890831759,29.69311407534881,63.92149809141235,36.07850190858765,259600,1163,3.538954399836412,7.707477039318436,16.21927035440878,19.94726521387501,36.16653556828379,88.05027388046551,7.544804957894136,70.51416450674054,10.34067969449127,Low,33.3,3.7759739556248917,1.528509057028948,0.8927023747616571,19.298301051572963,11.880548785346672,2.6509145964482275,4.766837669778062
2015,04,Arizona,6828065,51492,26721,33.868464901453834,22.82055113097481,22.507438059478492,12.07507243175824,4.526863087736621,4.201610388598008,36.28789271392216,17.38904560196114,10.32666410106869,27.715709703029827,61.90917772090062,38.09082227909938,194300,933,3.7734016934669463,7.929288622652369,15.282355198362788,21.70041996205419,36.98277516041698,92.62014644495923,6.824386809422597,58.806622544553214,17.37251572124367,Moderate,37.4,3.2084931821826537,1.4256308339185406,1.0144894637060426,17.253436224313997,11.84084107004051,1.6589466320963246,3.753648522177161
2015,05,Arkansas,2978204,41995,23589,42.135283485182974,22.990434739307553,20.1094121151815,9.266919608653376,2.5237995811867773,2.97415047048782,41.38153423425372,14.034225450103857,7.767608620301949,21.801834070405807,65.17202006179986,34.82797993820015,120700,695,2.8741516847243718,7.526908692304027,13.873873421912744,20.40846529524937,34.28233871716211,93.82927756513652,5.813362073738332,57.58346308852641,19.06628841732018,High,37.9,3.1870214397670544,1.5123544256874277,1.0310576441372048,16.640206157147862,9.946803315204056,3.916529769689767,2.776873072254037
2015,06,California,39144818,64500,31587,27.968774437618315,18.775038563215954,21.61452261285881,15.272072570571673,7.468690576726435,8.900901239008814,31.857976666748577,20.2633724643681,11.998866946444052,32.26223941081215,53.58740456704169,46.41259543295831,449100,1311,6.962790697674419,9.031792317945232,16.586506734403315,27.291700289397735,43.87820702380105,92.13120586096086,7.241434308999491,63.04325386296996,15.343687832954672,Moderate,36.2,3.2762548544739687,1.3876549381325518,0.9066104228661889,12.649326240231613,8.568983663534723,2.7500899479730325,1.3302526287238559
2015,08,Colorado,5456574,63909,33563,25.87771450329801,20.89235492725577,23.97882139164761,16.109575439754956,6.566669960259985,6.574863777783668,32.44323778756939,24.7567645001039,14.48162548990932,39.23838999001322,63.74876791493853,36.25123208506146,283800,1111,4.440689104820917,9.799406209406248,15.616187375102545,22.54197152836593,38.158158903468475,93.80527580996554,5.143063210252812,68.01790971212381,11.490503627787605,Low,36.4,3.1137669900563982,1.3842935145752628,1.0077568818822946,17.717599280706136,8.609498083372596,4.89074213244523,4.21735906488831
2015,09,Connecticut,3590886,71346,39430,24.811360843876958,17.941762428155627,21.6945262457552,16.985152224859213,8.243190645551882,10.32400761180112,36.74232781270432,21.65632609452875,16.652846910233812,38.30917300476256,66.16305835441314,33.83694164558686,270900,1108,3.7969893196535196,8.488391529643607,14.255676669569883,26.390025249192817,40.6457019187627,92.6879483478641,6.898338067496966,66.7033884764908,10.540539142965159,Low,40.6,2.6477866465267903,1.498627358262,1.0177989498970448,11.733932628267233,7.378073411941564,2.1898851257607928,2.1659740905648746
2015,10,Delaware,945934,61255,31441,27.242870715693645,21.558161630198956,25.353167231526257,14.39073157588735,6.294190218239056,5.160878628454743,40.600120128218485,18.016321502338208,12.924202771529611,30.94052427386782,70.81240516740169,29.187594832598307,240200,1049,3.921312545914619,7.742386847270537,13.974775054900206,22.24673027965097,36.22150533455118,93.60653611723512,5.792520948289206,62.473962757268865,12.425640106263344,Moderate,39.7,3.007503694760945,1.3314882433658162,1.2185839604031572,13.945521167156258,7.862575108488555,1.3282568205400012,4.754689238127703
2015,11,District of Columbia,672228,75628,50187,27.423195534215562,14.812961563166505,18.45365471082768,15.96347595879157,8.674992103965051,14.671720129033632,20.91591172465129,23.817468977592814,32.92900584498524,56.74647482257805,39.943290499561726,60.056709500438274,551300,1417,7.289628180039139,9.068024959818475,13.970762030821593,22.584381204500332,36.55514323532192,91.76808663085843,7.17392740447891,69.75785440069761,17.319016279875303,Moderate,33.8,3.291442784293424,1.4926483276507374,0.5206566819590972,19.169208121796785,10.133844942579705,0,9.03536317921708
2015,12,Florida,20271272,49426,27697,35.66745774993622,23.102807059292658,21.547224348213845,11.108730536457362,4.1698154567809125,4.403964849319004,40.86866860526066,18.20402839155356,10.226276671964373,28.430305063517935,63.780700033658555,36.219299966341445,179800,1046,3.637761502043459,8.919826881081184,17.12839973763583,26.892401464533673,44.020801202169494,92.47065645969315,6.974358383590945,58.42624690238024,15.702153757365092,Moderate,41.8,2.7662546287179217,1.234683250266683,1.1079275143661433,15.067305840946299,9.002744215879378,3.1498388112012163,2.914722813865705
2015,13,Georgia,10214860,51244,26810,34.61605887965973,21.97091297549753,21.709700260392236,12.443062273975517,4.666110747517987,4.594154862956996,36.29356020340027,18.618976394599034,11.305959648204373,29.924936042803406,61.84120093851696,38.15879906148304,159300,909,3.1086566232144253,7.671649557316622,14.546877564521111,23.569906560945387,38.116784125466495,92.01030773367705,7.036152983421243,62.5808834303426,17.046799579006443,Moderate,36.4,3.2611117528776705,1.4927174723882657,0.8944518084437769,15.287983129347452,7.752758703576588,4.726835687080124,2.8083887386907405
2015,15,Hawaii,1431603,73486,31052,22.079177281044814,17.80502134835492,25.44714936672527,18.7511212371282,8.530372071328621,7.387158695418177,41.29183681335289,20.796235777157037,10.56491742687496,31.361153204031993,56.60789889132073,43.39210110867927,566900,1500,7.714394578559181,8.764295791753014,15.332220505320384,28.257735102144178,43.58995560746456,89.46893496808627,4.640972265470239,65.4611391952703,10.614860546537926,Low,37.7,3.252158594247148,1.1100144383603554,1.1231465706623973,13.471723859992718,9.086332639259592,0.585637976321362,3.799753244411764
2015,16,Idaho,1654930,48275,24273,36.69355446159408,23.34735471300808,22.464058009343496,11.686398703761668,3.156567981373269,2.652066130919402,40.00358355019128,17.783227108900526,8.19394698972403,25.977174098624555,68.95606280997822,31.043937190021776,176300,770,3.6519937856033144,7.579409370063031,14.263222313884711,20.70709521575732,34.97031752964203,94.00687656788021,5.324034893150464,62.2947930166479,15.137696687536526,Moderate,35.8,3.348782123715202,1.3485162514426592,1.1080831213404796,17.892019278864794,10.299651576466674,3.079066092850163,4.513301609547955
2015,17,Illinois,12859995,59588,31867,29.980500667115372,20.23932307760334,22.561013890224324,14.671824496409759,6.10972144674246,6.437616421904744,37.77628055061119,20.292190962345842,12.651245021610638,32.943435983956476,65.27533604489957,34.72466395510043,180300,936,3.025777002080956,7.938040053289062,14.200105472940425,23.46514647884955,37.665251951789976,92.83286329059877,6.903912778046195,65.1844452443531,13.56159543010817,Moderate,37.7,3.081921882551276,1.3567190344941815,0.9530174778450535,12.668087631163305,8.434462872350949,2.582267052498691,1.6513577063136644
2015,18,Indiana,6619680,50532,26396,34.14819753787359,23.81399387629252,23.174189300568596,11.915346364003955,3.625519503264824,3.3227534179965117,44.15102027627359,15.978259100970696,8.95818633033067,24.93644543130137,68.18220673735053,31.81779326264948,131000,758,2.592416686456107,8.15294471942349,13.977779804889142,21.810704730819744,35.78848453570889,94.099135726211955,5.809991265574783,63.57366809628117,14.54137785632789,Moderate,37.5,3.194096995625166,1.4480307205182124,1.011967345853576,15.147313945881253,9.243167121027426,3.648590034294542,2.255556790559285
2015,19,Iowa,3123899,54736,28628,31.264967941445533,23.038062167217614,25.351954581643284,13.068200495650828,3.9383475152114773,3.338467298831268,46.65915322409598,18.17470585740013,8.655370151130102,26.83007600853023,70.67393920540324,29.32606079459675,136100,718,2.4864805612394036,7.828984960453182,11.646695045233466,20.594692278459902,32.241387323693374,95.76349861821987,4.155695525929402,67.49804051487996,12.15868699126322,Moderate,38.1,3.1569202461411203,1.6838892678668549,1.0593172186424722,15.330529887591734,8.663270425637833,3.878406436458728,2.7888530254951736
2015,20,Kansas,2911641,53906,28852,31.298725600090684,23.36525780374277,23.156906103193467,13.854848315283983,4.154709234226535,4.169552943462561,38.99233192426286,20.36003577482196,11.361947895634529,31.72198367045649,66.42209031812318,33.577909681876825,141200,782,2.619374466664193,7.502022794618027,12.983126409928037,18.396714231364836,31.379840641292873,94.08907683655657,4.590154791237992,66.34455277017656,13.03025175710002,Moderate,36.2,3.439950186166495,1.5137168352829211,0.9902663137385412,15.720152731218093,9.115396920337734,3.4284194127220378,3.176336398158323
2015,21,Kentucky,4425092,45215,25082,39.52911369982426,22.75896066119401,21.157369208608948,10.340188140088848,3.2857505791973747,2.9286177110865603,41.23431221330371,13.613034037185617,9.679803532533231,23.29283756971885,66.32526652402329,33.67473347597671,130000,702,2.8751520513104056,8.085618127233243,12.74668420096381,19.806892016992116,32.55357621795593,92.93449668050991,6.446844798180784,58.776372443106595,18.509345639719328,Moderate,38.8,3.158894775521051,1.3848751619175375,1.0571531620133547,14.879237060934013,8.34027872574286,4.094225938016689,2.444732397174466
2015,22,Louisiana,4670724,45727,25456,40.30437744690743,20.022981653804457,20.09841717743402,11.644459890857284,4.310987693249585,3.6187761377472225,39.92863269746758,15.208407707927133,7.990262514720111,23.198670222647248,64.57729638162665,35.422703618373355,155600,800,3.402803595250071,7.717660741958435,14.218325119311775,24.09155737198959,38.309882491301366,92.27536821857242,7.043913633517071,60.06512395282593,19.59504924160356,Moderate,36.4,3.3917225680643948,1.4256676266891386,1.0327306858636904,12.782760887627646,7.686473444197168,3.0728591178189877,2.0234283256114884
2015,23,Maine,1329328,51494,28437,34.912678412254735,21.76565314199983,24.42491737371292,11.72119451383463,4.053731846977217,3.1218247112206683,43.3574341475594,19.507407099163583,10.615455037243562,30.122862136407143,70.99826493967639,29.001735060323607,180300,792,3.501378801413757,9.16490118577075,13.948458498023717,21.675256916996048,35.62371541501976,94.38230704737063,5.356851739717733,62.23834380894229,13.35038932835059,Moderate,44.6,2.411443977709038,1.303590987325927,1.3163794037288012,14.14815354580536,8.698965572730225,3.162715075555394,2.286472897519743
2015,24,Maryland,6006401,75847,37522,21.84492275707161,17.69089421442523,23.32141378021556,18.03208912666775,9.518883492337233,9.591796629282614,34.369574935782836,21.1177320288235,17.67859780630574,38.796329835129235,65.94134624832525,34.05865375167475,299800,1278,3.952694239719435,8.744700212328537,15.79306393448148,23.184253985372923,38.97731791985441,93.6064950636417,5.428465648362323,67.2653454759805,9.734739369875957,Low,38.3,3.1098989228324916,1.2971661399230587,0.9307903351774215,13.611077173005414,7.764890659849461,2.999980620171368,2.846205892984586
2015,25,Massachusetts,6794422,70628,38130,26.46636595778591,16.882276262319085,21.12255273636097,17.21349353952478,8.334143895723004,9.981167608286253,34.86197383953407,23.08895680234154,18.377723065521845,41.46667986786339,61.71809538541949,38.28190461458051,352100,1164,4.985274961771536,9.933591701207552,14.262376045665398,23.90770185245276,38.17007789811816,94.06867365206051,5.808312339138352,67.11821573972762,11.466727369531023,Low,39.4,2.7555544827801395,1.5028798623341322,0.9931087589201849,11.404069597146934,6.600851245034329,2.8310454351219314,1.9721729169906734
2015,26,Michigan,9922576,51084,27865,34.392872729836114,22.70612243205447,22.417022847030943,12.212390619022987,4.3799040671426335,3.8916873049128524,42.164070907757875,17.02566767142063,10.774221365217935,27.799889036638568,70.42100467224323,29.578995327756775,137500,803,2.6916451335055984,8.021624179126709,13.848586936998112,24.19700082799227,38.04558776499039,92.73595502616254,7.180179354466949,60.96110760614818,15.77214417724333,Moderate,39.7,2.9545553493367045,1.4073059253967921,1.1023145602512896,13.98310906397201,8.975248832584409,3.5540537675703483,1.4538064638172512
2015,27,Minnesota,5489594,63488,33425,26.22283633762438,20.797368928430718,25.001234129789474,15.91207779954193,6.390696617366674,5.675786187246828,40.32124314531328,22.901888306603603,11.792236286235775,34.69412459283937,70.94024855839669,29.059751441603304,200000,888,3.150201612903226,8.370019343289705,13.95697680568087,21.62938769753954,35.58636450322041,95.7931177806013,4.155059070497897,69.92608480312198,10.1820819685633,Low,37.9,3.3069112214855965,1.3382774755291558,1.0073969040333401,14.20450708528804,7.6028880653276065,4.600151075072207,2.0014679448882267
2015,28,Mississippi,2992333,40593,21291,44.29027926303751,21.632132680050454,20.12466825007176,9.374657610531244,2.471089878310821,2.107172317998209,39.26314975334689,12.96067226098773,7.865599023119471,20.8262712841072,67.38704656315676,32.612953436843235,112700,724,2.7763407484048974,8.059849847848783,13.253259589969128,22.29459585526754,35.547855445236664,90.37913911004921,8.810303116550449,56.91787528994382,21.995878586429026,High,37,3.1401919505616522,1.6378190528928434,1.1152502077810191,13.422311913435964,7.599291586593942,3.4795182221134877,2.3435021047285347
2015,29,Missouri,6083672,50238,27384,35.01322561895054,22.903655156727794,22.523523911413626,11.975334641855293,3.9353797942868693,3.6488808767658725,41.280851466802304,17.253732538125927,10.591055576328488,27.844788114454417,66.1338651660784,33.866134833921606,147800,763,2.941996098570803,7.752570447102953,13.323416782435766,20.84714374728715,34.17056052972291,94.03883844456858,5.296593775884433,63.12951111977693,14.833952816069626,Moderate,38.4,3.14402222868031,1.452428730543001,1.0254990735858212,15.563137719056183,8.606651395210436,4.310822896545305,2.645663427300443
2015,30,Montana,1032949,49509,27735,35.95264269389881,23.16419320932296,22.719404827340142,11.485665519136749,3.197172640572415,3.480921109728932,41.93937952427269,20.40621296874403,10.199071537484656,30.605284506228685,66.65557709183132,33.344422908168674,209500,763,4.231553858894342,7.505386294952066,13.460676431886867,19.524415460473993,32.98509189236086,94.80234473122484,4.515678309687982,62.263664417027854,14.615763991636625,Moderate,39.9,2.962585761736543,1.557482508816989,1.4204960748304127,15.785870782604944,8.252766156097312,3.3394923336138227,4.193612292893809
2015,31,Nebraska,1896190,54996,29000,31.27140839524887,22.31243591759288,24.208132939331513,13.91329003613475,4.44246458082211,3.852268130869881,41.207204707512595,19.840935661127894,10.36295324533926,30.203888906467153,65.89908877000748,34.10091122999251,141600,750,2.574732707833297,8.183555651882648,13.008492108840858,18.552597875987626,31.561089984828484,96.26467813700212,3.1952659258457152,69.4268896373622,12.553495394213435,Moderate,36.1,3.4920551210585438,1.406821046414125,1.0145607771373122,15.469953461797106,9.048227145376915,3.5889894003745955,2.8327369160455955
2015,32,Nevada,2890845,52431,27220,32.49259883020733,22.827942594751764,24.211349579920636,12.350861030741845,4.309616002840514,3.8076319615379077,39.97323397862071,15.49401041679898,8.065016840542496,23.559027257341477,54.02350141305965,45.97649858694036,221400,980,4.222692681810379,8.554700952818276,16.000667912044335,22.238548961083687,38.239216873128015,91.51318795716362,7.9033604639577275,63.475624144294564,14.672762966975295,Moderate,37.8,3.156274376523127,1.1795858996245043,1.0397651897628548,19.228260713714935,13.606207262906064,0.8659938891179507,4.756059561690917
2015,33,New Hampshire,1330608,70303,35925,23.258019956917785,19.262192942631106,25.033664016691944,17.378553558146496,7.778174898331772,7.2893946272808945,40.01743465206452,21.928076191776906,13.742859154899524,35.67093534667642,70.85169479246159,29.14830520753842,244500,1017,3.4778032231910445,9.607227126912166,14.279938492536917,20.070786606219677,34.3507250987566,95.50608734771589,4.238716682934405,67.76920920179768,8.233001568249925,Low,42.8,2.50877794211368,1.5444067674326323,1.1896817094140424,13.343843243526202,7.331117552940891,1.9580144766679235,4.054711213917387
2015,34,New Jersey,8958013,72222,37245,25.133823698706664,17.10810319944115,21.205547241294834,17.03040468161017,8.653613608438993,10.86850757050819,37.4070281708048,23.308749503761035,14.283346609617563,37.5920961133786,63.01936377555197,36.98063622444803,322600,1214,4.466782974716845,9.119802804070474,15.38455666117298,25.946855154127178,41.33141181530016,93.20157174757527,6.594044821182074,65.2443778573604,10.77385320970327,Low,39.6,3.025447719265422,1.2733180896254561,0.9395498756253201,9.042367022901592,5.217269723412063,2.197944674280917,1.6271526252086117
2015,35,New Mexico,2085109,45382,24388,40.305619476054645,21.486957811595477,20.344396210539028,11.005031524146197,3.8613961462174307,2.9965988314472227,35.51977862114424,14.381785607470665,12.075513884089702,26.457299491560367,67.45143391218396,32.54856608781604,164100,783,3.6159710898594155,7.582858110778612,14.458730248352516,23.297869766166304,37.756600014518824,91.65257720037877,7.344752832737981,58.44411553942284,20.43766700857109,Moderate,37.4,3.3443815167456474,1.4172880170772846,1.1878515703495596,13.776468241507523,8.788506926429827,2.282084272250455,2.705877042827239
2015,36,New York,19795791,60850,34297,30.856627333144033,18.364558965308735,21.135784842433203,14.689410417416054,6.859648749311209,8.093969692386766,35.61337547638734,19.991081608269138,15.037855516042878,35.028937124312016,53.06973173042708,46.93026826957292,293500,1173,4.8233360723089564,8.780567410315566,13.926331863631114,27.528196131014802,41.454527994645915,93.32124229373542,6.45123062333082,63.183107368446215,15.40171385521176,Moderate,38.3,3.0720570852662568,1.341189144702528,1.0010158219997374,9.76424273451673,5.99194559924898,2.4559519689429385,1.3163451663248114
2015,37,North Carolina,10042802,47830,26801,36.92086753933989,22.86330128559517,21.071611150063283,11.203526768815308,3.910275005235779,4.030418250950571,37.4450141098659,18.889239179232263,10.552751261193109,29.44199044042537,63.87367007957083,36.126329920429164,160100,827,3.347271586870165,8.481755777745132,14.536541735440775,21.865196989206424,36.401738724647196,91.72021916248909,6.767445994375426,61.93431150756897,16.423115537545023,Moderate,38.4,3.0613169511855354,1.4743494893158304,1.0807541560612266,15.157510712364294,8.410758468330595,3.6179632289829504,3.128789015050747
2015,38,North Dakota,756928,60557,34063,28.712656511683548,20.816333040912355,23.578913788978387,15.930775978945688,5.900311029587686,5.061009649892336,43.14891558625007,21.467754162965914,7.678189981240485,29.1459441442064,61.67700773586411,38.3229922641359,180900,775,2.9872681936027212,6.388752466016831,13.399315758367807,16.38184345683534,29.78115921520315,95.86167679567829,2.579284690383955,69.99091231712697,10.961859783360724,Low,34.9,3.4001912995687835,1.644674262281221,1.0962733575716581,17.860942906864565,8.863517740050531,3.27912184636605,5.718303320447986
2015,39,Ohio,11613423,51075,28001,34.67068838452196,22.220374653626113,22.709189205616656,12.433316582205526,4.261747406740899,3.704683767288846,45.400425759864845,16.83041916197997,9.955169841714083,26.785589003694056,65.4073943023734,34.59260569762659,136400,746,2.670582476749878,7.887612781931296,13.945362652974907,21.429225847503893,35.3745885004788,93.51407665925447,6.369084871504939,63.155857477820675,14.82394509594222,Moderate,39.3,3.030863510267386,1.3848027407595502,1.0942682445993743,14.91328011794315,9.653599476473989,3.4875809757447698,1.772099665724392
2015,40,Oklahoma,3911338,48568,25762,36.33907272480458,23.261691557221216,22.064993986838576,11.151668780197973,3.6569435131187875,3.525629437818863,41.39529755893885,16.488959729274008,8.141131874537455,24.63009160381146,65.34038313695342,34.65961686304658,126800,759,2.6107725251194203,7.729490467296342,13.041116488516865,18.969361908154607,32.01047839667147,93.608628386379,5.396638632134045,61.34747464359883,16.09235979897591,Moderate,36.3,3.4764829835723736,1.4937855025569255,1.008810795691909,16.658973512435484,9.40845163714117,4.381682565277104,2.8688393100172114
2015,41,Oregon,4028977,54148,29117,32.65306253842861,21.505081428401272,23.460586335995572,13.075801326933664,4.612140702611697,4.693327667629193,35.988626691546074,20.190831678529314,11.960337476613153,32.15116915514247,61.0924507711474,38.9075492288526,264100,943,4.877373125507868,8.016527831557767,15.312072862783255,24.864888121076127,40.17696098385938,93.08715012313449,6.815519943234927,61.835311122370804,15.35974628024707,Moderate,39.1,2.9052784366850446,1.2370385832433395,1.1491006277772247,17.209923847985003,10.06512763591549,3.6030952562553438,3.5417009558141683
2015,42,Pennsylvania,12802503,55702,30384,31.73888734083301,21.29899353051642,23.21169111530039,13.464003598036092,5.177725670732483,5.108698744581608,45.43763539506102,18.115427777853345,11.57324184971054,29.688669627563886,68.719341683688,31.280658316312003,170600,868,3.062726652543894,7.931594336768624,13.755957790877913,23.522961321205642,37.27891911208355,93.68443843495909,6.264500021620653,62.532734426726236,13.160280762129537,Moderate,40.7,2.8618934906713167,1.4255024974413206,1.0920286447111163,11.777226249609862,7.306641693634088,2.632964339823626,1.8376202161521482
2015,72,Puerto Rico,3474182,18626,11677,71.88486975907864,15.898828907943768,8.21286719902836,2.39530024528359,0.8438017401467119,0.7643321485189274,35.7350979590569,17.806941036530137,6.96626185821267,24.77320289474281,68.48789254990993,31.512107450090067,114100,433,6.12584559218297,5.430471832138192,8.462175772859847,18.433580672725054,26.8957564455849,81.0687600387256,18.843586192083364,44.69031123978906,46.064581626670375,High,40,2.60645527493954,1.4443399913994144,0.9973282919547681,NA,NA,NA,NA
2015,44,Rhode Island,1056298,58073,31888,31.666274013212785,19.213269723473804,22.542725603950096,14.825367376387785,6.171285252917906,5.581078030057622,37.64613064541977,19.330815811352956,13.38025950474124,32.711075316094195,59.04968047825191,40.95031952174809,241000,938,4.149949201866616,8.16942936248247,13.661261131686503,22.75778169309506,36.41904282478156,93.37852476249597,6.182486334958494,64.61070453354418,13.876712881379612,Moderate,39.7,2.6607074897424776,1.6626936716721985,1.1706923614358826,13.01989738407865,7.7687256832608975,1.5821070902970351,3.6690646105207154
2015,45,South Carolina,4896146,47238,25627,37.533427209425504,22.757900878904145,22.197335727604308,10.744560138833267,3.533433668789644,3.2333423764431295,40.449697454569986,17.345546401143192,9.47029849703238,26.815844898175573,68.12621382217802,31.873786177821987,148600,819,3.1457724713154662,7.763691418091299,14.386607243882791,21.628463490959078,36.01507073484187,91.60032906215172,7.215216375283118,60.14204368402911,16.64612693846755,Moderate,39,3.0251957355846826,1.4997101802111292,1.0740284297077742,14.749098344126757,8.0860597886274,3.143068241547906,3.519970313951451
2015,46,South Dakota,858469,53017,27624,32.32411316385662,23.201065293412327,25.548481750663598,11.958920211998104,3.3685190477172493,3.5989005323521006,44.394503363475565,19.634244230236472,7.871136620328604,27.505380850565075,68.18702734233452,31.81297265766549,152800,675,2.8820944225437124,7.993702829096634,11.500671389544845,17.735796638422002,29.23646802796685,95.51621374019096,3.9671242940447224,68.13024261843793,13.74939130518632,Moderate,36.9,3.542585696163752,1.6096096655790715,1.2073819788483917,16.893496878997034,8.655581555727142,5.059502407799266,3.178412915470626
2015,47,Tennessee,6600299,47275,26216,37.47776908301913,23.23033996506288,21.281330772331696,10.767391493364318,3.5276611889687226,3.7155074972532467,39.78598797761121,16.09438006637775,9.636777753014595,25.73115781939234,65.82319603519005,34.17680396480994,150600,785,3.1856160761501853,8.434921978532822,14.357129476087064,20.689160717052786,35.046290193139846,93.20427516826916,6.199634246101899,60.96065980350269,16.736587478287387,Moderate,38.7,3.070027585113947,1.3549992204898598,1.0283473521426831,14.756344389267584,8.57065013824198,3.1817810362943266,3.003913214731276
2015,48,Texas,27469114,55653,28210,31.651051880546145,21.319267218119748,22.125314124889137,13.513908530908106,5.417468209648405,5.972990035888463,33.94631251287353,18.693366816115574,9.667037355817115,28.36040417193269,61.061187006788366,38.938812993211634,152000,932,2.731209458609599,8.374698044423655,14.648859260761505,20.896252670647492,35.545111931409,93.79576171966642,5.491772117525661,64.31305186347659,15.851466965365644,Moderate,34.4,3.642563790007934,1.4549868626996854,0.8265647009947246,15.307781596087647,9.309006568818457,3.957527831699347,2.041247195569842
2015,49,Utah,2995919,62912,25816,24.77217555694,22.33882575350706,27.114008893853786,15.376699821693268,5.710648993533695,4.687640980472191,38.050023278523085,21.14309890817699,10.701231781183031,31.844330689360024,68.87527121957507,31.124728780424928,234600,925,3.7290183112919633,8.247027763877625,14.2953772884924,18.986074922782255,33.281452211274654,95.8539165700336,3.944255320014124,67.67535927708401,11.257450741401986,Low,30.6,4.2676053658326545,1.4886917837231248,0.7818969738500942,16.557175539445815,10.249767339129809,3.004149726727382,3.303258473588623
2015,50,Vermont,626042,56990,31216,30.329390069252348,21.874325623369234,24.79547995997881,14.063916190924608,4.699743001196712,4.237145155278284,39.01959175112959,22.30094789971139,14.646623534722128,36.94757143443352,70.7088066231142,29.291193376885804,223700,923,3.925250043867345,10.04380266030836,13.333690541572341,22.91133644997522,36.245026991547554,96.15656484183665,3.7683497338280367,65.36321738596975,10.207788445690483,Low,43.1,2.448398030803045,1.8632935170483769,1.3762654901747806,13.436362815185692,7.636075050971688,2.375506490825096,3.424781273388908
2015,51,Virginia,8382993,66262,34780,25.993314869025184,19.51243926814392,22.74080714024774,15.982966917131092,7.3992523081726285,8.371219497279437,34.1528477386841,21.269118103859803,15.704081988026001,36.9732000918858,65.01246421266248,34.98753578733752,257800,1144,3.8906160393589087,9.07742777081689,15.279763317528744,21.6503561092375,36.93011942676624,91.98718093186152,5.325457389219182,66.01324984118341,11.183240917104808,Low,37.8,3.1265086348038227,1.45009067763745,0.9920442495896156,15.226026610936586,6.818058081757063,5.05543572906769,3.3525328001118333
2015,53,Washington,7170351,64129,33486,26.128822648322036,20.391134853273122,24.376844599723004,15.831425437398963,6.495886311269664,6.775886150013212,36.04861540903284,21.67394035236845,12.500444847682108,34.17438520005056,62.42343525351897,37.57656474648103,284000,1080,4.428573656224173,9.358687764799512,14.925426995310659,21.081552398118024,36.00697939342868,92.8678934541846,5.8884106377460315,63.723683891998306,12.190344229737555,Moderate,37.5,3.16358292641462,1.2929492572957726,1.077102083287136,17.60619019816641,10.94669694207043,3.4023012372581567,3.25719201883782
2015,54,West Virginia,1844128,42019,23539,41.94348541119836,23.26611629654639,20.490622651578683,9.515667033338053,2.557260638008212,2.226847969330298,46.68699970084908,11.708874631156146,7.856210688377795,19.56508531953394,72.31109162791203,27.688908372087955,112100,675,2.6678407387134393,8.14514344715687,10.673845170489466,19.890355729281904,30.56420089977137,92.59108793945275,7.306344871515161,52.878484893490615,17.934511035661224,High,42.2,2.74568793489389,1.3912808655364488,1.2076168248624823,11.49876107126349,6.281607213257496,2.9099335271826834,2.307220330823308
2015,55,Wisconsin,5771337,55638,29563,30.652526494500197,22.677748758588994,25.257788404415017,13.556880723661349,4.185186877731686,3.669868741102754,44.987505731696146,18.947296974200288,9.438996763712757,28.386293737913043,66.78670493865589,33.21329506134411,168300,792,3.0249110320284696,8.543798960273625,13.88638295939096,20.585154368862728,34.47153732825369,95.65569115899409,4.258661161944894,66.8585004937562,12.062937716172472,Moderate,39.4,2.984438441213882,1.3607592140261433,1.1503400338604384,13.959161564212613,8.622856833527761,3.4703753424239965,1.865929388260855
2015,56,Wyoming,586107,60214,31383,28.188104150923614,21.605943993325674,25.023041273363418,17.06015191952371,4.696488553619554,3.4262701092440278,43.19441693440721,17.262641255109365,8.98424939613682,26.246890651246186,67.95537636991837,32.04462363008164,212500,815,3.529079616036138,8.849268013412939,11.133829503012459,15.8951500776969,27.02897958070936,94.49256257579005,4.812488601495484,67.83604280164087,11.082106307845798,Low,36.5,3.432137817838722,1.4760103530584006,0.9940164509210776,17.497953728358734,8.35224191938553,2.93834246816623,6.207369340806974
2016,01,Alabama,4863300,46257,25810,39.347579888562485,21.723891481756183,20.6542122667634,10.998003798073757,3.9491654062200747,3.3271471586240997,39.50770636526108,15.350622729089139,9.356826843169944,24.707449572259087,68.45482742947708,31.545172570522933,136200,743,2.9444192230365136,6.928197405797598,13.827988637530375,21.08559498956159,34.91358362709196,93.08726843236082,6.313671163090892,57.28094811841012,17.088689690169147,Moderate,39,2.949170316451792,1.4167334937182572,1.0391709333168835,13.559187430849004,7.974468860067282,3.0438287895161165,2.540889781265605
2016,02,Alaska,741894,76440,34187,19.960719287795612,18.628153323566817,24.92675113093034,20.135389667884798,9.245858621633369,7.103127968189063,38.1101615822913,18.970834177191403,10.588974655027341,29.559808832218742,64.48114042854614,35.51885957145387,267800,1208,3.503401360544218,8.250144471009484,12.566145060224581,17.395442647842,29.961587708066585,88.43919183313604,7.668570353015766,70.211515455026,9.885243546676097,Low,33.5,3.6611699245444767,1.4484549005653098,1.0169916457067991,17.94358806165956,10.791243030501803,2.8749863343172626,4.277358696840494
2016,04,Arizona,6931071,53558,27997,32.09020695086882,22.893572661461533,22.61704006110235,12.62212927720428,4.957063212668893,4.819987836694121,35.89552934035879,18.065393699519433,10.810004044173354,28.875397743692787,63.23863104056605,36.761368959433945,205900,976,3.844430337204526,7.699036108669406,14.338396480490001,22.286342461108507,36.62473894159851,93.01582334307432,6.468963083979536,59.44070291000805,16.355752050849066,Moderate,37.5,3.214784554941076,1.4504251940284552,1.039969147625237,17.678969549183606,11.84666416417439,1.8442210233870164,3.988084361622199
2016,05,Arkansas,2988248,44334,24264,40.02956109906381,23.801585343015514,20.049391013355876,10.07142619613938,3.1131040204144855,2.934932328010935,41.25438092328963,14.198210654083903,8.200415182913595,22.3986258369975,64.55065904273846,35.44934095726155,123300,701,2.781161185546082,7.105157917084274,12.357375964609984,19.75111457813896,32.108490542748946,94.59367175890588,5.090764278365912,57.494387239157675,17.22279145665366,High,38,3.3505251237514426,1.6190757929060773,1.0277594095269202,15.45586764531385,9.359686742494873,3.686301764616141,2.4098791382028377
2016,06,California,39250017,67739,33389,26.476891773274442,18.243506849179607,21.58618337912226,15.71206761835321,7.874335473446055,10.10701490662443,31.59525872653007,20.62847584159528,12.29575869533738,32.92423453693266,53.64132044537706,46.35867955462293,477500,1375,7.0491149854588935,9.043619547556556,16.46655834687331,27.06431696037995,43.53087530725326,92.90364974069341,6.469336680917298,63.300482534842,14.347069780489619,Moderate,36.4,3.2313591099845893,1.3585955899076427,0.9321906790511708,12.510518665752048,8.387480160344742,2.795776011181681,1.3272624942256277
2016,08,Colorado,5540545,65685,34542,25.3125189664067,20.380257487937364,24.272069310836645,15.757432934785905,7.063279519315388,7.214441780717992,32.4085183684127,24.943839363760198,14.91408637444447,39.85792573820466,64.76231299122993,35.23768700877007,314200,1171,4.783436096521275,8.97801281016201,16.400775068625865,24.322756876042845,40.723531944668714,94.16167884038201,4.677011327350162,67.96650572034363,11.046123232048547,Low,36.7,3.089389220735505,1.331854537775616,1.0729088925367452,17.856214286548955,8.744372757867184,5.035468788342662,4.07637274033911
2016,09,Connecticut,3576452,73433,41087,24.04431251284749,17.64793861791583,21.867441163100317,17.176698207945513,8.20375327219586,11.059856225994995,36.6302405807426,21.937872633915205,16.704332755070737,38.64220538898594,64.76778000529004,35.232219994709965,274600,1115,3.739463184127027,9.082886515152783,14.611372742557446,24.426385833423954,39.0377585759814,93.21650286528086,6.373899344211351,66.56946416693896,9.77451020517571,Low,40.9,2.6352653411817073,1.5440721698487776,1.0677062071572607,11.262824845740449,7.248180141048597,1.880506799165838,2.134137905526013
2016,10,Delaware,952065,61757,31712,27.53407294529815,20.841106854465444,24.67693008815529,15.776806186536025,5.592662745488984,5.578421180056112,43.005552813611715,18.371074052104984,12.5805414559269,30.951615508031882,69.78509477761796,30.214905222382043,243400,1048,3.941253623071069,9.407051282051281,16.20475113122172,19.939668174962293,36.14441930618401,93.83204372286328,5.633880150698586,61.41268048229772,11.674959864661915,Low,40.6,2.980468770514618,1.3648227799572508,1.2751230220625691,12.58363205399157,8.14321183177949,0.8950474114001782,3.545372810811901
2016,11,District of Columbia,681170,75506,50567,29.222624012857302,12.910635362553824,17.618697131641543,15.671968169648096,9.436390853396198,15.139684469903036,21.83239683604147,23.97065132727144,32.85960038154108,56.83025170881252,39.24605587378796,60.75394412621203,576100,1376,7.629857229889016,8.064846516255523,12.409211950955433,25.074181371258007,37.483393322213445,92.29665725475908,6.861331228304541,69.34932588449149,18.57596803231355,Moderate,33.9,3.2541069042970183,1.3827678846690254,0.7510606750150476,18.201785060608135,9.548199314903382,0,8.653585745704753
2016,12,Florida,20612439,50860,28621,34.18896208019166,23.220402944177664,21.769282082050783,11.646360657538645,4.31579717370775,4.859195062333497,40.77681689150961,18.198904205623208,10.422900512395849,28.621804718019057,64.13353428078278,35.866465719217224,197700,1086,3.8871411718442785,8.685134469989114,16.76883266435497,26.69000942815879,43.45884209251376,93.42803665582016,5.937367311139733,58.21774357977168,14.726668489890372,Moderate,42.1,2.771030638344157,1.2225578933186896,1.143256263851163,14.666735288819613,8.691167226059752,3.010022510516958,2.9655455522429026
2016,13,Georgia,10310371,53559,28183,32.88273489712124,21.628996225043302,22.47712034420877,12.757997197606707,4.951582077162123,5.301569258857855,35.97650542083401,18.7207229645437,11.731093031430005,30.451815995973707,61.544300466477765,38.45569953352224,166800,933,3.1143225228252955,8.212036579145824,14.781567079050939,21.993765206919928,36.77533228597087,93.13037789214256,5.909774610557871,62.8946011526192,15.965945303286258,Moderate,36.5,3.2524338842899057,1.5234660324056233,0.9353300671721706,15.674793170043596,7.789439147493188,4.888849159025763,2.996504863524646
2016,15,Hawaii,1428557,74511,32634,22.08161134363456,17.46887256837506,24.457299042705344,18.68018812463257,8.155211596339292,9.156817324313177,41.72999898076265,21.37875566256987,10.570096787182234,31.948852449752103,57.1713741697158,42.8286258302842,592000,1483,7.945135617559823,7.587506786449636,17.713401829524386,26.157281732414134,43.87068356193852,90.73194908869827,4.20242925681659,65.65965559943801,9.325254310723299,Low,38.9,3.295913288724216,1.0682107889289683,1.3120932521418465,12.417798729026886,7.779356685088827,0.5803902548328036,4.0580517891052565
2016,16,Idaho,1683140,51807,25678,32.706033342500554,24.195412459565997,23.774374991814977,12.216143480139866,3.9843044041959694,3.123731321782632,40.36182531397589,18.704087779888066,8.925790860553775,27.62987864044184,68.46229652038399,31.537703479616024,189400,790,3.6558766189897116,7.000596921958942,14.207780747969167,20.079935636240947,34.287716384210114,94.947111087876,4.668140436305519,61.960714145236885,14.368035183517772,Moderate,36.1,3.458773482895065,1.3922787171595947,1.1280701545920127,17.17667734932286,9.384969911453362,3.4908363966831675,4.300871041186328
2016,17,Illinois,12801539,60960,32849,29.446193586705725,19.72635682032067,22.453891978633138,15.067877826134385,6.487267023168173,6.818412765037911,36.759809532800034,20.932419596088685,13.022694521627209,33.955114117715894,65.2598088031512,34.740191196848805,186500,950,3.0593832020997374,8.36568791084941,13.834029374613477,23.071559729415444,36.90558910402892,93.44761939038938,6.28489335075892,65.22903386544793,12.969929668373773,Moderate,37.9,3.083863588588841,1.3545168280157565,0.9617203056601242,12.577391655633388,8.335902979435508,2.631636344842661,1.6098523313552195
2016,18,Indiana,6633053,52314,27464,32.65175050428893,23.300319350089016,23.981573223541115,12.431679213032957,4.164814646681957,3.4698630623660325,43.636308170877406,16.306900552204446,9.30098875921555,25.607889311419996,68.34727447133547,31.652725528664533,134800,768,2.5767480980234736,8.1747311526235,13.931675415196626,20.233734780488597,34.165410195685226,94.88302765563961,5.012886339101533,63.664565510773265,14.085257377653665,Moderate,37.6,3.2503735459372933,1.4354777505923744,1.0166359291867562,14.452164482481459,8.49387954136688,3.733992423655236,2.224292517459343
2016,19,Iowa,3134693,56247,30047,30.25269005041941,22.621264620187638,24.75126849860409,13.908129609626165,4.531897571342029,3.934749649820663,45.755287443340265,19.081848760433537,9.339632586175505,28.42148134660904,70.63165300673434,29.36834699326566,142300,741,2.5299127064554554,7.65899857297604,12.520429908021075,20.346414841049175,32.86684474907025,95.96557743145073,3.93879110651192,67.55017889324819,11.75645869909591,Low,38,3.241912365899946,1.633525196885309,1.0898993936567312,14.909293080419191,8.726002757901037,3.6564627772147396,2.5268275453034157
2016,20,Kansas,2907289,54935,28950,31.207926462999602,22.8470281617461,23.446177842899047,13.556740906712584,4.53284246226834,4.4092841633743305,38.28084036669316,20.659314057135127,12.186723018114778,32.8460370752499,65.68690579220052,34.31309420779948,144900,789,2.637662692272686,8.12513943020616,13.884492736506438,18.584307704421086,32.46880044092752,94.56212764687746,4.442742574487201,66.34055296660681,12.121744004665477,Moderate,36.5,3.5332916679421964,1.5722207183393189,1.0597157695708956,15.983151537573736,9.39025524563591,3.4983447301873625,3.094551561750465
2016,21,Kentucky,4436974,46659,26046,38.57097780411782,21.954164449562384,21.520737541814487,11.104461415399376,3.4378991515428137,3.4117596375631223,40.80905782623254,13.990310160977652,9.4561558653304,23.446466026308048,66.84351105486039,33.15648894513962,135600,707,2.906191731498746,7.29582761956768,13.00210172931763,19.866346169040842,32.86844789835847,93.3763723585889,5.956019555781462,59.098258441352016,18.471009103844587,Moderate,38.7,3.138738248184461,1.4430555599379216,1.070594508780083,15.20920420513211,8.885566105910932,3.741369005336799,2.5822690938843795
2016,22,Louisiana,4681666,45146,25664,40.25195243377939,20.90770519078034,19.40944943662864,11.272018089250297,4.381157379615655,3.7777174699456824,40.0195825387959,15.19409185173771,8.173526975749756,23.367618827487462,64.25554146005261,35.74445853994738,158000,808,3.499756346077172,7.5663600995625035,14.689046011078036,25.190906711364658,39.879952722442695,92.34804129213624,6.909637923841407,59.29356779018099,20.19761474715119,Moderate,36.5,3.294724570270498,1.3837595420091906,0.9746957600136361,13.235513653921796,8.148887439793926,3.2395854472979693,1.847040766829899
2016,23,Maine,1331479,53079,29604,33.37057517962608,21.49117857277207,23.925252981228603,13.33051198134146,4.158484745890231,3.723996539141557,44.01868878476343,18.770930994062503,11.349836380020465,30.12076737408297,71.87224918180792,28.127750818192077,184700,797,3.4797189095499164,9.249451666399187,14.934734927512972,18.577141175841223,33.5118761033542,95.31112944548178,4.423408166514684,62.31290209982583,12.480911995715953,Moderate,44.5,2.4605720405654163,1.3182333330078808,1.4149678665604188,12.770637584401332,7.0895601580241525,2.756023685431277,2.925053740945901
2016,24,Maryland,6016447,78945,38662,21.27106878204658,17.104540709550513,22.947002652350687,18.61675879192056,9.516566825704427,10.544062238427236,34.46702832353509,20.87299769945868,18.45085564418553,39.32385334364421,65.88514742850478,34.11485257149523,306900,1314,3.887516625498765,8.633986194811301,14.122403513270932,23.567524682651623,37.689928195922555,93.78329901543376,5.346300607715135,68.00242574828484,9.663191277791793,Low,38.5,3.10173097178451,1.3113719775143038,0.9759082062885288,12.859257297086879,7.3054068145474815,2.887319848204054,2.666530634335345
2016,25,Massachusetts,6811779,75297,39771,24.869097363028118,16.3706802905174,21.058479536698098,17.729020492378456,9.128796719234487,10.843925598143443,34.058273744239834,23.78194463687582,18.953953609877495,42.735898246753315,61.988494989916255,38.011505010083745,366900,1179,4.872704091796486,9.332176062859778,14.351921735334555,23.087749931665286,37.43967166699984,94.58704566361592,5.266769950169109,67.393342831147,10.443732812675638,Low,39.5,2.6878587810908137,1.5070218807744644,1.018647257933647,11.955185732111511,7.138287919203504,2.6019499688752745,2.2149478440327326
2016,26,Michigan,9928300,52492,29128,33.30092815602269,22.209114831470337,22.409261427137398,12.977423906833744,4.654296573796141,4.448975104739695,42.07590022013484,17.1992286849214,11.05101442192343,28.25024310684483,70.31862545064523,29.68137454935478,147100,818,2.8023317838908786,7.912427246784112,13.979806916651489,23.862187410549325,37.84199432720081,93.70517145249858,6.216783689687108,61.165292163425825,14.96483161091042,Moderate,39.7,2.942034386551575,1.3938740771330438,1.1696362922151828,14.230073818711093,8.821541808796862,3.82021306384538,1.5883189460688512
2016,27,Minnesota,5519952,65599,34515,25.430290055730726,20.401447369951946,24.41471104957591,16.498807432314514,6.811667384146412,6.443076708280492,40.19257060470306,23.088849894088582,11.726867462149855,34.81571735623844,71.2995380981745,28.700461901825502,211800,912,3.2287077546913823,9.174728471494777,13.530697558270392,20.605032641796416,34.13573020006681,96.09021339742755,3.832168402551665,69.4893844690109,9.88213728394476,Low,37.9,3.2798473609915444,1.2911344156615854,1.072346281272011,13.865181645424846,7.146185123491909,4.678876314539259,2.0401202073936786
2016,28,Mississippi,2988726,41754,22694,42.51410086644154,22.108325811343924,19.84238186658358,9.7298040311754,3.1877351098974103,2.6176523145581423,39.19337646689715,13.534083929562366,8.24712241354466,21.781206343107026,67.27306883422146,32.72693116577854,113900,728,2.727882358576424,7.475688192848002,12.75162335389535,20.614844412834508,33.366467766729855,91.48725315895439,7.666881759208619,57.1234114567926,20.83615922325533,High,37.2,3.146190048870321,1.6432419699898886,1.0160516554545314,13.188929751504618,7.62696788058342,3.3716119618539784,2.19034990906722
2016,29,Missouri,6093000,51746,28406,33.385858636955724,23.125297720671618,22.95499095772261,12.255932281984158,4.328068156429291,3.9498522462366,41.40713911673195,17.7022208611764,10.753154442086341,28.45537530326274,66.08226996994338,33.91773003005662,151400,771,2.9258300158466355,7.346447209955841,13.525099025221449,19.301311346233437,32.826410371454884,94.42217148564424,4.87783781666615,62.97227847154223,13.989991608921612,Moderate,38.4,3.145035286394223,1.4806991629739044,0.9998687017889382,15.303466444376731,8.52263264125111,4.077337635219227,2.7034961679063927
2016,30,Montana,1042520,50027,28933,34.37909282066687,23.693841994592972,22.752057674977472,11.661159507359567,3.765455091619105,3.7483929107840193,39.907046712394894,20.90101822019152,10.056187343534246,30.957205563725765,68.00720937218384,31.99279062781616,217200,741,4.341655506026745,8.206264553444003,13.267482911439945,17.55652369864043,30.824006610080374,94.66700736893922,4.767264022967342,63.43867628794217,13.322594427883175,Moderate,40.1,3.0464643364156085,1.2762345086904807,1.255899167402064,16.080167003293976,8.91213543068608,3.510477404012804,3.6575541685950923
2016,31,Nebraska,1907116,56927,29910,30.257691000880193,21.897581739039705,24.372694171185803,14.226244779697202,5.038378087703762,4.207410221493334,40.55860172693798,21.058593687189465,10.374571883391488,31.43316557058095,65.3242139113545,34.67578608864549,148100,769,2.6015774588508087,8.711804122319393,13.124221230369217,18.873325283636095,31.997546514005315,95.78915010128809,3.66082017654868,69.48742414257354,11.423291082072035,Low,36.3,3.4850528232157876,1.4249788686162772,1.0017744070103758,15.909084874191908,9.439682801846216,3.737147415250344,2.732254657095349
2016,32,Nevada,2940058,55180,28117,31.413873562063692,22.469999753591406,23.903244822102472,13.528684803602872,4.354134641447063,4.330062417192496,40.05361556940431,15.345939789417143,8.118332247427398,23.464272036844537,54.85074273236804,45.14925726763196,239500,1003,4.340340703153316,8.686890737957498,16.412816228515773,22.156147406779233,38.568963635295006,92.91020876967772,6.647456252955881,63.262626452591284,13.78789929054903,Moderate,37.9,3.199834833190365,1.1476304208964585,1.0470201608267593,16.921770901159622,11.984068755174576,0.8823479839834509,4.055354162001594
2016,33,New Hampshire,1334795,70936,36320,22.559604181752178,19.091968969140083,25.608910520260526,17.311286236442243,7.892548252833516,7.5356818395714535,39.354000586754125,22.526820784604247,14.058565660531075,36.58538644513532,70.10965287154538,29.890347128454625,251100,1026,3.5398105334385925,8.49237254372775,13.230777139478993,20.089704540489134,33.320481679968125,96.05261577913006,3.5946199445236817,67.64216416226705,7.296470123930648,Low,42.7,2.5597938260182276,1.5036016766619593,1.2826688742466072,14.602515239002164,7.9959851781369204,2.6388301650176498,3.9676998958475944
2016,34,New Jersey,8944469,76126,38911,24.064906172102905,16.58919543129967,20.905995550503846,17.182805924773024,9.258483045491356,11.998613875829193,36.35524986177666,23.6667848505924,14.896424860626151,38.56320971121855,63.2310216342429,36.7689783657571,328200,1244,4.311273415127552,8.479965809404456,14.821657222252494,25.8000224758895,40.621679698141996,93.78646660669972,6.017917785730842,65.33668136024963,10.444316754218349,Low,39.5,2.9637533541678103,1.2733679327414518,0.9609737593142758,9.579401298150557,5.530887727757553,2.4177596611767855,1.6307539092162184
2016,35,New Mexico,2081015,46748,25146,38.57105558808171,21.980078168267482,21.163583714416824,11.21031589052223,3.5249563534134007,3.550010285298353,36.833333213548265,15.501936565182362,11.682062641361354,27.183999206543714,67.3949449077224,32.60505509227759,167500,804,3.5830409857106185,7.572442521181729,12.82308454492144,22.017673346409723,34.840757891331165,91.61759871500918,7.421467003449668,58.223821291854435,19.83197422441061,Moderate,37.7,3.0238128989940005,1.4683700021383796,1.1702943035009359,13.568143947805897,8.308303249448334,2.110836661633923,3.1490040367236407
2016,36,New York,19745289,62909,35534,29.95111425160638,17.880862038209173,20.997304223272568,14.965833242475366,7.234583067348364,8.970303177088145,35.637288707616285,20.138429506315994,15.513814972646026,35.65224447896202,53.28258048836921,46.717419511630794,302400,1194,4.806943362634917,8.688185222531418,14.130712340448781,26.94718701713004,41.07789935757882,93.85562805808314,5.925215078102841,63.09419934905753,14.731122373258977,Moderate,38.4,2.9860185890416697,1.3407501910962154,0.9659671225880765,9.705863991716258,5.9195061793896615,2.4511274275606674,1.33523038476593
2016,37,North Carolina,10146788,50584,28156,34.905856471590035,22.63125372995163,22.233074551639533,11.57048059935767,4.296286107927962,4.363048539533173,37.32061882877951,19.566363272181857,10.84004574546126,30.40640901764312,64.22247137934222,35.77752862065777,165400,839,3.2698086351415467,8.243924739117444,13.860557869312148,20.515321788147887,34.37587965746003,92.3308494499594,6.141739137001225,62.0044054627541,15.39424357575986,Moderate,38.7,3.002043602369538,1.4718943571108414,1.0403587815178557,15.169520136094958,8.041260686493281,3.8299881573783843,3.298271292223292
2016,38,North Dakota,757953,60656,33339,28.248935373523643,21.183052288867593,24.48989953480107,16.413335279595348,4.855077522577697,4.809700000634651,43.241315919719604,21.732270739270525,7.827035544377443,29.559306283647967,63.21374399461816,36.78625600538184,184100,776,3.0351490371933525,7.305522488484033,11.461622069251073,17.57759260217725,29.039214671428326,95.67323951600781,2.7670787614609953,70.95043374224747,10.722655956400946,Low,35,3.9213513238947533,1.595217645421286,1.0125957678114605,16.16905922915402,8.963231855451975,3.2320698513006665,3.97375752240138
2016,39,Ohio,11614373,52334,29164,33.43013305384667,22.399203056478203,22.812010978515435,12.837502532613684,4.376983520334104,4.144166858211907,44.760940366402124,17.195083451137275,10.318981386283191,27.514064837420467,65.36271028261699,34.63728971738302,140100,759,2.6770359613253336,7.988151274143808,13.021425093329006,21.015943965140522,34.03736905846953,94.20331548379566,5.643139862424942,63.155899187656715,14.577155538285563,Moderate,39.3,3.0594936119237777,1.3529098815751828,1.080514634754713,14.611724761168855,9.44685967786101,3.463069050785977,1.701796032521866
2016,40,Oklahoma,3923561,49176,25880,36.13808085523996,22.521169339745274,22.288207918918808,11.686727800607347,3.864995351660811,3.500818733827795,41.390966684243025,16.834497572751353,8.389328816364369,25.22382638911572,64.89653191700775,35.10346808299225,132200,744,2.6883032373515534,7.020880590938172,13.198976327575176,19.203357955757188,32.402334283332365,93.26085793180214,5.93424235289081,60.99523803151079,16.285293000450725,Moderate,36.4,3.4613199590881853,1.4666523599352732,0.9876487201294946,16.33700227613528,9.64512324590936,4.058419428528939,2.6334596016969805
2016,41,Oregon,4093465,57532,30822,30.29036482027489,21.358700700779675,23.451432163585668,14.204945287775232,5.427447606952569,5.267109420631962,35.22879320576413,20.032106907323847,12.667182653872425,32.699289561196274,61.69068982323351,38.30931017676649,287100,1015,4.990266286588334,8.89322187879402,15.020121275737047,24.46723877634741,39.487360052084455,94.16206291891032,5.707951763268547,61.93562307597068,13.34852060988119,Moderate,39.2,2.9626001443764634,1.2476715936254494,1.2982155704274985,17.70100890351242,10.40955071305341,3.852998145955021,3.4384600445039895
2016,42,Pennsylvania,12784227,56907,31272,30.92780122853004,21.13490074772605,22.837612355858543,14.220586576412716,5.503373890769742,5.375725200702909,44.8191235684924,18.795961656471803,12.001445868207432,30.797407524679233,68.50285280544603,31.497147194553982,174100,881,3.059377580965435,7.806298251671588,13.08176076365514,22.242047455822416,35.323808219477556,94.13694852870225,5.772208417186382,62.1161796358902,12.872024964554422,Moderate,40.6,2.8485883424942315,1.398457646285536,1.1191525306927044,12.339028616756973,7.570855481870102,2.7748937902223347,1.9932793446645378
2016,72,Puerto Rico,3411307,20078,11952,70.44697369662325,16.76527881446959,8.564278845915139,2.632323710442737,0.910596985530081,0.68054794701921,36.68089117387805,18.258180075263564,7.030233998272488,25.288414073536053,67.99455164435412,32.00544835564588,111900,463,5.5732642693495364,4.164275039688079,8.195136077111224,16.191961030700732,24.387097107811957,83.72596016118867,16.1347822488748,44.73164515508981,43.47949079785281,High,40.7,2.4206264636985177,1.4937969523118264,1.0694141570957993,NA,NA,NA,NA
2016,44,Rhode Island,1056426,60596,33008,30.971073317345965,18.544284108083744,22.33985483993445,16.375701488588792,6.347507220035323,5.421579026011723,36.81613525056366,20.597511051774756,13.49644776546397,34.09395881723872,58.0253234012429,41.9746765987571,247700,948,4.087728562941448,7.360072830406694,15.634027206358656,22.726238204450357,38.36026541080901,93.48096719705234,5.913594245109471,63.85298120803834,12.789942237954428,Moderate,40.2,2.560993387137386,1.6020052516693077,1.0096305846315785,13.342851760223622,8.395023003927546,1.8111468875604744,3.1366818687356015
2016,45,South Carolina,4961119,49501,27016,35.839589922077316,22.921933002358504,21.80434711992788,11.672853584906866,4.0414572335822125,3.71981913714723,40.11983558390261,17.444007276427513,9.78079821134929,27.224805487776806,68.63410844209476,31.36589155790524,153900,841,3.109028100442415,8.308093498309043,13.74784386162685,21.085675092017876,34.83351895364472,92.44982238047487,6.187985571472057,60.48318644802427,15.267552467949363,Moderate,39.1,2.981887755564823,1.5280020495376145,1.161028388958217,14.430578972826721,7.650616217503694,3.410526719344311,3.369436035978717
2016,46,South Dakota,865454,54467,28585,31.129061715014533,23.44020862088065,25.620129160516527,12.254380948674113,3.8547557956066263,3.701463759307551,42.655514990439904,19.6153343205618,9.234768348842715,28.850102669404514,67.20268979619944,32.79731020380056,160700,706,2.9504103402059965,7.553129336157161,12.568465639377784,17.104542466953916,29.6730081063317,95.69152320747992,3.900457218076186,67.90192378217624,13.252485393387254,Moderate,36.8,3.6053909277673912,1.613257319279823,1.264654158395478,15.171134368353492,7.827886516317027,3.620150099785438,3.7230977522510282
2016,47,Tennessee,6651194,48547,27087,36.26770701145235,23.238491713908836,21.69299605841495,10.944548673646459,4.024086073326939,3.8321704692504732,40.2025712151313,16.700285695478748,9.427464846909722,26.127750542388473,65.09397057972126,34.90602942027874,157700,806,3.248398459225081,8.026658777067265,14.355820932989957,19.77554986249235,34.131370795482304,93.88056180647165,5.485931558935361,60.55107255321887,15.767790943240842,Moderate,38.6,3.0947225415466755,1.3097497983068906,1.1298422508800676,13.880694786910041,8.271735111920721,3.0125727991067555,2.596386875882566
2016,48,Texas,27862596,56565,28714,30.937867438398293,21.28038556937929,21.899517304185615,13.889847867132177,5.6243899185495385,6.3679919023550875,33.94712769644135,18.91772168989743,9.974577053075958,28.892298742973388,61.091736954062306,38.908263045937694,161500,956,2.8551224255281533,8.200874306394285,15.059077269570079,20.612478070240456,35.67155533981053,93.8333070577404,5.518215663679379,64.47419535857473,15.645717761309728,Moderate,34.5,3.685600580792974,1.5117579137277803,0.8376211606413128,15.040036580412808,9.24567968129439,3.857898404033164,1.9364584950852533
2016,49,Utah,3051217,65977,26993,22.9170002131163,21.718989722704947,27.428067946990236,16.74712425528576,5.977541146820167,5.21127671508259,37.99827729688142,21.372846340713892,11.204579967744179,32.577426308458065,69.90066235698147,30.09933764301853,250300,954,3.7937463055307155,8.150598314082309,14.634300992317204,19.686065640180217,34.32036663249742,95.5688162073659,4.071370800702267,68.23768119583643,10.215941424989715,Low,30.7,4.300316889949158,1.5034984401306102,0.7407536074949767,16.75749872428757,9.693715767272746,3.497017564195315,3.5667653928195042
2016,50,Vermont,624594,57677,31836,31.161345256640153,20.648535811121008,23.925744846989026,14.452758670752713,5.018226336172901,4.793389078324197,39.835927955719654,21.128029429228576,15.23877123415756,36.36680066338614,69.75526876488615,30.244731235113854,223700,925,3.878495760875219,7.989205879681885,15.355674048703277,23.378611554379273,38.734285603082554,95.93601587789145,3.9183777142452096,65.17234144529289,11.886641214377489,Low,43.1,2.6196217062603866,1.757461647085947,1.4127577274197318,13.239864575782184,7.566190443131678,2.2409253019517683,3.432748830698739
2016,51,Virginia,8411808,68114,36206,25.266479357783467,19.1291867316608,22.49408144091118,16.18150717853604,7.609594282293799,9.319151008814712,33.79247577376178,21.70448262969849,16.376606685377283,38.08108931507577,65.29452441958387,34.70547558041614,264000,1159,3.8758551839563085,8.753050410368486,14.536249908822391,22.325910783518044,36.86216069234043,92.54226647136521,4.905487614292505,65.77550871597498,10.988152960914,Low,38.2,3.053897568750975,1.4800504243558579,0.9546104713754759,14.739211074868958,6.542379320661906,5.018841362381542,3.177990391825509
2016,53,Washington,7288000,67106,35284,24.634330849297488,20.071522602703105,23.922356178081817,16.582890065157173,7.140085749090703,7.6488145556697145,35.682365149588065,21.985327890916842,13.153082473824465,35.138410364741304,62.47371820715906,37.52628179284095,306400,1135,4.565910648824248,8.81737385873102,14.728867992098241,21.37797519340442,36.106843185502655,93.43561126901342,5.348652307133131,64.05460287418147,11.258476090877053,Low,37.7,3.1644346871569704,1.2628979143798025,1.0776207464324918,16.884669636811054,10.16164825935256,3.1445189950346557,3.578502382423839
2016,54,West Virginia,1831102,43385,24769,41.03403150424095,22.459131036870346,20.592833650683744,10.41634066124286,2.973446425480353,2.524216721481738,45.93255542644631,12.559870006510513,8.245668496474181,20.805538502984692,72.43593560671628,27.56406439328371,117900,682,2.717529099919327,7.186242445251624,12.772862690721286,20.05305279657568,32.82591548729697,92.31763690945176,7.578640031116918,53.50783803615503,17.925703360658545,High,42.3,2.801755445627824,1.301948225713259,1.2008069457627157,12.379073611496933,7.024154626723565,2.748426168975799,2.606492815797569
2016,55,Wisconsin,5778709,56811,30902,29.92585296592434,22.362288235744078,24.624344326896715,14.347498364846038,4.608727639645586,4.131288466943246,45.15976161668653,19.28399582135133,10.21201125052087,29.4960070718722,66.66236928437411,33.337630715625885,173200,802,3.0487053563570434,7.984882039171606,12.936632953751518,20.83295736085366,33.769590314605175,95.82099197064852,4.0741859552004485,66.53703171687762,11.75370631768488,Low,39.4,2.956681154908475,1.3641628259876037,1.1403065978923665,14.273969801670278,8.45712893182617,3.736801710893219,2.0800391589508873
2016,56,Wyoming,585501,59882,30042,28.72206744507399,21.34881204191057,24.879817904560884,16.16320616763334,5.0818579816563,3.8042384591649188,43.22788988571985,17.360809019585766,9.742217127182096,27.10302614676786,68.81973356467921,31.180266435320792,209500,840,3.498547142714004,7.611330225887415,11.835066332018645,18.027967013266405,29.86303334528505,93.68317837992794,5.5379282936014125,66.77790008135847,11.321167640400652,Low,37.2,3.5067403813144638,1.255164380590298,1.1316803899566354,17.74097204307033,10.655387167203113,2.502393661687735,4.583191214179481
2017,01,Alabama,4874747,48123,26498,37.8001428055591,21.492671034091433,20.986933019848884,12.213459016704993,3.8918587256640054,3.6149353981315824,39.99166668429212,15.95412990122392,9.568658756160476,25.5227886573844,68.04706610594218,31.95293389405782,141300,750,2.9362259210772397,7.099985385731716,12.89675189390721,20.832469505459958,33.72922139936717,93.59720515692223,5.812864034563122,56.50258653527149,16.888918814281144,Moderate,38.9,3.0234389600116685,1.4756458130032184,1.0864153565302979,13.434445317546395,8.046656982082412,3.067907804030549,2.319880531433434
2017,02,Alaska,739795,73181,34222,21.87994783461819,18.611236295619783,24.0718510335366,19.704794987656584,8.442576204130955,7.289593644437886,38.38143038991945,17.950789204275264,10.84805455591296,28.79884376018822,63.549240052484436,36.450759947515564,273100,1201,3.731842964703953,9.106425812663435,14.121907721259996,18.783986345284855,32.90589406654485,88.4891422004935,7.250588675876858,68.01478028457979,11.10549750718973,Low,34.5,3.5231381666542756,1.4505369730803803,1.0523185477057833,17.56349247613132,11.116006315726104,2.3155838078793334,4.13190235252588
2017,04,Arizona,7016270,56581,29420,30.187718470864546,22.22147363935053,23.156148990274865,13.8925142931454,5.179649443863857,5.362495162500803,36.275263925803195,18.318736705012267,11.037784827402353,29.35652153241462,64.72146972234714,35.27853027765287,223400,1020,3.9483218748343085,7.762052115636356,15.016360388208087,22.054602726250234,37.07096311445832,93.66869978080722,5.774853209758349,59.897608991914865,14.861800504575,Moderate,37.7,3.164630209498779,1.4277101650877175,1.0759135552081092,16.911124126541125,11.28295035382456,1.8543671429794972,3.7738066297370665
2017,05,Arkansas,3004279,45869,25316,38.85213714202459,22.889352188309246,21.090520882296314,10.244804792720725,3.958261424599465,2.9649235700496583,41.53175814753848,15.001707828826758,8.405704447026933,23.40741227585369,65.25112697969442,34.74887302030558,128500,711,2.8014563212627266,8.516208573860133,12.942899998252983,18.05117761422371,30.994077612476694,94.05860599172759,5.547936214145478,58.046860133607034,16.403029707635064,Moderate,38.1,3.227263513142421,1.4414773062022534,1.133150416455995,15.150274811809075,8.550715117091896,3.92434295300996,2.675216741707219
2017,06,California,39536653,71805,35046,24.88705005429794,17.58093768927675,21.589143087514074,16.423545322268644,8.436184674362675,11.083139172279914,31.85202610281022,21.05173180693492,12.59328917995629,33.64502098689121,54.786903934665,45.213096065335,509400,1447,7.094213494881972,9.286570577211897,16.549980297642502,26.655886634148562,43.205866931791064,93.48832832610721,5.8739574550502205,63.673499581523885,13.301895724713619,Moderate,36.5,3.1850015225112758,1.3428729032778772,0.9406866079432672,12.172908324375307,8.069191759378501,2.7653058446731187,1.3384107203236844
2017,08,Colorado,5607154,69117,36345,23.286619761434963,20.192950004370775,23.830559641960782,17.209414516687726,7.641523237349166,7.838932838196584,31.596821406631175,26.03025377884433,15.169876621766019,41.200130400610355,65.20285320681917,34.797146793180836,348900,1240,5.047962151135032,9.915728865382471,16.400428274154567,22.932280828551967,39.33270910270654,94.70936709340313,4.156181691167081,68.21226457863136,10.29183469801047,Low,36.8,3.0360856862501016,1.3799157290846658,0.9821203412640351,17.341503012657963,8.241190181228598,5.005735904452354,4.094576926977011
2017,09,Connecticut,3588184,74168,42029,23.098376870814484,18.291343654966752,21.614549935803037,16.95271536201633,8.711623704083692,11.331390472315704,37.394610911464746,21.404260233357686,17.275109128280967,38.679369361638656,66.2042421589048,33.795757841095195,273100,1125,3.6821809944989754,8.935768371833346,14.832900062809687,24.51562390955405,39.348523972363736,93.46165117967294,6.07674217029169,65.73756480414012,9.594255300087521,Low,40.9,2.63252943550275,1.4702144594591582,1.0348410226454385,11.108492907088468,6.83902384980782,1.926442026636133,2.343027030644516
2017,10,Delaware,961939,62852,33887,28.388794676158096,18.807779022565423,24.13525285175883,14.615700528305261,7.241777184253095,6.810695736959298,42.16979423648406,18.026498992112053,13.454487699017047,31.480986691129104,70.94768073711295,29.052319262887043,252800,1086,4.02214726659454,8.144130629201166,13.593745492311687,21.868659185106118,35.4624046774178,94.09603325886889,5.2398243904122,59.306642385892935,13.582160272186552,Moderate,40.1,2.9181684077680603,1.3007061778345612,1.143315740395181,12.339768323553283,7.1981806899897,1.0960166896075274,4.045570943956054
2017,11,District of Columbia,693972,82372,52500,26.349054090061287,11.912958522071232,19.168309796607158,16.451905142552626,9.407940314415136,16.709832134292565,21.337649156716147,23.891762060920232,33.42950260202906,57.32126466294929,42.20801136868283,57.79198863131717,607200,1499,7.371436896032632,9.261080715559107,12.310813303006087,23.30853875945165,35.619352062457736,92.63163043212442,6.535912547993446,70.5438071677242,16.638360867156493,Moderate,34,3.2847146570755013,1.3298807444680765,0.7474364959969566,17.55873892028446,9.3475562564799,0,8.211182663804559
2017,12,Florida,20984400,52594,29838,32.57648540357276,22.91230492106335,22.118920192604282,12.222332900388091,4.780672575320248,5.389284007051268,40.92003043639233,18.904570831622024,10.752150257616805,29.65672108923883,65.15228159715703,34.84771840284298,214000,1128,4.068905198311595,8.89208318453364,16.793972035732825,26.76349561922503,43.557467654957854,94.00858078255429,5.471301537575971,58.409235264080614,14.047239853144786,Moderate,42,2.7449295667257583,1.2261108251844228,1.135329101618345,14.292335718440615,8.406868912556972,3.1584020909312662,2.727064714952376
2017,13,Georgia,10429379,56183,29668,31.35943375217686,21.13485608028039,22.716320158159757,13.54536652680294,5.465632988827457,5.778390493752593,36.56427629478195,19.01980938006904,11.888977796777448,30.90878717684649,62.88051985087611,37.11948014912389,173700,958,3.091682537422352,8.59280136272868,14.510139898370825,21.263933728110306,35.77407362648113,93.37296829672187,5.709008350032176,63.26292189553221,14.945739170064995,Moderate,36.8,3.236721956312068,1.4833960871495802,0.8733693540142707,14.383964576134156,7.019867086713069,4.6563050603345,2.7077924290865854
2017,15,Hawaii,1427538,77765,33882,21.49764887202616,17.299455551238,24.15702129331686,18.62783194128511,9.273748138963233,9.144294203170638,42.25713208999503,21.748364309883097,11.193953559229621,32.94231786911272,58.52234772244028,41.47765227755972,617400,1573,7.9393043142802036,8.964736842105262,17.180526315789475,25.554736842105264,42.735263157894735,90.33172272811744,3.95067300289378,65.31149405656215,9.545857189154153,Low,39.2,3.2196691086331852,1.1589884122173981,1.1355914868816102,11.49317738791423,7.682225766436293,0.5178805599858232,3.2930710614921144
2017,16,Idaho,1716943,52225,26386,31.70659137626273,24.370415990146128,24.057843505802747,12.579522823070215,4.017692178489447,3.2679341262287345,40.387286065329,18.24088765124286,8.532022292019702,26.77290994326256,69.66383261215577,30.336167387844228,207100,822,3.9655337482048827,7.654949852880691,15.918942006517545,18.164752533721433,34.08369454023898,95.35680961671291,4.120063497449196,62.11513463184271,12.825980097136599,Moderate,36.3,3.5423424074066525,1.5574192037825367,1.025077710791797,16.65753738382299,9.24741261564578,3.1662477821154984,4.24387698606171
2017,17,Illinois,12802023,62992,34196,28.086403065129,19.360002096212842,22.784086749938446,15.438150075530208,6.870503956185823,7.460854057003679,36.838532238849474,21.01632043984552,13.413280744573052,34.429601184418566,66.17694032780777,33.823059672192244,195300,974,3.1003937007874014,8.045608814342982,13.636285384028923,23.485649639703894,37.12193502373282,93.60743111773043,6.125042038002354,64.98489051342008,12.554287843937646,Moderate,38,3.075467057042469,1.372618999356586,1.0145505909495711,12.330938893438894,8.148299814966482,2.641546217935107,1.5410928605373049
2017,18,Indiana,6666818,54181,28323,31.72593427675059,22.576632611204243,23.997702263208172,13.268687001402652,4.510618429835541,3.9204254175988025,42.823568191405485,16.983408401248433,9.834471808892127,26.81788021014056,69.03768390008365,30.96231609991636,141100,793,2.6042339565530352,7.847193542805687,13.252858364307102,20.608260429730272,33.861118794037374,95.16293161853945,4.738535673054308,63.42945099856786,13.479208915848604,Moderate,37.7,3.262695936802235,1.4994709620091624,1.094795148150137,14.181341155816845,8.289370802042237,3.7333132269291904,2.1586571268454176
2017,19,Iowa,3145711,58570,30865,28.563862569134912,22.380666478463308,25.069880437851143,14.946580729301276,4.990994071594149,4.048015713655214,45.443092321586086,19.419659593611758,9.512829831668903,28.93248942528066,71.59907912891002,28.400920871089973,149100,760,2.545671845654772,7.524436990225205,12.534474986210006,18.753832498467002,31.28830748467701,96.32248644758792,3.579680451519089,67.29247283684256,10.728072033724342,Low,38.3,3.1988634683860027,1.6157555477918983,1.1515361709960006,14.16137733031208,8.084219538572459,3.596469770316201,2.480688021423422
2017,20,Kansas,2913123,56422,30146,29.674760381688653,23.1012335881054,23.661118015063114,14.101098067907133,4.814421474902634,4.647368472333064,38.475202254836894,21.18855695479405,12.559542311795887,33.74809926658994,65.8564389366359,34.14356106336411,150600,815,2.6691715997306016,8.839483753810235,13.518386406381735,18.606394707828006,32.124781114209746,94.7421693356843,4.159737507401727,66.51896740937374,11.901034740338744,Low,36.7,3.36992293150684,1.4953367914777371,1.0306808191758468,15.721682004223258,9.042536736272234,3.6844895157155646,2.9946557522354595
2017,21,Kentucky,4454189,48375,26779,37.14089113605877,21.959972962851744,21.391462429146323,12.068167931762504,3.8460691209564564,3.593436419224201,40.725476680160305,14.041821783909853,9.925162796505942,23.966984580415794,66.47219706973891,33.52780293026109,141000,724,2.9147286821705425,7.503553113426446,11.880193510683547,18.99091578688927,30.87110929757282,93.82645963045432,5.4715108444337694,59.29324834841453,17.24005812481454,Moderate,38.9,3.251837764405597,1.4974443159012787,1.0523352287026886,15.160392881559048,8.870260035751595,3.929133463161621,2.3609993826458315
2017,22,Louisiana,4684333,46145,25885,40.29426816638776,19.825193725487487,19.662971476400923,11.939856878298198,4.267515886900352,4.010193866525284,40.23501759619418,15.461415765331092,8.33534971414397,23.79676547947506,65.17840129915959,34.82159870084041,162500,836,3.521508289088742,7.6924221433838,15.451632848069249,24.39286883321706,39.84450168128631,92.78164298007097,6.495374600483641,58.9254771652343,19.745919042608264,Moderate,36.8,3.3488865970886357,1.4787163935612606,1.0258023927846291,12.667749756909451,7.545936662115153,3.5486684339957866,1.573144660798512
2017,23,Maine,1335907,56277,31088,31.366147896605845,21.441735880168366,24.67469808247945,13.824522745716402,4.6107006261102965,4.08219476891964,42.48986354374627,19.949780805565275,12.117130096527879,32.066910902093156,73.16802197578744,26.831978024212553,191200,806,3.3974803205572437,9.083706510506373,13.056837754047537,18.214261109197384,31.271098863244916,95.59608211611287,4.198769966686598,63.043164131040605,11.067493790423727,Low,44.6,2.4340017680871497,1.3149867468319276,1.427868856140435,13.491548029587378,7.511997284118824,3.389785655580599,2.5897650898879547
2017,24,Maryland,6052177,80776,39960,20.564089948866126,16.80350539087038,22.46628639047035,18.81384089378044,10.06603867183306,11.286238704179642,34.098417220062174,21.333360847143826,18.319638814052393,39.65299966119622,66.709161195156355,33.29083880484365,312500,1337,3.8687233831831236,8.567272192835748,15.723630761945067,23.25367459443718,38.977305356382246,94.04266517890885,5.172923010050561,67.85147755868034,9.28389370698978,Low,38.7,3.0532814886279764,1.25948067943155,1.0136517818299102,12.884737776692646,7.35758992933709,2.7607182155932684,2.7664296317622874
2017,25,Massachusetts,6859819,77385,41821,24.59544391186946,15.331096057742286,20.63575786750937,17.627566552038925,9.61460355921832,12.19553205162164,33.94597931367027,23.944210519501322,19.46477583196497,43.4089863514663,62.32413317087365,37.67586682912635,385400,1208,4.980293338502293,9.224923810853248,13.93076900347347,23.374962682347046,37.30573168582051,95.31828645317373,4.557095233442196,66.71101311827042,10.452349615942392,Low,39.5,2.713905425201452,1.5169059125320945,1.0629434974887821,12.137827958946643,7.037528951524037,2.945610458514377,2.1546885489082297
2017,26,Michigan,9962311,54909,30488,31.37971158903384,22.431404240745014,22.749392687105424,13.529178118059033,5.131911643130297,4.778401721926394,42.019852448414866,17.61725159876879,11.49953587679692,29.116787475565708,71.33231230297477,28.66768769702523,155700,835,2.835600721193247,8.109209200768653,13.535319466202752,23.001566598174225,36.53688606437698,94.03780897682375,5.8795197469596285,61.4681498992487,14.159681116687675,Moderate,39.8,2.9335060911067723,1.3880815405180584,1.1298081338757644,13.72731397689449,8.32589102182142,3.8910989683626473,1.510323986710424
2017,27,Minnesota,5576606,68388,36156,23.710775682854262,20.04924588765851,24.631592383907027,17.102632444289664,7.319359673963365,7.186393927327167,39.709735508212965,23.525202095269552,12.524984014465321,36.050186109734874,71.5746058085913,28.425394191408703,224000,939,3.275428437737615,8.91416931194549,13.21977751998399,21.542684305835994,34.76246182581998,96.32317936479477,3.6040606329013833,69.48296737273716,9.493958626803522,Low,37.9,3.262217198059178,1.3533500483986138,1.0313082903830753,13.770794690234013,7.286701886551421,4.386015211302977,2.098077592379614
2017,28,Mississippi,2984100,43529,23121,41.3538709500174,22.128335683803734,20.635634352277517,10.082876975768787,3.168739354200626,2.63054268393194,40.19657629784708,13.53618384956983,8.333261030111656,21.869444879681485,68.50445978864082,31.49554021135918,120200,742,2.7613774724896047,7.253616340771971,12.75859562404594,20.223304499527515,32.98190012357345,92.2607656671672,6.97376266919518,56.54726775166296,19.76638241902437,High,37.5,3.1090110921215777,1.8201467779229918,0.9784859756710566,13.139661028221857,6.823684386442894,3.8202276167631104,2.495749025015855
2017,29,Missouri,6113532,53578,29438,32.063174621143034,22.7552738104971,23.33318659111539,12.973437562234421,4.643301112934907,4.231626302075145,40.93309479492323,17.921631699104275,11.13280445271699,29.054436151821267,66.95092730600155,33.049072693998454,156700,800,2.9247079024972935,7.600235961256684,13.541638915846828,19.904854331982264,33.446493247829096,94.86680546545401,4.585720054172458,63.00667253413022,13.422111030821204,Moderate,38.5,3.1683485095031805,1.4186889019309952,1.1167194348536982,15.019544272176406,8.13554646890988,4.1528660269075015,2.731131776359022
2017,30,Montana,1050493,53386,29428,33.330181923037834,22.142281447726376,23.01396153546164,13.351264857914726,4.679371577272974,3.4829386585864506,39.20883390956602,21.740139788244853,10.56993143245641,32.31007122070126,69.1541535981621,30.8458464018379,231300,759,4.332596560896115,8.07549078203301,13.136560771152283,19.032075153632782,32.168635924785065,96.0800276799707,3.4866401585307414,63.83335813615093,12.471974489342742,Moderate,40,3.0073498823885547,1.1698316885500426,1.3687858938612634,14.613200919964973,8.051329426369122,3.149917722798002,3.411953770797848
2017,31,Nebraska,1920076,59970,30915,27.3636496176225,22.653050404909276,25.697756100147117,14.73617940595634,5.17647682540524,4.372887645959523,40.49897796631974,20.911587336629463,10.756368453068244,31.66795578969771,66.28132910972975,33.718670890270246,155800,801,2.5979656494914125,7.802157198786183,13.350812094149465,15.693542554362352,29.044354648511817,96.21914213073075,3.334643018582908,70.05827956687519,10.772381045319184,Low,36.5,3.5392349052849994,1.4227041012959902,1.1636518554473885,15.64229441505382,9.221224389813838,3.649106728532159,2.771963296707822
2017,32,Nevada,2998039,58003,30166,28.558221033369787,22.9395229181455,24.222716156303644,14.340593433478316,5.184206655685617,4.754739803017139,39.83903488789151,16.484746847100105,8.393353948758712,24.87810079585882,56.577895566743685,43.42210443325632,258200,1051,4.4514938882471595,8.347920488781917,15.476831669836569,21.6320502246983,37.10888189453487,93.57295684964163,5.912569727107115,63.707206295069675,13.002157209931763,Moderate,38,3.1378177535382292,1.1349752288078976,1.1001191111923494,17.416860584398755,12.070906401174843,0.8554539024706289,4.490500280753283
2017,33,New Hampshire,1342795,73381,38237,22.99432570455835,17.62852279175336,24.29430679024021,18.38887838093437,8.413656137696236,8.280310194817476,40.144884421271286,22.625142875037188,14.315374136878201,36.94051701191539,69.80083222999811,30.19916777000189,263600,1072,3.592210517708944,8.559277979243781,14.821217188703706,21.12073554925061,35.94195273795432,95.89393837614708,3.8049627314384917,67.87176562298856,7.6962163310744955,Low,43.2,2.468433379629802,1.413618608946265,1.3350511433241858,14.285639139667945,7.6253699064131135,2.68556940413694,3.9746998291178905
2017,34,New Jersey,9005644,80088,40567,22.685486942641322,15.834358042971319,21.150938952988042,17.6663773247032,9.633471873662156,13.029366863033964,36.2715088110779,24.17017908945298,15.555410841990216,39.725589931443196,63.81043482691366,36.18956517308635,334900,1284,4.181650184796724,8.914135409217689,15.26128689148737,24.855842159075397,40.11712905056277,94.50080609782616,5.316712534116676,65.44772103202186,9.99493840021741,Low,39.8,2.938113032227345,1.309523227877984,0.9611972225417749,9.684562317463229,5.498041512241433,2.479419352514441,1.7071014527073551
2017,35,New Mexico,2088070,46744,25311,38.81621195641555,21.90411681570395,20.11215245439329,11.666851199353918,4.139350401521417,3.361317172611876,36.74237769273613,15.235271923678113,11.822346790276505,27.057618713954618,67.92322571821208,32.07677428178793,171300,813,3.664641451309259,7.447970599581734,14.387119043268157,21.42697610200808,35.814095145276234,92.6078048417053,6.499422592850795,56.78072629918594,19.65353463259477,Moderate,37.7,3.101045463035243,1.5923795658191537,1.0241514891742136,12.143731201166668,7.095317236069714,2.2725862346482257,2.775827730448728
2017,36,New York,19849399,64894,37156,28.893703079213818,17.812498117555446,20.773932510187105,15.089100550194049,7.599449203568512,9.831316539281074,35.694804159311985,20.222077323333572,15.81087569382884,36.03295301716242,53.804139789921926,46.195860210078074,314500,1226,4.846364841125528,8.410102364965285,14.701631361061956,26.61317209885668,41.314803459918636,94.2822198590215,5.480147662315078,63.16347957138153,14.077471010619938,Moderate,38.7,2.9883121398285155,1.3440507694968498,1.042681443402896,9.880399245926062,5.963412555769988,2.4645037815973923,1.4524829085586821
2017,37,North Carolina,10273419,52752,29560,33.12488353553377,22.217185085772208,22.30706973759497,12.519554020422904,4.943403010162402,4.887904610513749,37.113493635199184,20.121610284951693,11.213263559754177,31.334873844705868,65.40002209822381,34.59997790177617,171200,861,3.245374582954201,7.602745582055065,14.188137992316872,20.56278147660168,34.75091946891855,92.99738568547109,5.186962569377717,62.35228039106031,14.70009817123357,Moderate,38.8,2.973498890680892,1.4368634239487361,1.0466622650161548,14.304139289087935,7.702718772234951,3.512064116199192,3.0893564006537937
2017,38,North Dakota,755393,61843,34041,28.399081901702782,19.399568772011914,25.934063849563397,15.47109444651698,5.641372594892288,5.15481843531264,41.80748693295476,21.78748306123766,8.95213589727044,30.739618958508096,63.40505712822394,36.59494287177606,194700,785,3.1482948757337126,5.89017900338655,11.76653535144101,18.979369686916854,30.74590503835787,95.44603648237812,2.8870153511241226,71.16423491703115,10.321311295596795,Low,35.4,3.6612730062364887,1.639808682367986,1.0896314898337687,17.42463818135182,8.561441016543544,3.852057568680747,5.01113959612753
2017,39,Ohio,11658609,54021,30038,32.473187304057774,21.837156045862265,23.20255948330388,13.420210696281618,4.752857821148133,4.314028649346331,44.881052533330156,17.313378982533575,10.641797019125182,27.955176001658756,65.78218766230316,34.21781233769684,144200,772,2.6693322966994315,7.605082244267572,12.818571694246314,20.72615655120722,33.544728245453534,94.69808539474981,5.146261848482942,62.93092026631879,13.970207828917419,Moderate,39.3,3.0400539206692665,1.397370818422678,1.1414569268083354,14.337312259805875,9.084506058059,3.5260083042617048,1.7267978974851712
2017,40,Oklahoma,3930864,50051,26472,35.6982352669135,22.51027636694043,22.305157090353138,11.831424055539989,4.060695174800253,3.5942120454526902,41.50947992084794,16.90537555085922,8.633304644964031,25.538680195823254,65.45882516166066,34.54117483833935,137400,780,2.745199896105972,7.745121396547616,14.017063052171668,18.72446498293892,32.74152803511058,93.81606438216131,5.314974913408042,60.95306604678631,15.82871776859179,Moderate,36.6,3.4769455264796747,1.4905883286727803,1.014153631364504,16.63307465939717,9.732677798985636,4.269771166705625,2.6306256937059103
2017,41,Oregon,4142776,60212,31950,28.81940092352686,21.00203599946372,23.870643880933002,14.638867323299879,6.016331646540516,5.6527202262360206,35.38741794329578,20.996865084904666,12.727755287045511,33.72462037195018,62.79577335241498,37.20422664758502,319200,1079,5.30126885006311,8.598605477523382,14.998491502128658,25.028661459555497,40.02715296168415,94.76772883548192,5.092894199997146,62.386766326638075,13.23602824183343,Moderate,39.3,2.854800742304194,1.2950012262309138,1.2030097692947919,16.33964302709281,9.280413100968103,3.4143920305174396,3.644837895607268
2017,42,Pennsylvania,12805537,59195,32711,30.47486289496124,20.030263033638526,23.14976328429982,14.44090552714639,5.826642210802653,6.077563049151375,44.83078710683661,18.942382869824062,12.49702873904037,31.439411608864436,68.30079993994511,31.699200060054896,181200,893,3.0610693470732326,7.929728783284857,12.584034857224195,22.02919380702309,34.61322866424729,94.61254355785194,5.291098871725958,62.38186021519769,12.491579363051407,Moderate,40.8,2.8211077754880565,1.4043300175541251,1.1589283604428302,12.170039990084138,7.404564168360732,2.792086750852608,1.9733890708707986
2017,72,Puerto Rico,3337177,19343,12279,71.202504816147,16.605739084449407,8.247510083479881,2.498856296246553,0.6121857962486518,0.8332039234285091,37.20660927816357,18.28572647658058,7.422573522352716,25.7082999989333,67.32314562601516,32.67685437398483,109800,453,5.6764721087732,5.368101705451846,7.488677844539035,15.719236232952547,23.20791407749158,83.45196632836914,16.383004398283962,43.35540423081461,44.41864509036914,High,41.4,2.463369488642646,1.55919209559457,1.0201736377782777,NA,NA,NA,NA
2017,44,Rhode Island,1059639,63870,34511,29.4560462681163,17.65023926722577,22.91044849149109,16.46271052090775,6.8506757219607195,6.669879730298374,38.579641748838824,20.312794703712097,13.138273115965529,33.451067819677625,60.84996134537661,39.15003865462339,257800,941,4.036323782683576,9.516638025308545,13.045461646617715,20.45180440556163,33.49726605217935,93.68696236769826,5.704149184636365,65.39724520165521,11.621059617733339,Low,39.5,2.644863014668203,1.5742153695739776,1.0217630721406064,11.47204374807472,6.350299318391415,1.607364081220811,3.5143803484624945
2017,45,South Carolina,5024369,50570,27909,35.58705579759593,21.85601805679492,22.111017794341503,11.929819956957639,4.302608786940318,4.213479607369692,40.396695443560134,17.62631426272507,10.375477917017896,28.001792179742967,68.74547267859955,31.25452732140045,161800,848,3.1995254103223254,7.970542297163395,15.004282619283543,21.874779571066288,36.879062190349835,92.95718359337769,5.71644904151806,60.36450114067108,15.399347085231183,Moderate,39.4,2.952768795444761,1.5257040237291488,1.1427305597976583,14.052725508440941,7.418814867108948,3.279784125161013,3.3541265161709806
2017,46,South Dakota,869666,56521,29611,31.409399872189624,21.09975018881078,25.071748097368268,14.293266717016209,4.306628710858072,3.819206413757044,43.92377458189672,19.11083108958349,9.03910651473565,28.149937604319135,67.70812757799338,32.29187242200663,167600,722,2.9652695458325224,7.531843696027633,10.82685664939551,19.435449050086355,30.262305699481868,95.80901856763926,3.509554484923943,67.94661668294864,13.003595986130959,Moderate,36.9,3.5196270752219814,1.4459574135357711,1.1919518527802628,14.693962830589943,7.1969334419639415,4.449847442472856,3.0471819461531457
2017,47,Tennessee,6715984,51340,28764,34.307391290071486,22.827568756748196,22.25928136426059,12.056106356389709,4.145859529369498,4.403792703160522,40.219895463678064,17.235438610791046,10.097564473254929,27.333003084045977,65.43127608738901,34.56872391261099,167500,833,3.2625633034670822,8.145474457041006,13.968140445765561,18.7981427366139,32.76628318237946,94.53480368572681,4.9014464626403225,61.47851779836607,14.9538646753076,Moderate,38.6,3.0506624196841448,1.3973976114296875,1.078233658686501,14.164570935093748,8.148511488583683,3.1267652624060687,2.8892941841039965
2017,48,Texas,28304596,59206,29525,29.689052454344267,20.777620322128072,22.331557956806165,14.526177296169921,6.080919180778967,6.594672789772601,34.067828118985666,19.34125339833182,10.254793754000833,29.59604715233265,61.97278767365408,38.02721232634592,172200,987,2.908489004492788,8.582582518578755,14.741135248850245,21.222174221812715,35.96330947066296,94.28669476769514,5.116584510914978,64.34165881917583,14.730649204629383,Moderate,34.7,3.65357979318977,1.4715030732111491,0.847480741290213,14.925331871875697,9.103135181870973,3.9438872462133077,1.8783094437914167
2017,49,Utah,3101833,68358,28085,22.14172359777251,20.714994546095742,27.09083416030378,17.86030623877439,6.486865522303598,5.705275934749982,36.41714581275126,22.81313713201991,11.802620092116461,34.615757224136374,69.87179224315392,30.128207756846088,275100,986,4.024400947950496,9.196454395426782,14.601289620089492,17.93218435782704,32.533473977916536,96.18869820200993,3.55961386546136,68.66368689096171,9.71479375345808,Low,31,4.167471298422578,1.5285477973830313,0.7696416925089133,16.300999315161054,9.582280961968042,3.460285394279746,3.2584329589132626
2017,50,Vermont,623657,57513,32443,30.618519341150062,20.92709709346956,24.414621886068993,14.480826406992195,4.376356530244049,5.182578742075136,39.78195493856811,22.486096155641103,15.797225833035489,38.28332198867659,69.51864364510637,30.48135635489364,226300,950,3.9347625754177318,10.530016363264473,13.401257925956228,23.00189200245449,36.40314992841071,96.04686980054716,3.757299479649802,65.35656752871074,11.309434503269085,Low,42.6,2.507307702791759,1.5633593465638966,1.2891701688588437,12.834342073595234,6.969434120134585,2.332620996334937,3.5322869571257125
2017,51,Virginia,8470020,71535,37442,23.799505267744994,18.434800440901284,22.929782625413345,16.60131116864474,8.330567019558586,9.904033477737048,34.09805577602933,21.978567699695166,16.732808798971348,38.71137649866652,66.56510343236523,33.43489656763477,273400,1179,3.821905361012092,8.334555226203516,14.273817087908244,21.108462877936258,35.382279965844496,92.98912712218039,4.482173584258607,65.73780804257058,10.637154203661247,Low,38.2,3.0404414629481393,1.4123107147326688,1.0584980909135988,14.437191087703322,6.5692870081440216,4.876093487720904,2.991810591838397
2017,53,Washington,7405743,70979,36975,23.31965087733072,19.11285016038364,23.87457721281365,17.41187877524709,7.74780953373443,8.53323344049047,35.88127169750967,22.155999410423586,13.342439623298304,35.49843903372189,62.79268561884567,37.20731438115433,339000,1216,4.776060524943998,9.391215978380588,14.581180665160273,21.23022857077973,35.81140923594,93.88277826548011,4.861740299287538,64.55595311934927,11.028191516492333,Low,37.7,3.127572749959052,1.227722863188744,1.0437980361997439,16.926847817220583,9.961467784862869,3.4021373143807097,3.5632427179770048
2017,54,West Virginia,1815857,43469,24478,41.338136858528074,22.007722547490033,20.608045764901274,10.05552852757134,3.3101824668534396,2.680383834655841,47.571735647008246,12.223238363231328,7.978895532887795,20.202133896119122,72.53966123683784,27.460338763162163,119800,690,2.7559870252363754,7.7698471689083934,11.194037449217516,20.682598026737807,31.87663547595532,93.13280414243206,6.676229945047536,52.4340561811977,19.081265067658006,High,42.4,2.856447396463488,1.5163638986990715,1.434364049592011,11.420859408799169,6.577245474351974,2.618909128924666,2.2247048055225305
2017,55,Wisconsin,5795483,59305,31998,28.643705274193472,21.808770225669736,24.949016994902337,14.867550556462536,5.340355436534934,4.390601512236985,44.70325253882353,19.773378562292095,10.607112116498508,30.3804906787906,66.61292868591278,33.38707131408722,178900,819,3.0166090548857603,8.14903643968222,13.128939433715564,19.682449464377196,32.81138889809276,96.42135754221586,3.477890784927705,66.26293374017591,11.329353783058652,Low,39.5,2.953869418648972,1.3520874791626514,1.2094073953801607,13.954412672734717,8.516196930358618,3.4750640708122704,1.9631516715638304
2017,56,Wyoming,579315,60434,30883,28.789261102942483,20.75856082481532,25.337029885383267,16.765133129019112,4.8388811139258445,3.511133943913976,42.24142378127418,17.36187774052102,10.261800361103948,27.623678101624964,70.76830413293416,29.23169586706585,214300,832,3.5460171426680347,8.673716744439732,12.706805648142536,16.664141567177744,29.37094721532028,93.751702601242485,5.108135942327498,66.00285929798095,11.332137385403067,Low,37.5,3.2469381942466535,1.5623624453017788,1.2759897465109655,15.667247329040269,10.030986097233919,2.4084410523066944,3.227820179499654
2018,01,Alabama,4887871,49861,27525,37.07610673658247,20.780310740066753,21.586753658936257,12.113084200812427,4.440260373095067,4.003484290507033,40.09700179537517,16.06267513297522,9.466798742997677,25.529473875972897,68.03945053428663,31.960549465713374,147900,788,2.9662461643368565,7.815464635612816,12.366952424160141,20.952832304819985,33.31978472898013,93.84561749729905,5.593935866120156,56.77568114010684,16.802075977554185,Moderate,39.3,3.057281994553457,1.4802763820894618,1.0723073501735214,13.331276366527481,7.89057847121426,3.1788414682852553,2.2618564270279644
2018,02,Alaska,737438,74346,35735,20.794654116463892,17.54304638363236,25.533979438305092,19.01583572643596,8.3122831966875,8.800201138475197,38.91641753527845,18.468001640043433,11.701380232531786,30.16938187257522,65.64814123692305,34.35185876307695,276100,1177,3.713716945094558,9.8441270313232625,11.843143533501824,17.283258808595313,29.126402342097137,88.91291770060558,6.534065340653407,67.88245356793745,10.906281168977998,Low,34.9,3.5832164873521566,1.3588939002329687,1.2562412026502567,15.584929947027081,8.817543222711794,2.3531142905864426,4.414272433728843
2018,04,Arizona,7171646,59246,30530,28.462822524440597,22.011606939989246,23.742932137040228,14.2258839657912,5.718437607342391,5.83831682539634,36.340403412678214,18.553214839398517,11.165848260770398,29.719063100168913,64.8115478801575,35.188452119842495,241100,1036,4.069473044593728,8.910885707732428,14.4827166385305,20.608610863206046,35.091327501736544,94.12329542310803,5.320946860791533,59.780763306730286,14.023053438510381,Moderate,38,3.109941567110256,1.4133714910077826,1.0929569027807564,16.391305273790902,10.888816393815803,1.6419993012828946,3.860489578692203
2018,05,Arkansas,3013825,47062,26626,37.75778377943645,23.418662391133456,20.129597776445998,11.317623516124485,3.7705809761256788,3.6057515607339314,42.43515753937186,14.660284014502912,8.647788088562514,23.308072103065424,65.75889417276994,34.241105827230065,133100,731,2.8281840975734136,7.912442605809883,13.346769508973447,19.752946108812818,33.09971561778626,95.26473293837218,4.474555090139085,57.86522308261439,17.24535865959675,Moderate,38.1,3.2001526299635845,1.4816056008560552,1.0268678506548987,14.380329580932008,8.26475884596606,3.656566735921606,2.4590039990443424
2018,06,California,39557045,75277,37124,23.764106546741225,16.8557484393123,21.460624372997746,16.647067706375445,8.921879707059038,12.350573227514246,31.97052064086173,21.27434269339196,12.926126256747741,34.2004689501397,54.81637946769469,45.18362053230531,546800,1520,7.263838888372279,8.766201334200632,16.491745137271778,26.645715587920883,43.13746072519266,93.85630316568235,5.4968324633327255,63.87652677957446,12.801452628690468,Moderate,36.7,3.142557792170775,1.3438642851102756,0.9640406658282993,11.743382424017616,7.7009805652267085,2.7615008699117105,1.2809009888791962
2018,08,Colorado,5695564,71953,38057,22.72398802438674,18.952322193060596,23.859898004232903,17.514633006807834,8.24625808025425,8.702900691257682,31.690334583070424,25.997804776930515,15.67987176328306,41.67767654021358,65.14190605565986,34.85809394434013,373300,1289,5.188108904423721,9.159093065674192,16.479171718662688,23.28829588706021,39.7674676057229,95.0413839338061,3.9031791833842298,68.67207174208106,9.63762009101635,Low,36.9,3.0413844879980276,1.4016873482591012,1.048394856066932,17.182283279564157,7.862856733029424,5.073877659781266,4.245548886753467
2018,09,Connecticut,3572665,76348,44026,23.606931617723358,16.716312638280055,21.106733880418638,16.85469246951036,9.304610508304604,12.410718885762986,36.99259965123871,21.818756426977505,17.775034531217663,39.59379095819517,65.79906551889533,34.20093448110466,277400,1171,3.633363021952114,8.35631842484936,15.697190868199948,25.630781634558264,41.32797250275821,94.13512001698258,5.494083211567991,65.99955820782367,10.419538541338994,Low,41.1,2.586556534127885,1.5185862654349065,1.0317508078703153,11.445527574308201,6.987417058885542,2.0637312217529633,2.3943792936696964
2018,10,Delaware,967171,64805,33745,27.617897522513335,18.880194521732747,24.601613942900038,15.739887018557353,6.552053330287132,6.6083536640094005,43.67176695601,18.269530675297926,13.066647050169191,31.336177725467117,71.02681473382452,28.973185266175467,255300,1108,3.9395108402129466,9.548842536094474,14.576723053526838,25.190094437038844,39.76681749056568,93.61412766026963,5.6887193540614165,62.12185985267011,12.462132727315245,Moderate,41.1,2.854820915846319,1.2305993459274525,1.1911027108960048,10.684001376763979,6.121384690801756,0.9693670014706341,3.593249684491588
2018,11,District of Columbia,702455,85203,55328,25.28002337586442,12.367641124824333,18.314224491783662,16.485202242969848,9.134327735184849,18.418581029372888,19.951976904129744,25.947266562170118,34.465468155209365,60.41273471737948,42.27831192864795,57.72168807135204,617900,1516,7.252092062486063,8.107342589914184,13.014053611030759,22.629206441037507,35.643260052068264,91.89879585496227,7.495513401902704,70.70219899788184,16.150970582828002,Moderate,33.9,3.406908627598921,1.3585211864105173,0.7633229174822587,16.742337106765948,9.888036575487389,0,6.8543005312785565
2018,12,Florida,21299325,55462,31359,31.2444505681517,22.031516547198887,22.384119155505484,13.197743015495,5.165687115381315,5.976483598267617,40.73974693057337,19.08531658184729,11.284517673198984,30.369834255046275,65.92401065490915,34.07598934509085,230600,1182,4.157801738127006,9.077394596853349,16.995012618765962,26.749190940943574,43.74420355970954,94.36469197517133,5.145694263298985,58.742877999838285,13.60448441148588,Moderate,42.2,2.701738200623729,1.250175768480926,1.1693703908457194,14.259534154586879,8.314223801712778,3.1611429773188364,2.7841673755552647
2018,13,Georgia,10519475,58756,31187,30.26164524329663,20.434276831101243,22.456647520439063,14.234795998540104,5.901480195171616,6.711154211451344,36.71101830106796,19.522548312079437,12.348735456792982,31.87128376887242,63.80298037450316,36.19701962549684,189900,1008,3.2320103478793656,8.468759829635394,15.508903606554519,21.720688345076226,37.229591951630745,94.42682514189856,4.763712094856386,63.11113886201022,14.344086891074983,Moderate,36.8,3.1376090536837626,1.511130545963558,0.8762604597662905,13.916731073030189,6.540199656845201,4.741941327868062,2.634590088316926
2018,15,Hawaii,1420491,80212,35255,20.767434862917273,17.064455128275526,22.239182621033187,20.088555244899617,9.645976688358894,10.194395454515504,41.535714034606656,21.979752689111674,11.52533826709616,33.50509095620783,58.28217759807076,41.71782240192924,631700,1613,7.875380242357752,8.350838400589645,15.126483982205375,25.033035878807024,40.1595198610124,90.98160853884524,3.6171866178707353,65.58841774732609,8.835269030010533,Low,39.3,3.087735156364947,1.1471385598360004,1.1800145161074587,12.769965226448418,8.273127332752468,0.644461273548377,3.852376620147572
2018,16,Idaho,1754208,55583,27816,29.365736329985786,24.3200524778609,24.446093054492636,13.143673762631389,4.548549830540241,4.175894544489044,40.638357958534534,18.663393215457614,8.988001717162975,27.651394932620587,70.7382822871601,29.261717712839896,233100,848,4.193728298220679,7.723880995335035,16.26706662254342,18.0625980763688,34.32966469891222,95.63627958251098,3.963656407247382,62.13390369416169,11.796043766256528,Low,36.8,3.373659223991682,1.435177584414163,1.2100047428811178,16.676985120674033,8.6976496982861,3.3812824397206294,4.598052982667303
2018,17,Illinois,12741080,65030,35801,27.484982108441265,18.788068895656693,22.527001782578097,15.696163345984596,7.23742739776487,8.266356469574482,37.13609428308632,21.061185503589552,14.001439864301748,35.0626253678913,65.9856678418965,34.01433215810349,203400,995,3.1277871751499307,7.746966159863327,14.056737237203665,22.331154354945244,36.38789159214891,94.27050171920745,5.522836919203016,65.35262654674332,12.125123651602026,Moderate,38.3,3.0671104804302303,1.3513846549900008,0.9990754315960656,11.923064590224621,7.756465387923275,2.526659536080101,1.639939666221243
2018,18,Indiana,6691878,55746,29369,30.5925470794704,22.546937117209385,24.519375231083472,13.788368513167093,4.659989404305761,3.892782654763888,43.911369408354226,17.27460796397765,9.831367940100625,27.105975904078278,68.93545590917712,31.064544090822878,147300,820,2.6423420514476375,7.784796016942855,14.3261251888732,20.86113794555498,35.18726313442818,95.48682739119577,4.400726565363022,63.959101311993074,13.139215698058685,Moderate,37.8,3.21480756224187,1.5133718815555215,1.1005580197367615,14.61328593541035,8.625517696494816,3.79122896475218,2.196539274163354
2018,19,Iowa,3156145,59955,31559,28.238711605973155,21.788459885177776,25.381169880579524,14.99038152874933,4.926282048754095,4.6749950507661255,46.00103003052083,19.642891079023485,9.364250719310983,29.00714179833447,71.28087750113772,28.719122498862266,152000,777,2.5352347594028855,7.113824487397082,12.072602039975612,19.776064066439268,31.848666106414882,96.30099084007769,3.6182616826105694,66.94663645285608,11.240538505513364,Low,38.1,3.202799617888278,1.6241332384918945,1.1492184294447816,14.2815100538389,8.269756157299092,3.6330517108613263,2.378702185678481
2018,20,Kansas,2911510,58218,31456,29.69257319517773,21.57201996103786,23.975302803579996,13.92728831982834,5.682684434907817,5.150131285468252,38.18787648593249,21.050671069662126,12.753567232003752,33.804238301665876,66.15631793670063,33.843682063299354,159400,840,2.737984815692741,8.071702117120758,13.717357470404368,20.202196633358273,33.919554103762636,95.1880401775286,3.774198699548788,66.33229306639471,11.967915687551315,Low,37.1,3.289186710675904,1.560118289135191,1.0963039797218626,16.24005639118672,9.256810919738585,3.651962558033378,3.331282913414756
2018,21,Kentucky,4468402,50247,27823,35.738059332388,22.025632635064202,21.697765296387804,12.500108211804262,4.044004979474385,3.9944295448813505,41.26657309599811,14.545237996534857,10.25510180580862,24.800339802343476,67.39309972280464,32.60690027719536,148100,779,2.9474396481381975,7.7595117737847445,12.430086515724339,19.07877037225833,31.508856887982667,94.264022901589,5.189745294920304,59.27214426209682,16.882952080354947,Moderate,39.1,3.12693441637525,1.3766218885409145,1.1133734162682767,14.904498909782152,8.737213781005972,3.6652883969380574,2.5019967318381213
2018,22,Louisiana,4659978,47905,27274,38.718930244873995,19.87134617377189,19.864381022553275,12.29084399212535,4.807853927539402,4.446644639136091,40.851281923312065,15.888561179089834,8.382641767547003,24.271202946636837,65.47955929588653,34.52044070411347,167300,854,3.4923285669554325,8.344227742055974,15.422980977028361,24.705850964488675,40.128831941517035,92.95729310062558,6.324061455876147,58.87773119865235,18.62708731321599,Moderate,37.3,3.2851871832871313,1.475607824757971,1.1088464366140784,12.083167773932285,7.2517950477082636,3.0639695456152087,1.767403180608814
2018,23,Maine,1338404,55602,32095,31.063444776234554,21.865065657619493,23.67637079678138,14.129232150403205,4.928924246063962,4.336962372897404,42.190013646782226,20.08263319849255,11.446314860349284,31.528948058841834,71.2293554173454,28.770644582654604,197500,839,3.55203050249991,9.429489093801232,13.954083653805133,20.85311522967315,34.80719888347828,96.25226963231957,3.527150476622787,62.92942845232133,11.639621150267178,Low,45.1,2.441788876901145,1.2841414102169448,1.5810622203759104,13.379629105162394,7.954716240148932,2.8038018420128465,2.6211110230006156
2018,24,Maryland,6042718,83242,41522,19.63085559820121,16.623998447607892,22.16342085846381,18.82243838379736,10.21717694787979,12.542109764049938,33.95622482356247,21.878733647538635,18.93136123555103,40.81009488308966,66.90940844383974,33.09059155616026,324800,1371,3.9018764565964297,8.741711738986943,15.235262510466871,23.279273824232952,38.51453633469982,94.1172834016925,4.896310066036552,67.66267940118897,8.9528678761162,Low,38.8,3.0684039864180326,1.2990842862433758,0.9966707034814466,13.292630488703614,7.440981461107928,3.119781485411132,2.7318675421845535
2018,25,Massachusetts,6902149,79835,43349,23.700088480940014,15.304420922350925,20.52715892350476,17.494495662452454,9.816087679200578,13.157748331551266,33.095241445411375,24.393427480296843,20.136494336118233,44.529921816415076,61.758019490194314,38.241980509805686,400700,1295,5.019101897663932,9.895454482045315,13.755029484386927,23.192624020757645,36.94765350514457,95.14735825068853,4.746096196688816,66.75989911749726,9.961136267920445,Low,39.5,2.6434520610899592,1.506704650971748,1.0216673097031084,11.67602427965499,6.7833671136041325,2.785043348583716,2.107613817467141
2018,26,Michigan,9995915,56697,31508,30.69335276664411,21.490822662784723,23.20444446016719,13.913574999759948,5.541955382560457,5.1558497280835764,41.90813010946679,18.038992431562512,11.53798789667192,29.57698032823443,71.19414291872627,28.80585708127372,162500,861,2.866112845476833,8.240042386634174,14.194960973067996,22.26500067544926,36.45996164851726,94.58960864627616,5.334353334312352,61.51460612173626,14.05086532562918,Moderate,39.8,2.9237543536534676,1.3764022603233421,1.1732092559810683,12.982562172413273,7.979823847398712,3.594641759653619,1.4080965653609416
2018,27,Minnesota,5611179,70315,37192,23.51694181508641,19.391492728025035,23.953861829741548,17.849832213235924,7.664647028050739,7.623224385860343,39.39660755496716,24.174183279608553,12.529517128006743,36.703700407615294,71.45013880458538,28.549861195414618,235400,969,3.3477920785038755,8.398389179474329,14.486211778526542,20.672994814153896,35.159206592680434,96.52830078429335,3.39628889004311,69.19396426149535,9.6400116319239455,Low,38.2,3.2285549970870653,1.2775924631882176,1.112350898091114,13.280406386590396,6.8703470196572916,4.601271040445639,1.8087883264874656
2018,28,Mississippi,2986530,44717,24160,40.73631418958534,21.00872247729179,21.78274086034114,9.810757421321812,3.6355682238438436,3.0258968276160667,40.65305775652752,14.398596457866677,8.799600259548077,23.198196717414756,68.2098626232377,31.790137376762313,123300,777,2.7573406087170427,7.235376736135741,13.72905642175153,21.687687091236683,35.416743512988205,92.11907307151101,7.091480214459001,56.578056876912285,19.665866144132856,High,37.7,3.0132628836810613,1.7566540433211788,1.034779493258062,12.375609708236613,6.876673240367735,3.1983102577141183,2.300626210154761
2018,29,Missouri,6126452,54478,30498,31.625764023909912,22.465896666921306,22.901783550722314,13.245244179618417,4.790032552901545,4.971279025926501,41.47536080608455,18.04791876803672,11.49922288655865,29.54714165459537,66.77550490675644,33.22449509324357,162600,830,2.9846910679540364,7.959681167733066,13.756687665028334,20.58267981289372,34.33936747792205,95.28403235274932,4.169884547648555,62.48620593873694,13.229731589536275,Moderate,38.8,3.0640736269540674,1.3373972406867793,1.0402921625763166,14.421547670791984,7.835907134664187,4.069148597852773,2.516491938275025
2018,30,Montana,1062305,55328,30680,31.501016408566112,22.483838292526325,24.48999932780277,12.770356565860261,4.7269372608194775,4.027852144425051,40.55338622188455,20.719771773714562,11.003165430078516,31.722937203793077,67.4556871362312,32.5443128637688,249200,811,4.504048582995951,7.176484832945166,11.718410575272609,20.852118544475545,32.57052911974815,95.9316998019221,3.4852541999853277,63.55756363449855,13.023513150361172,Moderate,40.1,2.9943377843463037,1.5308221273551381,1.3435877643426324,14.933867804065008,7.538718544302533,3.2710977916001513,4.124051468162323
2018,31,Nebraska,1929268,59566,31771,28.09259428601288,22.19114554076474,24.23793909783276,15.528746293223946,5.26825954617304,4.681315235992632,40.691781687249296,21.293942073844793,11.137914153058968,32.43185622690376,66.0578191746463,33.942180825353695,161800,830,2.7163146761575394,7.062857934601885,12.08317938296693,19.078684032267997,31.16186341523493,96.03316077710842,3.4471525340011357,69.09006771394559,11.002846414147392,Low,36.7,3.4898210098337814,1.4850710217554015,1.0843490899138948,15.448911584007707,8.74657566231846,3.838563827135814,2.8637720945534335
2018,32,Nevada,3034392,58646,31604,28.32387746612262,22.45058903709473,23.507226878855736,14.489427425850366,5.855143785238226,5.3737354068383185,39.808993147868854,16.201431478211596,8.68841261982644,24.88984409803804,56.783972526353985,43.216027473646015,292200,1108,4.982436994850459,8.753550881806582,16.531390102384186,22.974691710751877,39.50608181313606,93.91444965076519,5.538139817313343,63.60187361368696,12.945516310614583,Moderate,38.2,3.1040155655564607,1.1627370491353788,0.951689827813941,16.445749179112454,11.287182968285427,0.9184818632374546,4.240084347589572
2018,33,New Hampshire,1356458,74991,39521,23.170975053274397,17.418657711045686,23.188670436661823,18.7224686189318,8.39947139748349,9.099756782602803,39.73018744308512,22.38294593447527,14.45246346116603,36.8354093956413,71.29771164808024,28.702288351919762,270000,1090,3.6004320518462216,9.111300583721388,14.483504951793796,21.785925100019675,36.26943005181347,96.26151934536975,3.5528242615668817,67.03771503839133,7.638684579186375,Low,43.1,2.3668996754783413,1.4961760703243299,1.3109878816741838,12.515560513106525,6.360364379996282,2.5584681167503254,3.596728016359918
2018,34,New Jersey,8908520,81740,42815,21.982190242576934,15.364847070394303,21.01067619162799,17.547168592000105,10.152521859066146,13.942596044334522,35.69257177331703,24.806280832728657,15.990178443470388,40.796459276199045,63.97615436148878,36.02384563851122,344000,1336,4.2084658673843895,7.957755683104409,14.517020482326018,26.116182976698653,40.63320345902467,94.89584833319907,4.871491194404816,65.83369631446429,9.521730792291926,Low,40,2.9452591451778747,1.2457737087641942,1.0193612406999142,10.010045595387556,5.512486439126823,2.6843836364783065,1.813175519782427
2018,35,New Mexico,2095428,47169,26529,38.71612015217361,21.05332750697966,20.705509304325815,11.421206332255794,4.247361455144422,3.8564752491206953,35.57710975297233,15.653933939106842,11.999949169808843,27.653883108915682,66.15711258001267,33.842887419987335,174700,830,3.7037037037037037,8.579912481767035,13.425788110618283,21.37312833030691,34.79891644092519,92.97664086080452,6.034789574389196,56.235593967658794,19.46895322501327,Moderate,38.1,2.868530915879715,1.50718612140336,1.0608811183204578,12.74601383998232,7.541304270206789,2.3064385543191803,2.8982710154563516
2018,36,New York,19542209,67844,38884,28.088907108238548,17.095431460367596,20.572484242260945,15.637744731074935,7.950886485231807,10.654545972826172,35.34114087102701,20.82137640929576,16.417785890830856,37.239162300126615,53.6687518621857,46.3312481378143,325500,1274,4.797771357820883,8.474084664672466,14.033422886825676,26.599145091306475,40.63256797813215,94.79268902630888,4.98462876408282,62.88387776569947,13.611988382547263,Moderate,39,2.9801748615010717,1.3224093550529523,1.0255800662043888,9.668808172127209,5.81232904549392,2.54012684312186,1.316352283511429
2018,37,North Carolina,10383620,53855,30737,31.91524686012232,22.490029819552074,22.152970662566414,13.010418645371688,4.798973541317355,5.6323604710701485,37.1988515017437,20.48223747645781,11.434899095259121,31.917136571716938,65.13595292688801,34.864047073112,180600,900,3.353449076223192,8.495822125360549,14.657525823026289,20.59993221589666,35.25745803892295,93.38168151282206,4.885073061949332,62.44850235861622,14.037747498101814,Moderate,38.9,2.9554818069228266,1.4876122200157555,1.0122673980750452,14.575494377363855,7.637811522462319,3.83602574908463,3.1016571058169027
2018,38,North Dakota,760077,63837,34848,26.020259585727484,20.87739349626591,24.21474534608821,17.475536628516856,6.335895789951622,5.076169153449923,43.43812340373698,22.09837073838959,7.577394419494428,29.675765157884015,62.459332091246424,37.54066790875358,198700,808,3.1126149411783137,6.878920325637261,12.525857466969171,16.037468303750167,28.563325770719338,95.71293141120087,2.7917405933075594,69.5778518427445,10.679937176840136,Low,35.4,3.537404762938492,1.589707358596563,1.2055357549300927,16.398893075050843,8.57173340446104,3.328109892308205,4.499049778281599
2018,39,Ohio,11689442,56111,31293,31.357648480497165,21.418767515671398,23.16660502189012,14.128982784353338,5.097998120563524,4.829998077024455,44.30005599826088,17.82742943066774,11.144787583460145,28.97221701412788,65.86833657493084,34.131663425069156,151100,797,2.6928766195576626,7.61089305355545,12.725133049153307,20.81575967299079,33.54089272214409,94.93782033955678,4.9270507836346535,63.119471763929035,13.893951438018204,Moderate,39.5,3.014900112426239,1.4016836731813203,1.1473516015563445,14.062847923478017,8.953175303541801,3.3959278635879047,1.7137447563483095
2018,40,Oklahoma,3943079,51924,28011,33.40380122667995,22.728992600871198,22.903030343833947,12.393372427304737,4.32993785809023,4.240865543219934,42.07936530459083,16.665433099160037,8.958039402319287,25.623472501479323,65.44021113437599,34.559788865624014,140000,808,2.6962483629920655,6.712966570560274,13.218460219745968,19.07601496142757,32.29447518117354,94.69924877610927,4.317198221929013,61.238004658938024,15.606399641100573,Moderate,36.7,3.3641476622710322,1.5261423877127493,0.980122386591798,16.82337936279496,9.955613256012667,4.122810597479506,2.744955509302787
2018,41,Oregon,4190713,63426,34058,26.799026811466064,20.436166515241133,24.109526393775496,15.478392897431052,6.511582528948701,6.665304853137558,35.269545248240405,21.04031323881072,12.916799327999783,33.9571125668105,62.492179734995155,37.507820265004845,341800,1130,5.388957209976981,7.958160805180153,15.796344435286294,23.11722810457198,38.91357253985827,94.87542410605737,5.001131572942501,62.574659061948914,12.559012064256473,Moderate,39.6,2.813530776266473,1.2325826178027461,1.2354460923475312,16.729227529862094,9.596253668648002,3.746620316724604,3.3863535444894906
2018,42,Pennsylvania,12807060,60905,33960,29.351336076156432,19.834326280519296,23.04986993512631,15.064117417491977,6.1915454972666755,6.508804793439311,44.85282157892706,19.158393116245954,12.665961579062701,31.824354695308653,68.5997305031364,31.400269496863594,186000,927,3.053936458418849,8.325765597386399,13.06856933993014,22.85179923707173,35.920368577001874,95.02280780346514,4.88475360911935,62.8057001959163,12.246812974019686,Moderate,40.8,2.780560097321321,1.3889682721873715,1.195902884815094,11.78232319363166,6.927809488809163,2.8543084139512898,2.0002052908712074
2018,72,Puerto Rico,3195153,20296,12805,69.88785533176731,17.315326664050044,8.405636649240401,2.7054933000575603,0.6902970998705533,0.9953909550141271,38.04128442371822,18.823704234647273,7.8675104784465235,26.691214713093796,67.29112430349336,32.70887569650664,110800,484,5.459203783996847,4.787661398589075,8.634792119135613,16.47781757488739,25.112609694023003,84.82221122519124,15.050272007620604,44.11446623588777,43.076136766748455,High,42.9,2.009731615356135,1.4527003871176123,1.1645451720152367,NA,NA,NA,NA
2018,44,Rhode Island,1057315,64340,34999,28.34447934319298,18.658641867512106,21.60546814471202,17.11451572042413,7.241012069173309,7.035882854985452,38.70675514213003,19.91467473116465,14.466683317694867,34.38135804885952,61.82260012347106,38.17739987652894,273800,998,4.255517562946845,8.966685779447104,14.362932372969803,20.981967413783106,35.34489978675291,93.79508635420427,5.487621645361873,63.8004871314041,12.907919474179733,Moderate,40,2.67347006332077,1.6118186160226613,1.2517556262797749,10.626780218993774,5.69679620219948,1.7962260550108542,3.1337579617834392
2018,45,South Carolina,5084127,52306,28957,33.895749513353536,21.6319993194989,23.07770108885363,12.19512954157981,4.6408930332143665,4.558527503499757,41.2135077905883,17.9576245828388,10.370967441740602,28.3285920245794,69.26826940582191,30.731730594178085,170800,892,3.2653997629335065,7.920608264909157,13.467903224445363,21.81061763191872,35.27852085636408,93.53980034592489,5.20450526360009,60.29751243247931,15.27305503974515,Moderate,39.7,2.9033893134455533,1.6711423613139482,1.1002085510452433,13.87260455984191,7.059069395832281,3.104970059856426,3.708565104153203
2018,46,South Dakota,882235,56274,29953,29.53807942706449,23.017580019047674,25.745913289660706,13.676693231128183,4.267489557069205,3.7542444760297466,44.406965771639356,20.235566612335937,8.99974264390495,29.23530925624089,67.87890542453444,32.121094575465555,171500,734,3.0475885844262005,7.993727582415603,13.559596979146013,15.540455291000525,29.100052270146538,96.4362685710642,2.942676783778614,68.1688769500263,13.095203180595458,Moderate,37.2,3.532052117633057,1.5941330824553548,1.3404591747096861,14.570896999900146,7.089298278032896,4.408502061930215,3.0730966599370344
2018,47,Tennessee,6770010,52375,29284,33.501770938174666,22.069923246540714,22.5989382053981,12.804920211744278,4.427076530651444,4.597370867490799,40.13734201886174,17.273143147239185,10.209589980053108,27.482733127292292,66.22709496992094,33.77290503007906,177500,861,3.389021479713604,8.8609985031098,14.568972969529867,20.664364458639877,35.23333742816974,94.06144887786239,5.46241268293503,61.32861945410495,15.311434340656305,Moderate,38.9,3.0560663869034164,1.3751235227126695,1.1252716022576037,14.31610880486531,7.897684962175046,3.290095706876623,3.1283281358136397
2018,48,Texas,28701845,60629,30641,28.8899142938946,20.50293558268685,22.129865304948822,14.785175207698217,6.465974153451848,7.226135457319664,33.95205426480145,19.629961351612756,10.682035170351705,30.311996521964463,61.72290067504541,38.277099324954584,186000,1046,3.0678388230054923,8.38401700052993,15.21335777302037,21.579443725429257,36.79280149844963,94.56359664386473,4.867851279830952,64.50319498806466,14.891321766496679,Moderate,34.9,3.5690249180845344,1.500562071880745,0.8566975398271436,14.610096281141866,8.839545383091284,3.7801672240637423,1.9903836739868401
2018,49,Utah,3161105,71414,29756,20.570612809605855,20.32574124704297,26.96480396760007,18.921283703627324,6.85850608324632,6.359052188877465,37.82938423058472,22.840992744278278,12.013663108431958,34.85465585271024,70.47645839235712,29.523541607642876,303300,1043,4.247066401545915,8.537916909680307,14.429584819672575,18.938448600919607,33.368033420592184,96.60519083084664,3.16072349858547,68.14477598485531,9.025331217791127,Low,31,4.059023664193375,1.5160521399953497,0.7798855147171638,16.337182479178686,9.896051551392953,3.204111320546939,3.2370196072387953
2018,50,Vermont,626299,60782,33956,28.018961407643484,21.364869362941082,24.397317243938737,16.021930344756345,5.4010934564779065,4.795828184242443,39.06272430376113,23.118540051679588,15.593821777203559,38.71236182888315,72.2331686899565,27.7668313100435,233100,969,3.8350169458063244,7.516362383740957,13.672752325180848,22.036513951085084,35.709266276265936,95.97340154046027,3.8070712694877504,65.67127795721859,10.979092274403296,Low,43.1,2.4074763012554707,1.9220851382486641,1.3661206548309994,12.405719331940336,6.059216865241177,2.115071877699335,4.2314305889998245
2018,51,Virginia,8517685,72577,38900,23.758724544358664,18.025560505919653,22.317324636815844,16.722562953389737,8.438071952849356,10.737755406666743,33.87988025435215,22.261069078068783,17.080295506343433,39.34136458441221,65.91683766206773,34.08316233793226,281700,1215,3.881394932278821,8.87871320747395,15.382433460005785,20.933107521904358,36.31554098191014,93.27977093003229,4.087816401331155,65.35696792887282,10.70470511290105,Low,38.3,3.0407323116551037,1.445498395397341,1.030526486950386,14.49939105021877,6.277405707746839,4.969469418375802,3.252515924096131
2018,53,Washington,7535591,74073,39119,21.62824309506747,18.621586386123653,23.787952306536695,17.678043221121882,8.562340813137286,9.721834178013003,35.77676818094048,22.770731628745423,13.913465666665964,36.68419729541139,62.819578149417644,37.18042185058235,373100,1316,5.036923035384013,9.04413670237519,14.626407340976625,21.595189241556884,36.22159658253351,94.47764042822222,4.253080130732533,64.57210820662807,10.256160448463541,Low,37.7,3.1359053324417423,1.258932444714688,1.1288829237149416,17.30154362301751,10.48613935124444,3.314926170322183,3.500478101450887
2018,54,West Virginia,1805832,44097,26179,40.59436261999747,22.334875453074236,19.678972319427036,11.322534411864387,3.192174252725251,2.8770809429116255,47.04254669611745,12.774549278916536,8.54861213587647,21.323161414793006,72.50194976745705,27.498050232542948,121300,735,2.750754019547815,6.658450024501433,12.506125358240649,20.7163328037064,33.22245816194705,94.07844425364834,5.788012565487522,53.01007751416835,17.803950553072866,High,42.8,2.6384514174075995,1.3662954250450763,1.3166230302708115,11.202597853023278,6.059195694858556,2.6909371626119496,2.4524649955527713
2018,55,Wisconsin,5813568,60773,33032,27.715813082851316,21.500236091671024,25.097682928885817,15.578930504730264,5.361431052800216,4.745906339061367,44.83780400007816,19.427072295693762,10.584686156539219,30.01175845223298,67.13603939358168,32.86396060641832,188500,847,3.1017063498593127,8.173106527093596,13.245458743842365,19.61848316912972,32.86394191297208,96.68017109557034,3.172211340813786,65.97456736958235,11.046939067665075,Low,39.6,2.9302486872089566,1.3423082004029194,1.1816323469511323,13.45333628907116,7.8825007280677735,3.5780945053703146,1.9927410556330714
2018,56,Wyoming,577737,61584,33522,27.91463266334277,20.324687733439884,24.799784583847263,16.203985198825634,5.873564616159686,4.883345204384761,43.452138700093606,16.902293353953848,9.954316063652273,26.85660941760612,70.27604537637023,29.723954623629762,230500,818,3.742855287087555,6.383693746347166,12.489772063120983,18.280245470485095,30.77001753360608,94.9163064547553,3.8582575760077407,65.81537070603014,11.058550802841452,Low,38.5,3.1772242387106937,1.7206791325464699,1.150523508101437,15.536193193861267,8.263395852273822,2.764917222400314,4.507880119187131
2019,01,Alabama,4903185,51734,28650,34.859157156287814,21.2507957520542,21.13080055818581,13.424284455536958,5.019192907161558,4.315769170773661,41.021196657914835,16.308498246161225,10.040957626326689,26.349455872487916,68.78370088997752,31.216299110022472,154000,807,2.976765763327792,7.110456096280428,13.149085089465235,20.69019655509468,33.83928164455992,94.36827284351936,4.8914496258077405,57.955790202448135,15.457051986662451,Moderate,39.4,2.9598720015663287,1.3948688454545362,1.0907603934993275,13.189417732805527,7.98540635763332,3.0433802679817687,2.160631107190439
2019,02,Alaska,731545,75463,36978,20.87637143684154,18.024258621168205,24.26853397515454,18.201499609435405,9.356500224029437,9.27283613337087,40.74759636241938,18.506666556487033,11.687442413925604,30.194108970412636,64.73935265405494,35.26064734594507,281200,1201,3.726329459470204,7.839014022737752,14.506280432264667,18.61751773926929,33.123798171533956,89.48529100304981,5.466896814639106,66.30308285603451,10.07923219727486,Low,35,3.405122036238372,1.523761354393783,1.0557108585254495,15.013371409419953,8.12311391111302,2.177233842476349,4.713023655830585
2019,04,Arizona,7278717,62055,32173,26.1935013729942,21.81459916171149,23.912979167111352,15.313388313016466,6.206278288866895,6.559253696299599,36.06442662006982,18.829618124234003,11.348275067043648,30.17789319127765,65.25776079681222,34.742239203187786,255900,1101,4.123761179598743,9.19041444494385,13.772148515096935,20.39511905416315,34.16726756926008,94.26735715593561,5.04428307169996,60.239524846807214,13.468327350326703,Moderate,38.3,3.0061479241465223,1.4317495789436518,1.0622201687467723,15.487971869089051,10.231118986976123,1.739169682610664,3.5176831995022653
2019,05,Arkansas,3017804,48952,27274,36.729437707483456,21.90939348445018,21.996877059795626,11.601284582008118,3.9175970032148926,3.8454101630477284,42.71189753179052,15.084293498116336,8.258562915182061,23.342856413298396,65.46736252488941,34.532637475110576,136200,742,2.7823173721196275,8.230928881788182,12.764347821759017,17.605602257626206,30.369950079385227,94.77120583607496,4.802031182949507,58.226818068054,16.207580646317645,Moderate,38.8,3.0186188367435394,1.42726300316389,1.1364886520131856,14.10094966501107,8.124744484375324,3.978148270322316,1.9980569103134302
2019,06,California,39512223,80440,39393,21.74520912308547,16.258182458517425,21.49879391600755,17.363589084649167,9.433371183929196,13.700854233811194,31.807861437607247,21.86410270269307,13.136746659127343,35.000849361820414,54.862529832899284,45.137470167100716,568500,1614,7.0673794132272505,9.20132928537862,15.712113438817902,25.77158173476894,41.483695173586845,94.22909838225428,5.026348495570124,64.03518260260222,11.75432402536371,Low,37,3.076055730906358,1.344690224085848,0.9730609183897349,11.317515012774521,7.3735530157981595,2.715317512658873,1.2286444843174893
2019,08,Colorado,5758736,77127,41053,20.4693474976321,17.63032844571369,24.206043300912754,18.352890224745792,9.085979482824728,10.255411048170934,31.687624199894188,26.61233129632299,16.044934480821485,42.657265777144474,65.85432528165369,34.145674718346314,394600,1369,5.116236856094494,8.979010496717073,16.09990159737209,22.624742692196318,38.7246442895684,95.2885456629844,3.629588799332264,68.49433249099182,9.347072954771845,Low,37.1,2.903258631755302,1.341579124307834,1.077041906418353,17.1338582566685,7.970576277987912,4.943456798005071,4.219825180675516
2019,09,Connecticut,3565287,78833,45359,22.89578743593728,16.131388663385533,21.179654449790366,17.01370786092599,9.552297980054691,13.227163609906139,36.47182765720512,21.998141338396586,17.840828065790213,39.8389694041868,65.0316664802936,34.96833351970641,280700,1177,3.560691588547943,8.009601887152908,14.426503202013405,23.820321779505452,38.246824981518856,94.15236979240603,5.294820604017665,66.18693655371945,10.03191496125066,Low,41.2,2.6103929361086498,1.4468680922461503,1.1277072504962433,11.215050116280189,6.864806372392189,1.8008565152863008,2.5493872286016988
2019,10,Delaware,973764,70176,36858,23.290249017247017,19.190195593758222,24.663312415778268,17.01604565183301,8.465629559933978,7.374567761449505,41.18368540587885,19.538025726345136,13.6636835435487,33.20170926989383,70.30185600110568,29.698143998894324,261700,1116,3.7291951664386684,9.304968855158588,12.85440681606644,24.463019975656906,37.31742679172335,94.26190052423792,4.577171380493172,62.418904230298736,11.25799641252758,Low,41.4,2.8004732152759804,1.2930237716736295,1.1580834781322784,12.14738131687149,6.80035695888443,1.407002571472103,3.9400217865149556
2019,11,District of Columbia,705749,92266,59808,20.866344274102275,13.849847377988134,17.758342765030697,16.22937887985732,10.620434201049491,20.675652501972085,19.950905185639765,25.700541428698692,33.97123598174782,59.6717774104465,41.49535274548136,58.50464725451864,646500,1603,7.006914789846747,8.499138244363415,15.175106400440844,16.953723136087042,32.12882953652789,93.14701975939033,6.224436123633692,70.83115720995748,13.451483639183943,Moderate,34.3,3.2643333536427255,1.3378694124965107,0.811903382080598,17.74366502474353,9.302909013756603,0,8.44075601098693
2019,12,Florida,21477737,59227,32887,28.67266848068616,21.822952979521954,23.261865417833317,13.969788379009318,5.568243797743236,6.70448094520602,40.45683871525219,19.262117696778365,11.43720346963693,30.699321166415295,66.24880215010893,33.75119784989107,245100,1238,4.138315295388927,8.931073678387804,17.245840349314342,26.241036939819278,43.486877289133616,94.83864792911947,4.489783090971512,59.25830427271015,12.659920592464665,Moderate,42.4,2.6968390571129537,1.1741972629611768,1.2091590468772384,14.023986280013704,8.13966669219629,3.055792476415306,2.828527111402108
2019,13,Georgia,10617423,61980,32657,28.151479710147186,19.83407021647597,23.5851921528564,14.80182541450001,6.314873099845979,7.3125594061744525,36.514631885836344,19.920208716619335,12.58679459485875,32.50700331147809,64.12549698731856,35.87450301268145,202500,1049,3.2671829622458857,8.243219582358398,15.359782135265407,21.195289630153777,36.555071765419186,94.2250406406052,4.746540132950819,63.242314488611214,13.296936285551942,Moderate,37.2,3.126267080062648,1.5062035298019114,0.9687378943082516,13.472713024847693,6.033196035584651,4.729553149924266,2.7099638393387764
2019,15,Hawaii,1415872,83102,36989,19.908918781256784,15.47005258984008,23.499083385092167,19.945454428227873,10.28994259605114,10.886548219531957,41.41037938410785,22.071442044893587,11.561522994618068,33.63296503951165,60.16776309426841,39.832236905731584,669200,1651,8.052754446343048,7.840227906700695,16.69481328808292,25.1679355127631,41.86274880084602,90.14164640462887,3.6380421772431824,64.94040881201914,9.33391729836891,Low,39.6,3.0901098404375538,1.1356958821136374,1.281189260046106,11.903761331997918,7.850337087339161,0.4947670385354151,3.5586572061233417
2019,16,Idaho,1787065,60999,29606,26.675550690011114,22.32766494017769,25.778864054621497,15.020759035097484,5.226733185029099,4.970428095063116,40.63802042191398,18.803549454012263,9.945883721307569,28.749433175319833,71.56827915756283,28.43172084243717,255200,880,4.183675142215447,7.541614826890901,16.770346218198977,18.342163970998328,35.1125101891973,96.18807536078056,3.3029876235771196,63.594162973753576,11.173890188181392,Low,36.9,3.3027338121444942,1.3473488653182732,1.110815778944806,15.819459771346242,8.564965564773424,2.7921694787870956,4.462324727785722
2019,17,Illinois,12671821,69187,37728,25.589980776842445,18.351498128033544,22.35819273547957,16.874516800842414,7.802970238836532,9.02284131996549,36.92504877112409,21.69415047844122,14.062967598399666,35.75711807684089,66.00622769474596,33.99377230525404,209100,1020,3.022244063191062,7.659694862402737,13.835778008982317,20.94896499024568,34.784742999227994,94.84678600401043,4.82888826897989,65.07957017837298,11.480788855987157,Low,38.6,2.98913628909373,1.3334547576074505,1.068149557983813,11.683591460131062,7.565596852528437,2.597423419653542,1.5205711879490822
2019,18,Indiana,6732219,57603,30988,29.13004063108095,22.465350022038173,23.63346954016241,14.700713882895489,5.3713865572905934,4.699039366532384,44.26755575003637,17.27606416238062,9.663561760678274,26.939625923058898,69.30892517221535,30.691074827784654,156000,840,2.708192281651997,8.056622374517424,14.308111809874047,19.308099267260516,33.616211077134565,95.70353816807622,4.154926920905087,63.96112786573227,11.90381791595767,Low,38,3.174361974855542,1.465103853573391,1.0823771478616486,13.43756792691451,7.4648665286359215,3.69774781954135,2.274953578737237
2019,19,Iowa,3155070,61691,33107,26.707923503423263,21.729601987537496,25.33714101929661,15.770951530467572,5.493384585863655,4.960997373411404,45.991199262931204,19.792661718960492,9.517363132617744,29.310024851578238,70.53023528982203,29.46976471017797,158900,808,2.575740383524339,7.206708476014984,12.298696950764615,19.11736406030458,31.416061011069196,96.18797397755156,3.7057682856312555,66.85614593837334,11.16769937801943,Low,38.5,3.123131974884868,1.4429790781187106,1.1126536019803048,13.479048563378115,7.746304925537863,3.4052191575214206,2.327524480318833
2019,20,Kansas,2913314,62087,32885,26.625694329143855,21.313082597386167,24.90729832939335,15.406090857739722,5.846815815111448,5.9010180712254545,38.871976730909694,21.628440091946068,12.389362075949869,34.01780216789593,66.4628591558328,33.5371408441672,163200,862,2.6285695878364232,7.566212545479788,13.5130958212294,18.453333612738792,31.966429433968198,94.95725525650107,3.7009133402998198,66.87328460581486,11.432961018360574,Low,37.2,3.1833849698316077,1.4470805412667498,1.1178678302441825,15.268215027653934,8.778865073946404,3.202410959056342,3.286938994651188
2019,21,Kentucky,4467673,52295,29029,34.17367555463044,21.285823099251346,22.96463952166484,12.801961649926918,4.668754274525771,4.105145900000686,41.9003215412988,14.861361967851119,10.26370191724166,25.12506388509278,67.00992490558873,32.99007509441127,151700,773,2.900850941772636,7.217441949149604,12.093782717521684,19.038390869948067,31.13217358746975,94.55799056111256,4.758587035184965,58.989481984013146,16.262534163069795,Moderate,39.2,3.1793956272090638,1.3769360470204512,1.1371244045837732,13.958686530761423,7.8577418765345435,3.837985738815138,2.2629589154117413
2019,22,Louisiana,4648794,51073,28662,37.01641973124665,19.29054217047389,20.49830105061468,13.004257137540234,5.2194734750234915,4.971006435101052,40.58326202685751,16.04824022411304,8.927071865781839,24.97531208989488,66.49060695799609,33.50939304200391,172100,866,3.3696865271278367,7.168542946467749,12.803552819218956,24.402150065818343,37.2057028850373,93.62797892604705,5.415378148599728,59.151782018336874,18.997288676659853,Moderate,37.7,3.268955346268301,1.4534307177302328,1.0775482845658464,12.164689819244845,7.384761760923729,3.307928796496973,1.471999261824143
2019,23,Maine,1344212,58924,34078,28.924824534794936,21.744784856821088,24.017028754327793,14.63587265392648,5.482045542503896,5.195443657625807,42.81210147384054,20.755847740810694,12.437749204965536,33.19359694577623,72.19421287337566,27.805787126624338,200500,870,3.402688208539814,9.186891453864915,13.815760600379939,16.82518385695208,30.64094445733202,96.22881326143961,3.440634951879477,63.04335879053474,10.873629322904685,Low,45.1,2.387495424828822,1.2686242943821362,1.394274117475517,12.333064995764673,6.891569594549944,2.728407336429228,2.7130880647855
2019,24,Maryland,6045680,86738,43325,19.29321747627839,15.210572098472808,22.186560156495943,19.32829074618045,10.35150961012086,13.629849912451549,34.30274163224469,21.792828532899538,19.08403679092359,40.87686532382313,66.83088082408263,33.16911917591737,332500,1401,3.833383292213332,8.828741983132932,15.236413805055246,23.323616739259055,38.56003054431431,94.48353389948592,4.492836298809775,67.45193343895967,9.023542137136424,Low,39,3.0233985258895606,1.324449855103148,1.0326712627859893,11.892998898588903,6.436966875052888,3.085205336408677,2.3708266871273374
2019,25,Massachusetts,6892503,85843,46241,21.620225753391583,14.432787058415201,20.393823471712917,18.096262091236966,10.814847510827411,14.642054114415922,33.11027391386095,24.681769752705655,20.297280158067828,44.97904991077348,62.1631807687084,37.83681923129159,418600,1360,4.876344023391541,8.539254366941758,14.83778078894602,22.88577601893646,37.72355680788248,95.92411500909016,3.9355338954117323,67.58887899504735,9.400880051318799,Low,39.7,2.6326575410993653,1.4868038505024952,1.1324333119622871,11.549521024119413,6.500847232982481,2.9385876911766213,2.110086099960311
2019,26,Michigan,9986857,59584,32892,28.933645349481594,21.3248259393231,23.675425957459673,14.468724495450743,5.877356494402854,5.720021763882031,42.01666021961739,18.169003196257027,11.865906596542496,30.034909792799525,71.56878797344001,28.431212026559997,169600,888,2.8464017185821695,8.381346434124668,13.706570035040777,22.194589278673853,35.90115931371463,94.90646405651816,4.994837544830928,61.88570702279039,12.986516479329884,Moderate,39.8,2.890078430080655,1.3708316840823895,1.2139254622350155,12.511165641340472,7.421252499049162,3.753902281586089,1.3360108607052212
2019,27,Minnesota,5639632,74593,39025,21.251633245866945,18.605325011428224,24.849903355037956,18.47956957897351,8.30003851400722,8.513530294686147,39.447267267829275,24.506837678817803,12.746789103381879,37.25362678219968,71.91662977240742,28.083370227592585,246700,1016,3.3072808440470287,8.850925706375806,13.106002832552566,19.83892260466666,32.94492543721923,96.70895200904366,3.1715452380562303,69.49279108891794,8.969096800676505,Low,38.4,3.173079378228934,1.2942511142571005,1.1292935425573867,12.79135318959649,6.49685618633116,4.37673030822916,1.9177666950361734
2019,28,Mississippi,2976149,45792,25301,39.55440185634082,21.566601134854654,20.73468341590705,10.895640816593637,4.014709664987926,3.233963111315917,39.82160609073055,13.674643777934033,8.639799481124069,22.314443259058102,67.3178947291882,32.6821052708118,128200,777,2.7996156533892385,7.768829016235698,11.844996078736742,20.631406815767374,32.47640289450411,92.38721629556713,6.538912025471504,56.89415159787639,19.604683090773197,Moderate,38.3,3.0496456998624732,1.720377575181888,1.071518932687846,11.997063596374268,6.453735506942366,3.447930300838696,2.0953977885932065
2019,29,Missouri,6137428,57409,31756,30.039168755138128,21.673147334966686,23.552100464663713,14.30853459066027,5.286053132666514,5.1409957219046865,41.36680898167974,18.444558245735664,11.779693697009293,30.224251942744957,67.11931683898506,32.88068316101494,168000,834,2.9263704297235624,7.953058078627471,13.710445641443094,19.002917168738044,32.71336281018114,95.58916067161863,3.770407392548002,62.590750167495756,12.937540158154887,Moderate,38.9,3.0346751114636294,1.3778247174549338,1.0505214888060601,13.94876877709052,7.6129006110189685,3.8259405700152747,2.5099275960562775
2019,30,Montana,1068778,57153,32625,29.503188613758454,22.773397067526407,23.729409963646834,14.368069534857684,5.30331245672922,4.322622363481404,39.76494372936182,23.08902217130534,10.491138216860975,33.58016038816632,68.88045497439741,31.11954502560259,253600,831,4.437212394799923,8.773449832960093,12.300011013620177,20.00440544807078,32.30441646169096,95.39596970863818,4.034692043933476,62.72932429417002,12.648343406714607,Moderate,40.5,2.911736581404183,1.6008001661710851,1.3260939128612304,16.14398946446243,8.326915763003386,3.95120502103134,3.8658686804277034
2019,31,Nebraska,1934408,63229,33272,25.443842974992354,21.568124193071693,25.63452434655011,15.861553139307585,6.128636686525528,5.363318659552735,40.74085723047406,21.793170148690407,11.435086532942277,33.228256681632686,66.28737795614458,33.71262204385542,172700,859,2.7313416312135255,7.8877550235702145,13.84759722232903,16.644493490314293,30.49209071264333,96.12043670451948,3.251752915174148,69.54793313412266,9.893381493362108,Low,36.8,3.5022601229937016,1.5027853482822653,1.045539513897792,14.674432711174006,8.494377223975787,3.769225173247027,2.410830313951194
2019,32,Nevada,3080156,63276,33575,26.021002888356243,20.89288072216776,24.732829233698013,15.857889025208188,6.065723002876114,6.429675127693679,39.62412694608761,16.655401958187024,9.037447822712835,25.692849780899863,56.62315039827486,43.37684960172514,317800,1168,5.02244136797522,9.378899642971621,16.034424712573003,22.74478418027615,38.77920889284915,94.36561520391167,5.037532807729488,63.61378417374747,12.497172559321928,Moderate,38.4,3.0715976723256873,1.1902968550943522,1.0996520955432127,16.9791268260009,11.586392713775036,1.0317188009454825,4.361015311280384
2019,33,New Hampshire,1359711,77933,41241,20.277763411624765,18.22566106879253,23.769108009663906,18.73730134688841,9.209155590362691,9.781010572667697,39.49997448328656,22.927889767797907,14.656902270987496,37.5847920387854,70.95841121840574,29.041588781594246,281400,1147,3.610793887056831,9.589136933155249,13.826877822298545,20.84207848374992,34.668956306048464,96.78418172176158,2.975138532314118,66.81792922987103,7.270137752137304,Low,43,2.413454035453122,1.3872800911370136,1.2479857852146523,12.55241064914769,6.383785565361014,2.444015687087779,3.724609396698898
2019,34,New Jersey,8882190,85751,44888,20.1882745877994,15.174009148382478,21.04575286708554,18.070094185981407,10.315330722060066,15.206538488691109,35.82442193625854,25.12879106878457,16.087016002800087,41.215807071584656,63.3484710905758,36.651528909424194,348800,1376,4.067591048500892,8.344195685058772,14.757245119413914,23.504357947837466,38.26160306725138,95.04299731190183,4.66001835465057,66.0008492791729,9.16176267712953,Low,40.2,2.9446003744572002,1.2646318081464143,1.0793284088721362,9.539766724691276,5.208235703060806,2.63378797571156,1.6977430459189105
2019,35,New Mexico,2096829,51945,28423,35.32542663406519,20.57132414106022,22.193667918630737,12.441455975397647,4.970507423558771,4.497617907287439,36.97015683161429,15.5177322670317,12.154169600305192,27.67190186733689,68.06634569332762,31.93365430667238,180900,847,3.4825295986139184,7.525417574437182,14.842047930283226,19.373401534526856,34.21544946481008,93.32221002290456,5.396039196818856,57.96326631060782,18.17703653378334,Moderate,38.6,2.871192643749204,1.6118147927179565,1.1740585426851688,11.82709724212829,7.058064416568449,2.090394226929806,2.678638598630034
2019,36,New York,19453561,72108,41857,26.06886007059128,16.522600543695745,20.695809159677996,16.09029474626189,8.516100581027157,12.106334898745933,35.32051922854846,21.21109712051475,16.59584445624774,37.80694157676249,53.51976120788332,46.48023879211668,338700,1309,4.697120985188883,8.42239438638013,14.05909809504879,24.821887524210585,38.88098561925938,95.29816853753994,4.414034043286517,63.44676353354248,13.03053548292806,Moderate,39.2,2.947450083817559,1.3105929551921112,1.0716238533397562,9.839332006993429,5.96430420167019,2.5507356197104922,1.324292185612746
2019,37,North Carolina,10488084,57341,32021,30.105764506661316,21.654489430963427,22.894051623834628,13.798714297435613,5.547249025541056,5.99973111556396,37.57879594166029,20.4731353233032,11.823513230761268,32.29664855406447,65.31096682737126,34.689033172628754,193200,931,3.3693168936711952,8.555761132313936,14.122505857987703,19.91865429786434,34.04116015585204,93.65991716381276,4.492941321964791,62.338364419793315,13.590445326362094,Moderate,39.1,2.9418528684552867,1.5111244341673846,1.0547970439596022,14.321523932052605,7.320101049893819,3.962299696892741,3.0391231852660447
2019,38,North Dakota,762062,64577,36611,26.56505491176716,20.39972922764969,23.23202037592846,17.583511323909878,5.674473523966135,6.545210636778674,42.834002478314744,21.51712515489467,8.896158612143742,30.41328376703841,61.329010042686825,38.670989957313175,205400,804,3.180699010483609,5.8613358058637335,12.68823736291844,16.924577165329154,29.612814528247593,95.57552770448548,2.5725593667546174,70.39679459751702,10.572620443034376,Low,35.5,3.514937104854986,1.4847873270153873,1.1279922106075357,17.465799512592255,9.41211270871058,3.1678838535858045,4.8858029502958695
2019,39,Ohio,11689100,58642,32780,29.76107425681875,21.115480071199958,23.60578732184156,14.437968518119204,5.690352067716063,5.389337764304469,44.2743892553919,18.19851536776357,11.076541605666224,29.27505697342979,66.03612002519903,33.96387997480097,157200,813,2.6806725555062925,8.004944581966841,12.615468499763788,19.787664313674718,32.4031328134385,95.2571726792398,4.562183243304113,63.52700958720683,13.068223522770658,Moderate,39.6,3.04134621142774,1.390919745746037,1.1709626917384572,14.02493778792851,8.801797709716574,3.4444853369714896,1.7786547412404443
2019,40,Oklahoma,3956971,54449,29666,31.891093274191036,22.256012937823673,22.918487831663825,13.44345821927016,4.802458079484948,4.688489657566359,41.21357154965326,17.09989600052534,9.110300529465755,26.210196529991098,65.53839712510643,34.46160287489357,147000,814,2.699774100534445,7.5939392880778955,13.639124857109032,18.232402334387185,31.87152719149622,94.48162510918597,4.309680944885877,60.94747488126184,15.176079315668353,Moderate,37,3.286554286094086,1.5072892876900033,1.0008160282195648,15.637078483171575,8.97030603046945,4.060238663533353,2.6065337891687723
2019,41,Oregon,4217737,67058,35531,24.89450402339828,19.722533455563156,24.236851806042615,16.572023437083168,7.508524559948391,7.065562717964388,35.61442352678174,21.013594509989233,13.533769416067237,34.54736392605647,62.88075559371195,37.11924440628805,354600,1185,5.287959676697784,8.00912079996472,15.155816388365754,22.33305620300967,37.48887259137542,94.75246130383783,5.002798094330987,62.538481551163585,11.37769180150957,Low,39.7,2.7257507995401324,1.218212515384435,1.2613161987103512,15.115213835903027,8.534865210126508,3.4711330026626284,3.109215623113892
2019,42,Pennsylvania,12801989,63463,35804,27.49559554536222,19.77397465917364,23.3355322235742,15.464455821547263,6.670118995969916,7.260322754372761,44.63365010950333,19.512848641720083,12.802064590792506,32.31491323251259,68.40503362895612,31.594966371043874,192600,951,3.034839197642721,8.106403697234803,13.79705395922531,21.719214183037852,35.516268142263165,95.33509286857334,4.484281737996102,62.94048385881833,12.023182358403181,Moderate,40.8,2.786723219337245,1.3439552244576995,1.2019226074948197,12.048448944752055,7.057180030851811,2.8802994732935314,2.1109694406067128
2019,72,Puerto Rico,3193694,20474,13345,69.68108818068937,16.44047474683642,8.983912647675199,2.8763892186216355,0.9188868829751439,1.0992483232022354,38.65849022585137,19.271940514438022,7.950133269034011,27.222073783472034,68.61420585457334,31.385794145426658,110300,482,5.387320504053922,4.420687741142027,8.048225684448822,14.72265605868492,22.770881743133746,85.72883806519454,14.078108569926393,45.09439861539807,43.470994793492025,High,43.1,1.7927202794005936,1.4590627655623865,1.2463936745348803,NA,NA,NA,NA
2019,44,Rhode Island,1059361,71169,37525,25.471420080849956,17.13518053706769,24.26407383575572,17.59518043882959,8.098994533049753,7.435150574447288,38.2007143698658,20.89652347138772,13.948419711038994,34.84494318242671,61.68026445696434,38.319735543035655,283000,1043,3.9764504208292935,10.435947394057477,14.497397902940499,20.920603994154895,35.418001897095394,95.17666902329589,4.2035432817827925,65.34567265016834,10.823239274837864,Low,40.1,2.6377221740275507,1.6339094982730156,1.1421979853893054,11.009878146053406,6.087557419460462,1.5924203456684833,3.3299003809244603
2019,45,South Carolina,5148714,56227,31295,30.669639129213554,21.912278615223833,22.757001186791943,13.627559889975025,5.630252313485145,5.403268865310502,40.156583793686806,18.424316991112494,11.171490602278174,29.595807593390667,70.27083654914306,29.729163450856944,179800,922,3.197751969694275,8.274786652888974,13.116272260364337,20.630278351375413,33.74655061173975,93.89699047546286,4.617307471922989,60.43521934474933,13.845921688667431,Moderate,39.9,2.8454678197312964,1.5364613377243328,1.1175800403751306,12.859515147778392,6.2681349304606355,3.1353143414127636,3.4560658759049914
2019,46,South Dakota,884659,59533,31550,27.99470886011549,22.27931678721534,24.630651867303186,15.314062504416349,5.3092292516372295,4.472030729312406,44.159726816194436,20.61650020662246,9.10720389640647,29.72370410302893,67.81562412556282,32.18437587443718,185000,769,3.107520198881293,9.171145536937507,12.424034847367126,14.321846348403414,26.745881195770544,96.45482343321466,2.9881351890022656,67.8536597347543,11.928419653471371,Low,37.7,3.6057961316168154,1.2971099598828475,1.4040438180134944,14.789253679352084,6.708658566210003,4.994339458329704,3.086255654812377
2019,47,Tennessee,6829174,56071,31224,30.889613547406015,21.961911857935455,23.16090068432391,13.551172865711367,5.070860126634013,5.3655409179892395,39.668535876515406,18.003980432734647,10.718535855211439,28.722516287946085,66.512049969545,33.487950030454996,191900,904,3.42244654099267,8.581275723636331,13.126633124001003,20.392298459984453,33.518931583985456,94.91409500734423,4.497835697181801,61.73056055394848,13.85400634127984,Moderate,39,3.0270132229754285,1.375246845372515,1.0382075489656581,14.093619017120684,7.857310894237157,3.3231963290631183,2.91311179382041
2019,48,Texas,28995881,64034,32267,26.680334329281376,20.082310428531397,22.77912166556536,15.473745649278737,7.083896587784672,7.900591339558459,34.50094952470496,19.980221120732132,10.790947420568862,30.771168541300998,61.88482749241221,38.115172507587786,200400,1091,3.1295874066901956,8.778595466765884,15.204364441249362,20.820747439204087,36.025111880453444,94.89802009668354,4.357558926608805,64.98884400568421,13.627701261675057,Moderate,35.1,3.4809875237106955,1.509697187679864,0.9206893903309923,14.236161322737576,8.456236847851201,3.825982211567097,1.953942263319277
2019,49,Utah,3205958,75780,31771,19.431657803106887,18.30112662437552,27.574705402620488,19.294626680535817,8.085324582094145,7.312558907267143,37.29974806339428,23.441665376293685,11.328358771118523,34.77002414741221,70.64359699371494,29.35640300628507,330300,1098,4.358669833729216,8.14693562500208,15.143379013664173,18.531974568066353,33.675353581730526,96.47209060783217,3.163694102609133,69.660757437405735,8.906882719294135,Low,31.2,3.944780312156304,1.4972747615533328,0.8664492797472705,15.327304432304839,9.045280639270965,3.258465413196665,3.023558379837209
2019,50,Vermont,623989,63001,35702,26.60075275814695,20.50866356886519,24.485190301674105,16.34604040842267,6.077247142906073,5.982105819985006,39.657912101230366,22.671571377912638,15.992755151966747,38.66432652987939,70.88104670677825,29.11895329322175,233200,980,3.701528547165918,10.356139319087761,17.29334117493302,22.97850094752663,40.27184212245965,96.4455314378885,3.3634682855104745,65.40094029739905,10.165934928133815,Low,42.8,2.4054911224396585,1.693940117534123,1.2485797025268075,12.790336161668503,6.980212448992811,2.375315758792668,3.4348079538830234
2019,51,Virginia,8535519,76456,40635,22.185555886607347,17.490280705810772,22.41836779770459,16.961965908766928,9.038497146009817,11.905332555100543,33.69901053287238,22.354066412078687,17.236708414804156,39.59077482688284,66.1282636667735,33.8717363332265,288800,1254,3.7773359840954273,8.237831758135439,14.751917893619106,19.866455037025936,34.618372930645045,93.19966646084904,3.867961158202361,65.95252462538717,9.937667864787084,Low,38.5,3.012716625667402,1.5028377301954339,1.0435334980801987,13.845882609702247,5.781043134926117,4.926740365086086,3.138099109690044
2019,53,Washington,7614893,78687,41521,20.381506828527556,17.624997570313425,23.16870686453807,18.345889839886212,9.117991377255475,11.360907519479266,35.50967766813526,22.77229145133644,14.19391326504766,36.9662047163841,63.07609573749428,36.92390426250572,387600,1359,4.925845438255366,9.087491976708211,15.735072059550143,20.459925100550894,36.19499716010103,94.00381740728697,4.496673119270034,65.08293132808262,9.775436965673522,Low,37.9,3.0649938219749115,1.2483826102349698,1.119713697881244,16.07313899709407,9.96380407170317,3.02783204642899,3.0815028789619103
2019,54,West Virginia,1792147,48850,27446,36.56799533079273,22.694132591753355,21.61925361348577,12.095444089676246,3.6477495107632096,3.3754248635286843,47.55972666940393,12.621010611309465,8.431908552587414,21.05291916389688,73.4120232087067,26.5879767912933,124600,727,2.5506653019447287,6.41815636831313,10.784217512796541,19.069041925137004,29.853259437933545,93.69604479414015,5.964502756872057,53.843736794773164,16.02794629251603,Moderate,42.9,2.6038042638243404,1.2517388361557393,1.3043572876555327,11.520290083912297,6.412410899575926,2.877661734187494,2.230217450148877
2019,55,Wisconsin,5822434,64168,34568,25.56235316595876,20.979224619891788,25.351385618926827,16.75534845679439,6.129665221528494,5.2220229168997365,44.40628747399001,20.66797251004599,10.671745592155974,31.339718102201964,67.20399493342686,32.796005066573144,197200,867,3.073182894900885,7.555476628206619,13.352079998262461,19.09336324623076,32.44544324449322,96.71031946477538,3.1851444755994476,65.94247724445471,10.421637911486044,Low,39.9,2.8759278336173497,1.375678968623775,1.1446072209663518,12.893107363777434,7.601899910788699,3.416832726294905,1.87437472669383
2019,56,Wyoming,578759,65003,34104,25.878058405682715,18.977128444459694,27.221097422874983,16.561717168250915,6.364743831714765,4.997254727016918,43.83540209364186,18.77223628756923,10.356370576149104,29.128606863718332,71.88411516420165,28.11588483579836,235200,822,3.618294540251988,8.925029750099167,13.288377627925426,17.323711591859155,30.61208921978458,95.45997409544316,3.545560059883261,64.83313230543735,10.105087945940575,Low,38.1,3.0767556098479676,1.4888753349839916,1.3126361749882074,17.171713645345303,9.412027565789934,2.4799086726108603,5.279777406944512
2021,01,Alabama,5039877,53913,30608,33.12718957855902,21.17766227086456,21.531806670092234,13.214292430366765,5.773549865594882,5.175499184522548,41.17462639168662,16.581904075326666,10.850983191972203,27.432887267298874,70.03256319124357,29.967436808756432,172800,861,3.205163875132157,7.8461468012828455,13.054693899702693,22.510502402366242,35.565196302068934,93.80981089160886,5.301166438163192,57.714387809896984,16.142826107235013,Moderate,39.8,2.965985082572452,1.3961451837019039,1.184433667726415,11.716007685282587,6.633255821830026,2.7652026725736536,2.3175491908789074
2021,02,Alaska,732673,77845,39509,20.93059256720148,16.76563058630133,23.76866400551397,18.631386121462086,9.694041155721662,10.209685563799477,37.97426401717654,20.87821828444622,11.912412846170788,32.79063113061701,66.76655203806702,33.23344796193298,304900,1259,3.916757659451474,9.628906683228712,14.913603797440278,20.450058780471576,35.36366257791185,86.9982624381574,6.526600612788985,65.92233383231438,10.486642139936297,Low,35.6,3.3589336579893074,1.740339824178044,1.405674837205684,13.120951890257462,7.000631259936818,1.786037414237743,4.334283216082901
2021,04,Arizona,7276316,69056,36295,23.752121837384298,19.970131911476038,23.816748488052234,17.13546718396379,7.210786865848773,8.114743713274867,36.44156161771075,19.79145018861325,12.637961149706534,32.42941133831978,67.63226903425212,32.367730965747874,336300,1253,4.869960611677479,8.308142358883943,15.700309089693027,23.849904553892237,39.550213643585266,93.51217481038306,5.748060950502401,60.56433779213872,12.753892629785895,Moderate,38.6,2.7926082374652226,1.3526900151120431,1.0594097342666262,14.222327737550058,8.808836075690587,1.7350607303187882,3.6784309315406833
2021,05,Arkansas,3025891,52528,29252,33.43054470188186,22.096352461613197,22.299448750712823,12.520075189557945,4.9249160453671825,4.7286628508670034,42.79359277796289,15.906511208614543,9.36796869900965,25.27447990762419,66.99795129575263,33.002048704247365,162300,820,3.089780688394761,8.90852633007114,11.8421962077325,19.192498406448955,31.03469461418145,93.95918790403535,5.50091509170085,58.56887737600493,16.307943955229938,Moderate,38.5,3.021589343436363,1.4177311740574925,1.1543046329163873,13.007208949169502,7.203899527507339,3.2581560914567076,2.5451533302054536
2021,06,California,39237836,84907,42396,21.025435653999093,14.967857400028581,20.92924130298592,17.571762080496605,10.00169557622896,15.504007986260843,32.20819469615404,22.140687492755912,14.046099592681035,36.18678708543695,55.869169725393355,44.130830274606645,648100,1750,7.633057345095222,8.88355190212132,16.260950867455335,27.57157559019816,43.8325264576535,90.95484282079451,8.262459791569919,63.355634770513205,12.299417464728123,Moderate,37.6,2.8782295741284,1.323026580772701,1.0163863267077216,10.771127084901096,6.712025280844119,2.943041233509567,1.116060570547411
2021,08,Colorado,5812069,82254,44617,19.31037136377117,17.404223529015038,22.409018080951405,18.59862466829396,10.263064829778275,12.01469752819015,30.487228319595904,27.380295941181675,17.035113652155122,44.4154095933368,66.84846189563353,33.15153810436646,466200,1491,5.667809468232548,9.46702503491743,16.085883186034593,24.898638383221897,40.984521569256486,93.44099729958205,5.246797533394173,68.05953278230473,9.713103961630157,Low,37.6,2.7246923599840263,1.3641441627757689,1.0944811563661754,16.272725504322267,6.9155909343222595,5.014530289209375,4.342604280790631
2021,09,Connecticut,3605597,83771,48146,21.719819115277954,15.201079875349452,20.493617295368733,17.896847539719936,10.11234932399271,14.576286850291217,35.34077027244576,23.188745474231133,18.93882359997096,42.12756907420209,66.618171227175,33.381828772825,311500,1277,3.718470592448461,8.763477958124737,14.609362055549846,25.772813167868087,40.38217522341793,92.86124874946094,6.647304142892964,65.63288161399299,10.101060228291047,Low,41.1,2.500917323816278,1.4638352539121815,1.2227101364905728,10.806362646193305,5.885951722960014,1.9351415523579927,2.9852693708752978
2021,10,Delaware,1003384,71091,38797,22.54963908041329,19.494207088986393,23.758264755241928,16.234051802575973,9.616939968053057,8.346897304729362,40.28665286652867,20.572940104401045,15.04660359103591,35.61954369543695,72.56581474816507,27.434185251834926,300500,1208,4.226976691845662,6.233359436178543,14.798470680362982,25.997512552397623,40.795983232760605,93.64599030833783,5.5119805354379325,60.05625295779321,11.592203744859122,Low,41.6,2.7273705779641695,1.2446879758895897,1.1632635162609728,10.127087503481057,4.87860785849363,0.9705741306907122,4.277905514296716
2021,11,District of Columbia,670050,90088,65808,23.289158700107958,11.05283745090983,19.410761503919392,15.155915072051068,9.51480919374775,21.576518079263998,18.72052367087603,25.225053992071416,37.82181154365107,63.046865535722496,41.59904870683586,58.40095129316415,669900,1668,7.436062516650386,8.639064668406302,14.27591639027161,22.226985088062413,36.502901478334024,90.79269055970407,8.110842302376616,70.7287369655444,16.471918819246074,Moderate,34.8,3.1164838444892173,1.3331840907394972,0.762480411909559,19.11452802159068,10.37871430170674,0,8.735813719883938
2021,12,Florida,21781128,63062,36196,27.38148178546323,20.3135688074562,23.120676391998487,15.05002318066241,6.382101609873947,7.752148224545724,39.9269463845033,20.60776461443453,12.553036957841082,33.16080157227561,67.39179545817797,32.60820454182204,290700,1348,4.609749135771146,9.068063014679556,17.22986036519871,28.601467955603294,45.83132832080201,93.71763725829709,5.558954343909672,59.14547046834877,13.128803635813124,Moderate,42.8,2.564532011381596,1.138949277558077,1.1863297438039022,13.345135337074082,7.089089905627816,3.13090127204863,3.1251441593976366
2021,13,Georgia,10799566,66559,35086,26.39788118744078,18.71936005742408,23.433603033558946,15.659058526023658,7.344588712779382,8.445508482773151,36.136412362766066,20.928356153646995,13.699542082401944,34.627898236048935,66.03484184009983,33.96515815990016,249700,1153,3.751558767409366,8.385829697648903,15.079879586426026,24.118624000447394,39.198503586873414,93.28522563159663,5.464343621639086,62.90523067034922,14.021056638364609,Moderate,37.5,3.0023521315578794,1.4747259288012131,1.0491254926355376,13.188954148453435,5.8702827141388125,4.488395815699389,2.8302756186152336
2021,15,Hawaii,1441553,84857,38614,19.336026771139405,15.526648710414626,23.196825008161934,18.157647730982696,10.498898139079333,13.283953640222004,41.1720027758012,22.203375397749017,13.099119397623735,35.30249479537275,62.572029056480574,37.427970943519426,722500,1774,8.514324098188718,9.851875678062664,15.263292754065649,28.30935467515687,43.57264742922252,86.1533862817447,7.200650313254055,63.39592872699834,11.176261701435832,Low,40.2,2.90076049926711,1.1115096011038095,1.158750319967424,12.789473167598917,7.266153356451458,0.5015080999903246,5.021811711157135
2021,16,Idaho,1900923,66474,33841,23.87855571984862,20.507665568497238,25.895325141738795,16.59475242188153,6.588440109413416,6.5352610386203995,39.450414530927205,20.178821628447334,10.536385366652725,30.715206995100058,71.89579784459029,28.10420215540971,369300,1035,5.555555555555555,9.474385928926722,15.535100764063381,18.15753038305728,33.69263114712066,96.20747005714931,3.291979999338574,63.1253821723823,11.009680074760192,Low,37.3,3.0102218764252946,1.413260821190548,1.2552849326353566,14.51525467370389,6.419470144207724,2.9679968122894964,5.127787717206667
2021,17,Illinois,12671469,72205,39794,24.606396974461905,17.550000090150714,22.399126860285023,17.05825799571724,8.274773766783309,10.111444312601808,36.565980929128564,22.13204741843635,15.007931210990371,37.13997862942672,67.52596991650641,32.47403008349358,231500,1106,3.2061491586455233,8.031834925264668,12.944459147420675,23.399509064539075,36.34396821195975,92.32167323685448,7.333365326234959,64.53754389376347,12.103817090343572,Moderate,39,2.855477924461639,1.3766044015891135,1.1061227392025343,11.12788260292313,7.032209900246604,2.539787563170442,1.5558851395060838
2021,18,Indiana,6805985,62743,33054,26.717297834068344,21.006836289408636,24.713003423740272,15.533664043714055,6.330636767941436,5.69856164112726,43.81422531779436,18.489851481402773,10.389393352225213,28.879244833627983,71.0953581423318,28.9046418576682,182400,905,2.9070972060628275,8.82305493356736,14.154185675844847,20.284056811362273,34.43824248720712,95.10580563115845,4.67011410030707,63.4484011244424,12.151469631124018,Moderate,38.2,3.0517257972211222,1.4669147816223516,1.1205725548910261,12.939533900930655,6.80715584527319,3.808123634518916,2.32425442113855
2021,19,Iowa,3193079,65600,35715,24.94065593359924,20.683877407116057,25.09844540461234,16.55174641109694,6.495205183983907,6.230069659591516,45.81265460793043,20.674966698030797,9.866085611443806,30.541052309474605,71.90578461429625,28.09421538570375,174400,847,2.658536585365854,7.6161333055978275,13.147998116905155,20.439242820700905,33.58724093760606,96.15998458140477,3.580897359862993,66.09280427752824,11.118088892200378,Low,38.5,3.044741454877878,1.5381392067029973,1.2265903850170947,13.438641732432988,7.203469220855836,3.7904567309518202,2.4447157806253306
2021,20,Kansas,2934582,64124,35028,25.906925297620585,20.897460453863847,23.915598097022844,16.11542795416151,6.6994183046799645,6.465169892651243,38.4254837336063,22.01002711966688,13.386724802060415,35.3967519217273,67.01661567557588,32.98338432442413,183800,904,2.866321502089701,7.572079542541448,12.413481006366961,19.7438566936796,32.15733770004656,94.54800896102375,4.306540152937261,65.66363433373111,11.683430111986727,Low,37.3,3.150397569398299,1.5362664938311488,1.082982175996445,14.664410117375958,7.853081127520777,3.2838101437153906,3.5275188461397904
2021,21,Kentucky,4509394,55573,30728,32.245943006649554,20.80062407528328,22.775611783061038,13.818081830919503,5.193645901117892,5.166093402968726,41.72720913541748,15.872875598588243,11.107302557257997,26.98017815584624,68.65701731887313,31.342982681126873,173300,830,3.1184208158638187,7.72415247120707,12.497364593718622,20.389825723709365,32.88719031742799,93.72724539897791,5.393831306755661,58.83621775336866,16.481816137329062,Moderate,39.1,2.9722840807434436,1.3921604543759096,1.1345870420726154,12.804064702735882,6.792603582530423,3.5971695579519203,2.4142915622535392
2021,22,Louisiana,4624047,52087,30117,35.30195232532328,19.965424536022837,20.563095737262348,12.65524764507905,5.830853780766445,5.683425975546044,39.79207528841718,16.793191038327517,9.652744494553742,26.445935532881258,67.31845078602004,32.68154921397996,192800,924,3.701499414441223,6.998288205772074,15.097750654358213,26.285989701791035,41.383740356149254,91.3332776628862,7.5465334183629444,58.5183353084531,19.62279644111368,Moderate,38,3.059441221077554,1.2626169240926834,1.1865363825237936,12.375314516520676,7.182745747272877,3.399994137337677,1.792574631910121
2021,23,Maine,1372247,64767,38483,26.50102926758599,19.705167900327815,24.328112313139926,16.247098341379925,6.508643489335037,6.709948688231311,41.401744496482046,22.16450361450056,13.823371208912025,35.98787482341258,74.83348101329793,25.166518986702062,252100,945,3.8924143468124197,10.610127514307708,13.98841996050738,18.350681080357443,32.33910104086482,94.86166007905138,4.856920381545649,61.340020195569956,11.518296825381404,Low,44.7,2.2799831225719567,1.1335422850259465,1.3703072406061008,11.388230519957892,5.580019760869949,2.610890238953615,3.1973205201343267
2021,24,Maryland,6165129,90203,46500,18.789999541528204,14.829270197805108,21.103117098790484,18.829139448441452,11.374770127336296,15.073703586098455,33.715547380688285,22.38415167810992,20.164207186082756,42.54835886419268,67.82253915264224,32.17746084735776,370800,1473,4.110728024566811,8.476112450180675,15.277662340746371,25.51105622904818,40.78871856979455,92.93564976115016,5.819165369315361,66.5525421113768,10.265400167036114,Low,39.3,2.858318130893936,1.2300472544856726,1.0004819039471842,11.14134021015736,5.493715689995352,3.0242888397244787,2.623335680437529
2021,25,Massachusetts,6984723,89645,49746,21.347667902130397,13.787767966718592,19.216982274127968,17.533883432438643,10.995143924396288,17.11855450018811,32.4552688026052,25.345695986933496,21.271066142088106,46.6167621290216,63.15420921501781,36.84579078498219,480600,1487,5.361146745496123,9.120661196047147,14.779722639196837,24.643462111270907,39.42318475046774,93.254414724207,6.603116817668055,66.75721526197178,10.374858670412735,Low,39.9,2.5096056064070114,1.4656987829009112,1.0700352755578137,11.877208004147874,6.260690304112855,3.32756725620034,2.2889504438346786
2021,26,Michigan,10050811,63498,35353,26.91696377756245,20.489866474093724,23.49850609531867,15.483274338947794,6.865742073025357,6.745647241051997,42.06091744066713,19.193662555158962,12.478788048299636,31.6724506034586,73.2106338963591,26.789366103640905,199100,969,3.1355318277741033,8.355052416000355,13.57841118576518,24.196301813716143,37.774712999481316,92.97168155954071,6.902943266273957,60.89311830902096,13.062621688175044,Moderate,40.2,2.7642246978875638,1.3785056748156939,1.2485161645164753,10.988694251128805,5.870645976176081,3.6804887794743815,1.4375594954783437
2021,27,Minnesota,5707390,77720,41753,20.178664666403336,17.881810565651616,23.94428313838511,18.620949368115237,9.426913157328281,9.947379104116424,38.76234949632471,25.49240242108865,13.402861743608579,38.89526416469723,72.9976725457282,27.002327454271814,285400,1113,3.672156459083891,9.425066403434146,13.663196586636186,22.42260509276998,36.085801679406174,94.9843697066129,4.874692732676224,68.38073869717263,9.302191137618578,Low,38.8,2.9785243342403445,1.3340598767562757,1.1706927334560981,12.396114254217157,6.187801835891961,4.556023823448873,1.6522885948763217
2021,28,Mississippi,2949965,48716,26941,37.52114666022197,20.596205242335635,21.228192714129023,12.48066812380545,4.627345165725192,3.5464420937827272,40.310857767658945,15.428365580766265,9.349155838910011,24.777521419676276,69.67602121438266,30.32397878561735,145600,831,2.988751128992528,7.544746207045538,13.200678454967699,23.575434325033644,36.77611278000134,92.58988855568897,6.3356422679852535,56.649113324802336,19.364927714198952,Moderate,38.6,3.116579349246517,1.563713467786906,1.1595391809733335,10.30732565778432,5.36383047663803,2.896655470969395,2.046839710176896
2021,29,Missouri,6168187,61847,34593,27.716117544028783,20.848972303933284,23.798550345400827,14.657398188377325,6.595547663045635,6.383413955214147,41.74144248118006,19.476846114425804,12.242081997163702,31.718928111589506,68.80451698568412,31.195483014315883,198300,882,3.206299416301518,8.391559358083235,13.250992363636835,20.539882175889556,33.79087453952639,94.60651359974406,4.586310877316981,62.772535632980905,12.688888874073639,Moderate,39.2,2.9310395420891098,1.4217629912971186,1.2469142067190895,13.137656509040724,6.4941368563376995,3.924592167431961,2.7189274852710628
2021,30,Montana,1104271,63249,36020,26.701028401889747,20.76048727138272,24.089150438023026,15.007495283428629,6.584935037164577,6.8569035681113,39.08951716186854,22.350859071571474,12.447604068037112,34.798463139608586,69.46468307090561,30.535316929094396,322800,883,5.103638002181853,7.42734593837535,13.086484593837536,17.417279411764707,30.503764005602243,95.20806037703161,3.9478955745888062,61.844493105919064,11.86473481845862,Low,40.1,2.6509796961072056,1.2045956110411304,1.401558132016507,13.247334279194945,6.328710069038146,2.8477321261408846,4.070892084015914
2021,31,Nebraska,1963692,66817,36227,24.714815352005516,20.13201320132013,24.397759745134113,16.79389604342084,7.210597698166116,6.750917959953282,40.194393038182305,22.166500584896667,12.282133727803327,34.448634312699994,67.76007593049205,32.23992406950795,204900,912,3.066584851160633,7.643251775848461,14.25217048145225,20.768745067087607,35.02091554853986,96.73781593330966,2.6413761811012413,68.63435698575017,10.753876791076431,Low,37.2,3.2228577597708807,1.4782358944274356,1.1746750508735586,13.005310099499923,7.512914368201268,3.260761973501057,2.2316337577975975
2021,32,Nevada,3143991,66274,34933,26.475515788413436,18.740200439826086,23.885997750507816,16.041817052493748,7.312192583390689,7.544276385368229,39.90343967099989,17.93156410950983,9.641348652378255,27.572912761888084,59.13713508704191,40.86286491295808,373000,1311,5.6281498023357575,8.822756104775365,16.639621060242547,26.62027146941861,43.25989252966115,89.56930826277313,9.611128854196267,62.96110402133056,14.09475324635148,Moderate,38.7,2.8488949236813976,1.1568735406685324,1.1676242075756578,14.082845446990444,9.089468789307013,0.730527984183677,4.262848673499754
2021,33,New Hampshire,1388992,88465,45365,17.93090108863448,15.727173528263258,22.18945816439366,21.275632907927726,11.538321174542814,11.338513136238062,38.79282131232409,24.5315465954193,15.71518112341543,40.246727718834734,72.48287490009598,27.51712509990402,345200,1263,3.9021081783756286,7.794378021365906,16.22336721905027,18.541654233062115,34.765021452112386,96.09425032310604,3.5980419064996183,66.65741896306044,7.2209635760312905,Low,43.1,2.254584619637838,1.464299290420679,1.3436362484449154,10.925076108527785,4.931556766000938,2.1285707856490603,3.864948556877786
2021,34,New Jersey,9267130,89296,47338,20.030789506410194,14.48996482220275,20.198659498648492,17.877410879816576,10.697080714533818,16.706094578388168,35.21891589788563,25.706568318709905,17.396025934032462,43.102594252742364,64.40850270658916,35.591497293410846,389800,1457,4.365257122379502,7.829579966119693,14.799782484893223,26.278604079934393,41.07838656482761,91.73286590495917,8.039679867177636,65.62485437536193,10.234116176654148,Low,40.3,2.851918555151379,1.249469900605689,1.1604132023614646,10.02565151501774,4.95415526093683,2.936925700860366,2.134570553220544
2021,35,New Mexico,2115877,53992,31043,32.907997175083665,21.133635569006014,20.729082609618384,13.826502655253492,5.592519007634229,5.810262983404216,37.036391049182065,15.976364810840584,14.076394523728602,30.052759334569185,69.50876911105063,30.49123088894937,214000,906,3.9635501555786044,7.601288247299438,13.644568008525399,23.04491956319136,36.68948757171676,90.7808379966771,7.720451483315287,56.92854815238324,18.434556980800608,Moderate,39.1,2.782250575057057,1.4745658655961569,1.2287576262703361,12.260192491245075,6.570244201102067,2.4389521142539783,3.2509961758890307
2021,36,New York,19835913,74314,43078,25.542549485368887,16.102440639641138,20.660473095258567,16.027094348557743,8.758385639723464,12.909056791450196,34.27874296118979,22.20503415505751,17.715245211049556,39.92027936610707,55.392944106014816,44.607055893985184,368800,1409,4.962725731356137,8.737856398571726,13.932328322732202,27.655348604080878,41.587676926813074,91.0043660800019,8.718430006357028,62.5422682512327,13.909358923725168,Moderate,39.8,2.820777647088894,1.294434997773987,1.1550312808893646,9.955804201505124,5.667160901443472,2.8250510794189427,1.463592220642709
2021,37,North Carolina,10551162,61972,35254,28.274642360858564,20.18708824126143,22.85476329016526,14.747685920674355,6.5443560581410045,7.391464128899386,36.990727654951286,21.71903016879687,13.193824914099972,34.91285508289684,66.85303873642464,33.146961263575356,236900,1026,3.8226941199251274,8.544911618923056,13.934681226861725,21.97902298290556,35.91370420976728,92.23087321642011,5.666752235622576,62.19615572856226,13.404121495533373,Moderate,39.4,2.821935631355106,1.4435566433346394,1.071616566971486,13.101489334472175,6.12689088733757,3.7518087934571094,3.222789653677495
2021,38,North Dakota,774948,66519,36497,26.321582829732936,19.051753273531755,24.249095379692477,16.756017624205064,7.604081721243617,6.017469171594147,43.66626606596295,22.361412877240554,9.380174014630805,31.74158689187136,63.113816272933335,36.88618372706667,224400,839,3.373472241013846,8.131167935979557,13.47068811889511,16.848237252231804,30.318925371126916,94.9000377579021,2.796249221393579,68.08538857795958,11.083290227955423,Low,35.8,3.401389512586651,1.4784217779773612,1.231695546023733,15.87888647961519,7.681674204002417,3.2479421634812815,4.949270112131492
2021,39,Ohio,11780017,62262,35119,27.77611556735242,20.520960197578194,23.409626722715572,15.397206907125751,6.433871682596988,6.46221892263107,44.70619697798946,18.928666059864945,11.79218014152055,30.720846201385495,67.174392634518,32.825607365482,180200,870,2.894221194307925,7.562864181095234,12.724559957035773,20.335393296672542,33.059953253708315,94.32831733152454,5.43199662182477,62.62366916608634,13.39542062489424,Moderate,39.6,2.905725857611241,1.348758664779516,1.2451934492114909,12.116035745527522,7.2865731291058475,3.247354247783057,1.582108368638617
2021,40,Oklahoma,3986639,55826,29969,31.221983414375114,21.76680769034482,22.71818456078198,14.192356813808047,5.1116722772513885,4.988995243438652,41.3913994111116,18.30258772243833,9.622184872166974,27.9247725946053,65.49474245898007,34.50525754101993,168500,855,3.018306882097947,8.387283994533167,13.460580757493496,20.126560949581563,33.587141707075055,92.85097668770665,5.856162007737555,61.03997740702286,15.647680526157263,Moderate,37.2,3.163843026669834,1.435620330809988,1.0722064375530365,14.802521552866367,8.047257181097837,4.009237612918457,2.746026758850071
2021,41,Oregon,4246155,71562,38975,23.62311971286251,18.77752776784199,23.22120475813741,17.35810957248301,8.024849068982185,8.995189119692892,34.71863157391108,22.447638861162762,13.883394074179172,36.33103293534193,63.78659919335087,36.213400806649126,422700,1282,5.906766160811604,8.030406977970024,15.276311329307832,25.246647171687194,40.522958500995024,93.45762891771781,6.344558980036294,61.58394159956123,12.18878724412329,Moderate,40.1,2.5347402532408734,1.2368601711430693,1.2368130697065933,14.079261071063822,7.253528139912016,3.6424032303184855,3.18332970083332
2021,42,Pennsylvania,12964056,68957,38315,25.55479525932136,18.508780720281447,22.892657731294737,16.488339163687744,7.872948252002885,8.682478873411824,43.49763068868019,20.60394381324053,13.940959043085282,34.54490285632581,69.94662031962021,30.053379680379795,222300,1036,3.2237481328944124,8.43651645139162,12.773261859217882,22.99364038185708,35.76690224107496,93.53256380585982,6.356722381640241,62.42935527072709,12.083270193809504,Moderate,40.9,2.6748187449977077,1.331527725582179,1.2421266924487213,10.435388002449987,5.677623133524707,2.718983078245846,2.038781790679432
2021,72,Puerto Rico,3263584,22237,14468,67.04460274686916,16.96467012355251,10.279575499450248,3.3296397371486006,1.0214565919542498,1.3600553010252303,38.789560628780855,20.544438702445106,7.93442516455964,28.478863867004744,68.65929319663597,31.340706803364032,114100,504,5.131087826595314,5.078989784553413,7.970949054120248,16.07051476765537,24.041463821775622,86.67687571258395,13.042402138470433,44.81224948201387,40.50513970407099,High,44.1,1.5240606645945072,1.4216272662202045,1.2724660986204124,NA,NA,NA,NA
2021,44,Rhode Island,1095610,74008,40382,24.605493332121682,16.379807801531225,21.989912988163667,18.437421905173,8.29043324170207,10.296930731308358,36.46090832928229,20.892245792952224,15.609259125182295,36.50150491813452,63.259422495853876,36.740577504146124,348100,1142,4.703545562641876,8.75396516222383,13.29882946556106,23.784789854131496,37.08361931969256,91.82383910921047,7.614206371619532,65.14779835643321,11.41108516278535,Low,40.6,2.4747857358001477,1.6486706035906937,1.1949507580252097,11.142575255241866,5.441444296335737,1.7154611672173914,3.985669791688737
2021,45,South Carolina,5190705,59318,33339,29.433816657008,21.028043309859843,22.979679722454748,14.594052991943304,5.997496551172406,5.9669107675617035,40.42170988312021,19.584826358840797,11.94687191355709,31.531698272397886,71.77151687925493,28.22848312074506,213500,976,3.5992447486429078,8.149638139477013,13.817058250212554,22.901761953148224,36.71882020336078,93.11629958090062,5.572454831485046,59.60968444620327,14.648041100121901,Moderate,40.2,2.716856380780645,1.468316924194305,1.1948280628546604,13.238367628089257,6.163293587860456,3.2595397594424265,3.8155342807863737
2021,46,South Dakota,895376,66143,35135,25.09757990624483,20.3818015226108,26.412001557916092,16.686794419522148,5.735989262707804,5.685833330998327,42.50572092069982,21.555379020524175,10.110149955028735,31.66552897555291,69.38610820792015,30.613891792079844,219900,830,3.3246148496439534,8.910184244487768,10.9777863203273,15.112990472006372,26.09077679233367,96.38943101636391,2.771570120316555,66.62018337088669,12.28872057658306,Moderate,37.6,3.2718098318471793,1.40231589857222,1.337762012830364,13.896990332528464,6.685612740443311,4.099518887291209,3.1118587047939443
2021,47,Tennessee,6975218,59695,33904,28.992652672272367,21.204990624080683,23.134210103613384,14.245405438574643,6.0735382499607455,6.349202911498179,39.95151762382769,19.200283807380693,11.279951762715095,30.480235570095793,67.46496438233537,32.53503561766463,235200,981,3.940028478096993,8.130036201293839,14.53610088877893,21.21697588836289,35.75307677714182,94.17091761460843,5.257424732275314,61.242653169792696,13.617729016607374,Moderate,39.2,2.904525708013714,1.287601333750429,1.1153773258412856,13.362834487941658,6.699173015864964,3.4663035309345407,3.1973579411421524
2021,48,Texas,29527941,66963,34717,25.838969782740246,19.254005581754473,22.41423339054766,16.028236478843063,7.610070425398751,8.854484340715805,34.33433614111189,21.211376746400255,11.904567710019533,33.11594445641979,62.623632082519045,37.37636791748095,237400,1167,3.545241401968251,8.258878952826903,15.53925474165757,23.70547513224104,39.244729873898606,93.05213072083043,6.143206983461331,64.64781168136092,14.248253192356938,Moderate,35.5,3.2762731407516696,1.4695301646667474,0.9319884512096526,13.392722343692471,7.519031291330452,3.8463091670386196,2.0273818853234
2021,49,Utah,3337975,79449,35220,18.287987551509353,17.73692032403116,25.64968284129173,19.77477964119804,8.733916235965717,9.816713406004,36.713238545063554,24.11476048215397,12.692672849173459,36.807433331327424,69.72879684865806,30.271203151341947,421700,1208,5.30780752432378,9.538833422805508,16.02881503852302,19.734462582136956,35.76327762065997,96.0855060186783,3.468220518702118,68.652656191851,8.560334106886486,Low,31.8,3.640650394325901,1.5031868123637835,0.8465611635797152,13.97877326500708,8.219844815495753,2.6926523283896127,3.0662761211217147
2021,50,Vermont,645570,72431,40016,23.379589359016595,18.426283391878236,24.44006025991716,17.326576918378905,7.709419868745905,8.718070202063199,37.05643984828346,26.015063593434263,18.423833760171167,44.43889735360543,72.65650736777427,27.34349263222573,271500,1115,3.7483950242299566,8.863980940004332,12.992744206194498,24.98375568551007,37.97649989170457,95.4279052180489,4.195980475284736,64.31072883257465,10.25528778217331,Low,42.9,2.175751661322552,1.6514088325046083,1.5586226125749338,11.585364902411362,4.8398847438483505,1.7831318534742993,4.962348305088712
2021,51,Virginia,8642274,80963,43756,21.377827925946004,16.465928912270023,21.22702321894208,17.75758443517724,9.791589936067089,13.380045571597565,33.758921912567274,23.4721855757814,18.334934184488056,41.80711976026946,67.6030726459052,32.39692735409479,330600,1331,4.083346713931055,8.158596708394677,14.495256608273394,23.4363114303742,37.9315680386476,92.37097962486564,4.640572177077122,65.23447874559608,10.166907762401848,Low,38.8,2.8363715383242885,1.4115960683496034,1.0841243867065542,13.181715129799858,4.944139431718051,5.050800395464776,3.1867753026170327
2021,53,Washington,7738692,84247,46177,19.0293340568549,16.338925735915733,22.061804844395986,18.511144823980768,10.072909135728123,13.98588140312449,35.041858685994406,23.83687248768734,15.130058437565786,38.96693092525313,63.98867732868339,36.01132267131661,485700,1484,5.765190451885527,8.525443008432918,15.142867118602954,22.62627784709754,37.7691449657005,92.57432300954878,5.812409828310348,63.880360295562156,9.925249606576877,Low,38.2,2.8744134021615024,1.1859626924033158,1.1165065104025331,14.817711088039594,8.77824573775523,3.0971158429482784,2.942349507336089
2021,54,West Virginia,1782959,51248,30195,34.95938111412197,21.359566104173215,21.47324636770096,12.951242105729568,4.9029286860583134,4.353635622215976,46.99949977833779,14.175001718771114,9.942162364207203,24.117164082978316,75.15982392713386,24.84017607286614,143200,767,2.7942553855760224,6.89703226381859,11.106156213070525,23.09639010903253,34.20254632210305,93.52500359722022,6.21457062153484,52.63014623862787,16.827139230700062,Moderate,42.8,2.562257460771672,1.2867373843145018,1.308835480793445,10.270325920696552,4.9247875315647995,2.8678147655380273,2.477723623593726
2021,55,Wisconsin,5895908,67125,37221,24.15760192981955,20.17412458111732,25.006755184757363,17.154332502030638,6.957023963558738,6.5501618387163925,44.44826595629068,21.501327539245388,11.0395872374697,32.540914776715084,68.10593599105296,31.894064008947048,230700,921,3.4368715083798884,8.327030503138618,12.434940075122057,19.823648730795565,32.25858880591762,96.32695702132332,3.5440009970401176,65.05298401994752,10.793186473593815,Low,40.1,2.7544866710945963,1.3604520287629995,1.240148251974081,12.014634813016167,6.5286350945734455,3.3838766326982537,2.1021230857444673
2021,56,Wyoming,578803,65204,37156,26.85870581596042,19.107524622780243,24.890531094112365,16.353398170231873,6.9491644113806466,5.840675885534451,43.225209182795915,18.52924512075437,10.715369750194766,29.244614870949135,71.36466430222069,28.63533569777932,266400,889,4.0856389178578,7.093331031704932,15.23534150411416,21.705794349502273,36.94113585361644,95.3963286127254,3.7075634826072097,65.27050270567693,11.35180995475113,Low,39,2.7541322349745943,1.3419073501692285,1.2807466443677729,15.765088687233641,8.580481136089393,2.4274773486597523,4.757130202484499
2022,01,Alabama,5074296,59674,33777,30.753284984289202,19.497552131272418,21.785039832418192,14.86331410480211,6.440781016916876,6.660027930301203,40.71064575800795,17.53465687307118,11.26571401273812,28.8003708858093,70.23900442758752,29.76099557241248,200900,913,3.3666253309649092,7.469068428551194,11.782241737000408,23.45700407421911,35.23924581121952,95.00799136690527,4.304830304897855,58.58244539223302,16.237844110448055,Moderate,39.6,2.880576931262977,1.388369933484369,1.2028269537291478,12.16145935999089,6.398458415814378,2.9901444856866264,2.772856458489883
2022,02,Alaska,733583,88121,43054,17.64588052765375,15.62966631946215,22.450778296561218,21.760618266842453,11.114672183090898,11.398384406389535,40.52201676962009,19.24867850324395,11.340138752049189,30.588817255293144,66.13371987151004,33.86628012848995,336900,1329,3.823152256556326,7.36761732696692,13.45442422678195,18.48195466081645,31.936378887598398,89.40876938975842,4.2694376743427105,67.03771612719514,10.98499987423036,Low,35.9,3.141157851258822,1.2229018393283377,1.1713739276946167,14.48696209313501,7.323707946467531,2.1144828195681833,5.048771327099293
2022,04,Arizona,7359197,74568,39819,21.90205014985737,18.509832208160535,23.598597659186836,17.756247682324126,8.597950376388807,9.635321924082323,36.56155068726482,20.421888628747187,12.547094618232821,32.96898324698001,67.42076574432085,32.57923425567916,402800,1450,5.401780924793477,9.194394759597731,16.524539887210313,23.64631376725524,40.170853654465546,95.08185489507687,4.252758103024065,60.71553355375022,12.451487705734772,Moderate,38.8,2.7370241617393853,1.3794847454144794,1.0693965659568565,13.36378848925781,7.88940992666412,1.5935355383283505,3.880843024265341
2022,05,Arkansas,3045637,55432,31380,31.71886035847516,21.303856991449646,22.974954099096617,13.383330304791865,5.144354538331057,5.474643707855654,43.61073743307815,15.744421721364057,9.663864729416066,25.40828645078012,66.48193934091812,33.51806065908188,179800,846,3.2436137970847163,7.03350186066935,11.89258406128802,21.435352472347535,33.32793653363556,95.11248477770103,4.440923236883897,57.771332181354396,16.778044540782624,Moderate,38.9,2.9628941334768393,1.3947492757672697,1.1181240574631843,12.667261106855609,6.13038054810843,3.6652490531511974,2.871631505595983
2022,06,California,39029342,91551,46661,19.42632591682751,14.12851813198337,20.163939773527137,17.608640689044737,10.625451917725181,18.04712357089206,31.907460564765262,22.541482745248192,14.44078155571568,36.98226430096387,55.83154853967201,44.16845146032799,715900,1870,7.819685202783148,8.83501384441722,16.128578980679304,28.179370581933355,44.307949562612656,93.8971907044692,5.258318459527055,63.93799226361173,12.19160065864534,Moderate,37.9,2.772027260925895,1.3327511388739273,1.0059918509515227,10.33125762263806,6.324882027650652,2.7746564326412426,1.2317191623461632
2022,08,Colorado,5839926,89302,49071,17.787924434618365,15.138154076350425,22.64428512478487,18.99291448739067,10.72954444045586,14.707177436399807,30.717869032449528,28.841573122847088,17.07248572724219,45.914058850089276,66.43963894750615,33.56036105249385,531100,1646,5.947235224295088,9.384024241666927,16.220049358033176,25.293180469213706,41.51322982724688,95.20121010345169,3.443139579960322,68.86006519249037,9.437423296066141,Low,37.7,2.646694495786419,1.3383046292024934,1.1242779446177913,15.78041647834661,6.710628481326521,5.093644580767121,3.976143416252968
2022,09,Connecticut,3626205,88429,51581,20.153037558374344,14.442937009768874,20.634540869886685,17.721177287105853,10.786636765982974,16.26167050888127,35.71382546200909,22.984510378015298,18.914319885210837,41.89883026322613,66.25389307599214,33.746106924007854,347200,1360,3.926313765846046,7.768977006837592,15.576606668926573,26.121960495746137,41.69856716467271,94.90946263915833,4.721097002312189,65.67468788245596,9.837349858726556,Low,40.9,2.5236576531111727,1.5057063789829863,1.2491847537577163,10.878205833715292,4.922533376614149,1.9067335568889638,4.048938900212178
2022,10,Delaware,1018396,82174,42571,19.54122694080043,16.622756217471057,23.618436423469056,20.034349570257547,9.364110415724248,10.819120432277659,40.05574269965375,20.978646236884373,15.536412993186849,36.51505923007122,74.08645553197096,25.91354446802905,337200,1274,4.103487721177014,9.803470204011164,13.51250251776825,21.52907662647829,35.04157914424654,95.15106766182822,4.24927881313247,62.74335170853459,9.374368786472209,Low,41.5,2.6960043048087385,1.2993963055628655,1.2507904587213619,10.328088532424493,5.018285552182016,0.7310253299780891,4.5787776502643895
2022,11,District of Columbia,671803,101027,71699,19.38832308774505,12.088570816894515,17.905618252439062,16.640364559439703,10.255680949322569,23.7214423341591,17.78223862813549,26.433598828122555,38.93654625848495,65.3701450866075,41.01905373581674,58.98094626418325,711100,1843,7.038712423411563,10.480684469795177,11.762509722582317,23.044334975369456,34.806844697951774,93.69520229538024,5.048386935527407,71.76220121352999,13.327463665876957,Moderate,34.9,2.9827196365601227,1.3055910735736518,0.8908861675223243,20.10297423979714,10.343267639217965,0,9.759706600579173
2022,12,Florida,22244823,69303,40278,24.376206183408534,19.369155739025473,23.111295507542494,16.002843290249675,7.672748350005676,9.467750929768147,39.90601332181682,21.393785925718483,12.87271623114414,34.26650215686262,67.18260027821101,32.81739972178899,354100,1525,5.10944692148969,9.195596343704484,17.71211903087524,29.366258911762888,47.07837794263813,95.30843898004898,3.9514161402957853,59.62141178098357,12.693588225818294,Moderate,42.7,2.534086245595211,1.1594158335177582,1.1997173454695504,12.464795249479447,6.060252496155399,3.052282037207572,3.3522607161164766
2022,13,Georgia,10912876,72837,38378,23.414947512099673,18.21927947128224,23.10682040930324,16.88106464878031,8.198160180644095,10.179727777890452,36.926897386874096,20.723157570319298,13.97097769256155,34.69413526288085,65.87432470438979,34.1256752956102,297400,1269,4.083089638507901,7.992226736417912,15.227462476245575,24.429285212039105,39.65674768828468,94.79578957511224,4.1296363310489985,63.87770991156722,12.654399660633272,Moderate,37.6,2.924875165813302,1.4178022365506582,1.018448299055171,12.808399392799346,5.175291148005298,4.595483284884732,3.0376249599093184
2022,15,Hawaii,1440196,92458,42710,18.145533691573014,14.423424752489252,20.909732088184356,20.1039959420161,11.021629781721693,15.395683744015583,41.298519401900485,22.085808077996333,13.339935908142166,35.4257439861385,62.58490341068696,37.41509658931304,820100,1813,8.869973393324537,10.278167872961003,17.731986604731553,24.881711137517552,42.61369774224911,90.39742155095585,3.4033115112204073,63.46907755342287,10.150071752990064,Low,40.8,2.7730253382178534,1.0813805898641573,1.162133487386439,11.423242385194838,6.8983053581937845,0.582136361181276,3.942800665819778
2022,16,Idaho,1939033,72785,35980,21.38378110049348,20.075967264913526,25.828870070598796,18.02423757339807,7.019442209520728,7.667701781075394,39.383038921150025,21.43522228940038,10.83903957105965,32.27426186046003,72.34696737507164,27.653032624928365,432500,1138,5.942158411760665,8.814304587674092,14.693869318353721,20.016741127706567,34.710610446060286,96.4383977553499,2.9533271912559154,62.39902686889711,10.718412051035472,Low,37.5,2.943322779963002,1.3830605255299935,1.0692958809881008,14.437803910372068,6.771955399646861,3.083636863803868,4.582211646921339
2022,17,Illinois,12582032,76708,43317,22.924237989383666,16.78035187367988,22.092216535215055,17.591607401371736,9.003492631062663,11.608093569286996,36.402756337716596,22.466653299342138,15.212843583091784,37.679496882433924,67.09000150305754,32.909998496942464,251600,1170,3.279970798352193,8.143094429968366,13.507783429324155,24.202186475390132,37.709969904714285,94.94705943228546,4.74921832971928,64.9903456979383,11.942473028848728,Low,39.1,2.752345567075334,1.3155585679642208,1.1509349205279402,11.06635244789807,6.63529296152581,2.5980613612958385,1.8329981250764225
2022,18,Indiana,6833037,66785,35984,24.741049752997352,20.31616485524057,24.31295339904177,16.582205173026555,7.265241121456937,6.7823856982368165,43.31234212971648,18.960073814582305,10.640184449204487,29.600258263786795,70.78205707046682,29.217942929533187,208700,972,3.124953208055701,7.884146096527346,13.723036212818092,23.336731004840427,37.05976721765852,96.30887441321123,3.5738467654323114,63.855624180499284,12.55904239765972,Moderate,38.2,3.052171384407841,1.470078385350467,1.0466356321500967,12.450748539327174,6.605689372458251,3.6350922576940605,2.2099669091748604
2022,19,Iowa,3200517,69588,38917,22.909176969109577,20.23238254088107,24.50437454686156,17.33582770784263,7.750968260587005,7.267269974718162,44.727857371414174,21.474305988716893,10.838842682440609,32.3131486711575,72.02882054402909,27.97117945597091,194600,891,2.796459159625223,8.222780322056433,12.848144616500356,20.618326864448893,33.466471480949245,96.82576747786462,2.941130111775904,66.6289759522351,10.950935753105401,Low,38.9,2.907936436519475,1.5732145775198194,1.2110230940813624,12.494734322491247,6.573176022994037,3.6406278519130435,2.280930447584167
2022,20,Kansas,2937150,68925,37919,24.42699443713658,19.507374325062496,23.49982217215437,16.85927095688398,7.601672432599843,8.10486567616273,38.280654288595095,21.95033037841195,13.657989059541126,35.60831943795308,67.72679857125111,32.27320142874889,206600,975,2.9974610083424014,7.995149022554409,14.413994015370216,21.066424117794387,35.480418133164605,95.12924562252584,3.581335230037418,65.6877214328556,12.011282550638807,Moderate,37.6,3.112711301772126,1.5087414670684167,1.1427744582333215,14.257424175648753,7.499847761264893,3.516422344999465,3.241154069384395
2022,21,Kentucky,4512310,59341,33980,30.371251394448457,20.103790712426452,22.433722685215564,14.928801102434544,6.169094647505304,5.993339457969683,42.2192276303502,16.45221298793886,11.409222516326222,27.86143550426508,68.77840846949712,31.221591530502877,196300,891,3.307999528150857,7.3012542407911125,13.722735894826629,21.427883343871454,35.150619238698084,94.95064610576861,4.305498486308601,59.86062085569298,16.46807876629004,Moderate,39.4,2.962695382187837,1.349220244176486,1.141699041067657,12.39629989695541,6.4469876153761,3.412483589734625,2.5368286918446863
2022,22,Louisiana,4590241,55416,32171,33.47423251226538,19.5591727016647,20.352336009316957,14.224487616833489,6.221194098525952,6.168577061393514,40.74462852065536,16.958122760706058,10.176023482286384,27.13414624299244,67.64327410063945,32.35672589936056,209200,984,3.7750830085173956,8.865093810066508,13.544710745207436,26.0708635969314,39.615574342138835,93.78115644440068,5.371227237823481,59.44161435630012,18.568404267510903,Moderate,38.2,3.0028924407237008,1.3283180556315017,1.191506066892784,11.259580554903536,6.457131459263839,3.1421685472379903,1.6602805484017071
2022,23,Maine,1385340,69543,41188,23.867987801856152,19.427823794309955,23.79926586469047,17.293809408958303,7.714037446847877,7.897075683337243,41.72652093257136,22.30413118204207,13.764523497268822,36.06865467931089,74.13577208105224,25.864227918947762,290600,1033,4.178709575370634,9.178237931607118,12.966416718827842,20.61430962022406,33.5807263390519,96.44869287744238,3.2675294026402826,61.70994503705363,10.772631944537208,Low,45.1,2.318997502418179,1.1160437149003133,1.4673654121010005,10.016309908670342,4.638266922805596,2.3450412921995203,3.0330016936652258
2022,24,Maryland,6164660,94991,49236,17.89069286661863,13.903544805015521,20.463437464225347,18.674578616691022,11.570153671068493,17.497592576380985,33.56732371863667,23.24117589967468,20.59014291393621,43.831318813610885,67.7440588825514,32.2559411174486,398100,1550,4.190923350633218,9.031362376630359,15.723203148241902,24.009128440127558,39.732331588369455,95.0729997095375,3.930455834095498,66.99602299718013,9.626927357198706,Low,39.7,2.925887234656899,1.2540999828052155,1.0331145594404232,10.67554129890755,5.37600688760464,3.00808132933917,2.291453081963741
2022,25,Massachusetts,6981974,94488,54025,20.0197228084021,13.370620092530638,18.91741869256152,17.64769588415942,11.03358524771104,19.01095727463528,32.87697094060215,25.310083066121408,21.334951966534234,46.64503503265564,62.247835423565,37.752164576435,534700,1634,5.658919651172636,9.57915057549509,15.118994983057524,25.791193320337314,40.91018830339484,95.7911514155074,4.077983643300591,66.79988596951321,10.352225483925245,Low,40.3,2.5223382384408763,1.4639985769067603,1.1443182114399164,11.240948520210068,5.6246731580713805,3.1435219459991366,2.472753416139552
2022,26,Michigan,10034118,66986,38151,25.33083573402475,19.461346952927215,23.295525398100736,16.36820827650488,7.459471063823752,8.084612574618673,41.47230128535058,19.503487056509343,12.619559498331553,32.1230465548409,73.1500168468143,26.849983153185708,224400,1052,3.3499537216731854,8.831272669653012,13.853633837806628,23.90545929411379,37.759093131920416,95.26055600548595,4.645596958633679,61.60640592550065,13.388699924606474,Moderate,40.3,2.739274144473884,1.3397091802189292,1.2266250008221948,11.144775282764616,6.078108347732801,3.4770562892546932,1.5896106457771235
2022,27,Minnesota,5717184,82338,45021,19.464341849719446,16.625426859989922,23.175149320253727,19.016187305948264,10.163595571421805,11.555299092666836,39.049320350689605,25.39406645034598,13.745542054297937,39.13960850464392,72.10581390842266,27.89418609157735,314600,1200,3.820836065971969,9.29393166562718,14.001722870957584,23.896652443203923,37.898375314161505,96.68172504923056,3.208052474896269,67.9534170422036,9.644663977270495,Low,39,2.976955088379174,1.325984960428071,1.1238924617434036,12.177373403114844,5.692407706148019,4.415571599911011,2.069394097055814
2022,28,Mississippi,2940057,52719,29045,34.433878468049535,21.063622272149363,21.6473344131529,13.161171778393157,4.796663009213299,4.897330059041747,41.746845397749325,15.151870146618842,9.611566518380583,24.763436664999425,69.9275475904349,30.07245240956511,162500,873,3.0823801665433717,7.798537068461258,13.134241053588699,21.483838834287965,34.61807988787666,94.03134173679102,4.846319611540721,57.12170886843674,19.148848561207412,Moderate,38.9,2.960146691033541,1.5867379441963199,1.166814112787609,10.61077752863713,5.124741730118421,3.0801144831661524,2.405921315352556
2022,29,Missouri,6177957,64811,36640,26.34251607561487,20.059107823201547,23.485029930621863,16.156786019052817,6.937297964337037,7.019262187171865,41.41331111116357,19.732366070901627,12.468148092190528,32.20051416309215,67.60164832550305,32.39835167449696,221200,954,3.413000879480335,8.417785349900615,12.829974835746945,20.960745723545713,33.79072055929266,95.57721386417515,3.6916902661406485,62.83939107403887,13.171667103485413,Moderate,39.1,2.913357927224162,1.413655031914272,1.2060783200660024,12.645236010152777,6.295627604135986,3.6783195820554004,2.671288823961389
2022,30,Montana,1122867,67631,38329,24.523349825027154,19.890879001534245,25.503370166698268,16.037813097967557,6.583461187057181,7.461126721715596,39.599942961761464,22.8799727031287,11.717538494445137,34.59751119757384,68.83005223327415,31.16994776672585,366400,1005,5.417633925270955,8.834366855396784,12.127811076314716,19.34656518102191,31.474376257336623,96.16990123579846,2.9959219166476196,63.50518231693276,12.132241459223637,Moderate,40.2,2.4677009832865338,1.2180427423728724,1.2680931935839241,13.007886538909593,5.838575583304322,2.8365272601496345,4.332783695455637
2022,31,Nebraska,1967923,69597,38997,23.300799221073838,19.721175311925315,23.536867636091074,17.434573813090093,8.046122987161912,7.9604610306577674,40.61237110547391,22.56344541240864,12.08920278072201,34.65264819313065,65.9550996878568,34.044900312143206,232400,983,3.339224391855971,9.754456285611884,13.181974443558591,20.349334757199177,33.53130920075777,97.00370845962189,2.3155398557684572,68.27625194632347,11.24146296621332,Low,37.4,3.164554710728011,1.5230270696566888,1.0119298366856833,12.046616193919908,6.27840764367263,3.2386193184069443,2.529589231840334
2022,32,Nevada,3177772,72333,38183,22.63217274332502,18.913745164208297,23.830564540086584,17.910036750347977,7.900740681400185,8.812740120631933,40.65000728465743,17.576349505272834,9.458363236402423,27.034712741675254,60.30628627886871,39.69371372113129,434700,1461,6.009705113848451,9.089877058140903,17.262735666593787,27.93395448964833,45.19669015624211,93.6658446021689,5.4357607270203285,63.297062273548875,12.450806558998044,Moderate,39,2.736225254675288,1.1392887847208675,1.0318235543645045,13.081513272929582,8.254649499284692,0.7764425369575584,4.050421236687331
2022,33,New Hampshire,1395231,89992,49281,16.971752629123145,15.73669286816697,22.198951939987797,18.569146836079106,11.546606367323498,14.97684935931948,38.204980581197916,24.5977673256699,16.705731961982085,41.30349928765199,72.2615842934568,27.738415706543197,384700,1396,4.2748244288381185,10.067674232033333,14.364923268031365,21.886079552806603,36.25100282083797,97.2557348535093,2.534458153440396,65.82282996432818,7.21063553482845,Low,43.3,2.2913051673880522,1.251835717526345,1.397116319806541,9.865398629358367,4.050896752652558,2.2191134379647077,3.595388438741101
2022,34,New Jersey,9261699,96346,51272,18.202473828383344,13.556411214400546,19.69068330822655,18.085953338349004,11.514914224655373,18.949564085985184,34.74710758947972,25.91541512842122,17.612985545236565,43.528400673657785,64.62920723416524,35.37079276583476,428900,1555,4.451663795071928,8.159355875442028,15.378425589417219,26.13227029629826,41.510695885715485,94.69126013782738,5.0188405394826665,66.19274734079414,9.689443900432751,Low,40.4,2.828012441345805,1.2245053526356233,1.1190279450886929,8.783530357377014,4.379644311405572,2.4961247559885207,1.9077612899829208
2022,35,New Mexico,2113344,59726,33916,30.874610064865397,19.311780697886626,21.61460850866169,15.558382396978136,6.368645796245777,6.271972535362372,36.77216544436179,16.941235086492664,13.516969243611547,30.45820433010421,70.9329441252131,29.067055874786906,243100,955,4.070254160667046,7.668159252409228,15.86156267237743,24.06551153509199,39.927074207469424,93.63603114582418,4.7090471584232025,58.50546549201121,17.602277569903567,Moderate,39.4,2.3899090730141426,1.5042037642712214,1.268652902698283,11.302540183936939,5.84999749111736,2.007249476121411,3.445293216698167
2022,36,New York,19677151,79557,47421,24.132553019509903,15.117384081001164,20.031776461647777,16.416187781600627,9.351970619121342,14.950128037119187,34.3485115180481,22.29596362458728,17.701622078108205,39.99758570269548,54.07988723883849,45.920112761161505,400400,1499,5.032869514938975,8.09042986623701,13.466355889165484,27.819833830582937,41.28618971974842,94.63118989406017,5.098450429393621,62.80087068157519,14.254919536729801,Moderate,40,2.762600134541835,1.2907000612029658,1.1614587904519307,9.70247949246867,5.342117747970685,2.8123587392890905,1.5480030052088951
2022,37,North Carolina,10698973,67481,38701,24.977193781450136,19.718621736826705,23.134669964593957,16.010267799201074,7.423895148613741,8.735351569314389,37.420687671931546,22.76798261558412,13.151115282985085,35.919097898569206,66.71992381955431,33.28007618044568,280600,1131,4.158207495443162,8.601697373285836,14.534536297551229,20.897484552337538,35.432020849888765,94.27584325480603,3.6835509778767004,62.813034086148434,12.759230654553773,Moderate,39.2,2.7484694091666557,1.4274267259109823,1.0846835485985429,12.160580521028502,5.249827714956816,3.684798599091453,3.225954206980233
2022,38,North Dakota,779261,71970,41800,22.356032472449403,19.249972094931532,24.297018531982225,17.819724207420638,7.995631725498596,8.281620967717608,42.36129187662446,22.34598454503425,9.48102706755817,31.827011612592415,65.13073147480549,34.86926852519451,243100,863,3.377796304015562,6.704157113812347,11.560323571397673,19.688540900635896,31.248864472033567,96.33352432016939,2.120425452650591,68.65891761506208,11.473205847352265,Low,36.2,3.1497790855695333,1.7046920094807774,1.2364278463826626,15.192511855968476,7.175618885448112,3.5345971047296683,4.482295865790696
2022,39,Ohio,11756058,65720,37932,25.985925973605873,19.743815656821383,23.208408992978153,16.020623155315704,7.376625751352034,7.664600469926854,44.03791989820597,19.413956265022115,12.567370837944841,31.981327102966954,67.34139558682024,32.658604413179766,204100,949,3.1055995130858185,7.802698295331148,12.813701625831527,22.54408550585819,35.35778713168972,96.0442549786851,3.7073337417126098,63.10739151697049,13.436101606833315,Moderate,39.9,2.901082999080134,1.2945665970685072,1.2074030257421324,11.71103920108805,6.578824294048567,3.405838467239005,1.7263764398004784
2022,40,Oklahoma,4019800,59673,32930,28.965471211177363,21.28415057399662,22.434241472685898,14.834475393788377,6.2668607533785075,6.214800594973239,41.66434623343896,18.618592551089925,9.8998888070944009,28.518481358184328,65.40910766727266,34.59089233272734,191700,937,3.2125081695239053,7.99776543293818,13.482561740022089,21.46195079909662,34.944512539118705,94.62914217161514,4.107696461993849,61.044930685668916,15.657350401123166,Moderate,37.1,3.053833524055923,1.462236927210309,1.0865963480770187,14.067879349086965,7.087347859017491,4.016647752578565,2.9638837374909097
2022,41,Oregon,4240137,75657,42474,22.01906924476059,17.77842140018768,23.056292503214895,17.909507976412524,8.608617074272738,10.62809180115157,34.99788102880158,22.20238310342222,14.140075494508745,36.342458597930964,62.837332159366056,37.162667840633944,475600,1370,6.286265646271991,8.790686364670783,14.928127640073946,26.21587582650876,41.1440034665827,95.60625078992672,4.2496574512732135,62.44996386912646,12.109310232966083,Moderate,40.5,2.428624358128051,1.2345591663665583,1.1290437077858568,14.109175148553527,7.1817474412706845,3.8719965265503946,3.0554311807324477
2022,42,Pennsylvania,12972008,71798,41489,24.21957418354327,17.871012161732054,22.497627059735763,16.79435367718379,8.326815027771666,10.290617890033461,43.62476703893815,20.75554123891577,14.316386035273714,35.07192727418949,69.10015271818536,30.899847281814637,245500,1116,3.4193153012618738,7.677866905318188,13.808778023520379,23.191927416682866,37.00070544020325,95.5776909619198,4.295250153430582,62.835410236877046,11.816264148247031,Low,40.9,2.628159032896064,1.409812574892029,1.2576773002298487,10.29093913199988,5.6975411344542914,2.5483136578626056,2.0450843396829814
2022,72,Puerto Rico,3221789,24112,16676,63.87310741938912,18.061197026939194,11.125011731071867,3.859580814869337,1.5666507149942877,1.5144522927361979,38.75042733478676,20.940693833652606,8.909067316354175,29.84976115000678,67.4495912933342,32.550408706665806,122200,535,5.068015925680159,5.309810425185143,9.9810329873521475,17.565216976905994,27.54624996425814,89.83658526797979,9.858671259812137,46.5906194170366,41.72420873011849,High,44.7,1.6601025082648182,1.3140835728224287,1.1074902794689534,NA,NA,NA,NA
2022,44,Rhode Island,1093734,81854,44538,21.89604377104377,15.05637044200874,22.012679991403395,19.034314778995633,10.145336342144853,11.85525467440361,35.33117191023798,23.88655227315659,15.745363284849093,39.63191555800568,63.26944086252597,36.73055913747403,383900,1254,4.6900579079825055,10.407689353999183,12.692675731847796,21.71742721139019,34.41010294323799,94.79221800410915,4.509566849576826,64.55815872814865,10.818282344268336,Low,40.7,2.3376799112032725,1.6210522851077138,1.3121106228753974,9.923116946375591,4.781159131500096,1.4231759878374588,3.7187818270380375
2022,45,South Carolina,5282634,64115,36675,26.91790569641587,20.009362945208046,23.382223512228006,15.561121306318116,6.617870117224074,7.511516422605895,40.00562631346588,19.794936972737755,12.797925849445091,32.592862822182845,72.02679674918542,27.973203250814578,254600,1084,3.9709896280121657,7.834250999949793,14.421702676016269,24.25735946312319,38.67906213913946,94.10826077536206,4.282419080525448,60.72017517837541,13.955513430480396,Moderate,40.5,2.720290673175541,1.4883673561333228,1.1587969183555022,13.027453518600977,5.506674409103637,3.31853701604031,4.202242093457029
2022,46,South Dakota,909824,69728,37618,23.585392343198482,19.701601954928048,24.476513711648114,18.194949769209884,7.141732283464567,6.899809937550909,43.846071301806894,21.706026562770848,9.87824708824816,31.58427365101901,69.59706760792832,30.40293239207168,245000,866,3.513653051858651,8.41713254862736,9.76744601425331,17.616589565434833,27.384035579688142,96.08937266542156,2.774187900213447,66.91316870419058,12.490168264749876,Moderate,38.5,3.172371799380979,1.4317054727068093,1.3505908835115363,13.010723368261722,6.064518283148118,3.462640719862438,3.483564365251167
2022,47,Tennessee,7051339,65254,36704,25.696108173580207,20.32178492589975,23.588217027249954,15.718358623577465,7.167286569215269,7.508244680477355,40.52720665720372,19.68659294880354,11.412950816641366,31.099543765444903,67.23717841530707,32.76282158469292,284800,1096,4.364483403316272,8.386389808010259,15.259249410821162,20.431049456711705,35.69029886753287,95.93709308466313,3.4154679893502538,62.42573386251639,13.275966907620926,Moderate,39.2,2.9259265509713828,1.275630061184124,1.0448370160617722,12.54604532986151,6.0838388721988474,3.223226841809611,3.2389796158530526
2022,48,Texas,30029572,72284,38123,23.569388732098645,18.22330638577423,22.67773465895747,16.198974576170297,8.674254408575695,10.656341238423666,34.03347783732144,21.6459054762567,12.294381346733898,33.9402868229906,62.47112568260276,37.528874317397246,275400,1290,3.8099717779868296,9.089344816216514,16.293679639863768,24.219579860286675,40.51325950015044,94.81094888906433,4.363294255490814,65.51075411177354,13.984042862214324,Moderate,35.6,3.2070919958499573,1.4673169501050498,0.925397804537474,13.54228528187385,7.3051981590247355,3.9846253537955194,2.2524617690535953
2022,49,Utah,3380800,89168,38514,15.424109909176211,15.93886656162031,24.549333427757027,21.00012393109431,11.2042561478675,11.883310022484642,36.6870917592143,24.730140113720022,13.208302658166382,37.93844277188641,71.18637466140254,28.813625338597454,499500,1372,5.60178539386327,8.830216039521224,14.898493376262689,21.246036817656748,36.14453019391944,96.86971768696284,2.679097093831458,69.97485985089291,8.201749854018633,Low,32.1,3.4523781353525793,1.6081992427827732,0.8131507335541884,13.738904832295573,7.85688151360247,3.1449281138312286,2.7370952048618715
2022,50,Vermont,647064,73991,42251,22.543217005305134,18.190479627557835,23.684001587931718,17.138474863762674,9.913385542603487,8.53044137283915,36.5133231973963,24.51292973486185,19.71717741952729,44.23010715438914,73.6544083149879,26.34559168501209,304700,1141,4.118068413725994,10.421775044177476,13.477897563047081,23.13529951644498,36.61319707949206,96.7116994420279,2.811763747820202,64.9778304899188,10.429758150999568,Low,43.2,2.10968312253502,1.5604329710816858,1.4707973245304948,11.204384453080928,5.384107136735222,1.7451482105958656,4.075129105749841
2022,51,Virginia,8683619,85873,47199,19.9230789026941,15.545965561805913,20.83383250404439,18.051018648426158,10.272770540911736,15.373333842117704,33.726217145900286,23.582428661891335,18.600644746705935,42.183073408597274,67.38618242226913,32.61381757773086,365700,1441,4.258614465547961,8.478021305252847,14.23560943090758,23.589876150179812,37.82548558108739,93.44606411459019,3.5022483475705126,65.3296887298016,10.558444202781732,Low,39,2.8401983090230005,1.4157806785396734,1.11543355368309,12.666604041554672,4.530950133532337,5.028028229724276,3.107625678298059
2022,53,Washington,7785786,91306,50764,17.653418737233977,14.88129851332147,21.800430071497846,18.9238277337349,10.513537057221328,16.22748788699048,34.854445232348525,23.81457454367831,15.66623871226858,39.48081325594689,64.16523239153324,35.83476760846675,569500,1630,6.237268087529845,8.866497416856484,16.16852134740245,23.54248550775849,39.71100685516094,94.39514763445715,3.991686458777674,64.71956373297245,9.977416276146368,Low,38.4,2.7437563786109713,1.1197456493153035,1.0723130586943952,14.002004321729563,7.84335163473357,2.937588087890818,3.221064599105176
2022,54,West Virginia,1775156,54329,31922,33.89258509304792,20.022109321632232,22.055270587947703,14.182831052460749,5.0541800605969245,4.793023884314469,46.97908861794156,14.953119282477115,9.844475457124616,24.79759473960173,74.47486965957349,25.525130340426514,155100,795,2.8548289127353716,7.458287222269516,12.663871626798331,21.66191368008853,34.325785306886864,94.95243626976443,4.721781219748307,52.83829809870787,17.93859896245688,Moderate,42.9,2.4485735338189993,1.3913143408241304,1.403313286268925,10.216715801350293,4.9865448308493026,2.7567742170297174,2.4733967534712744
2022,55,Wisconsin,5892539,70996,40188,22.541538528236888,19.820514539438268,23.970132321954654,18.054442156763965,8.000293843614983,7.613078609991245,43.85513024336554,21.659483918307448,11.565928824752355,33.2254127430598,68.1015896056434,31.898410394356596,252800,992,3.5607639867034764,7.985875151643285,13.610897174526947,21.216971966756773,34.82786914128372,97.09901566552003,2.7643662413590575,65.12195934480296,10.705039880388329,Low,40.4,2.7010767344942477,1.3770464650297605,1.2976749072004445,11.856498132462525,6.33007465351679,3.4626043528120682,2.0638191261336662
2022,56,Wyoming,581381,70042,38114,24.330000287685813,18.41764582588433,24.376440997694402,18.693413227793737,7.607645866982299,6.57485379395942,41.35309007593873,17.962160701958,11.59441315070686,29.556573852664858,72.68710879866514,27.31289120133486,292300,895,4.1732103594985865,10.873032592013,10.411086701375305,17.341779770682237,27.75286647205754,94.96893518155952,3.722883546088182,65.77960560913363,11.79304780427307,Low,39.1,2.5888358924698265,1.3610695911975108,1.4013185845426666,15.050069045778654,7.439574087423247,2.582225271623488,5.02826968673192
2023,01,Alabama,5108468,62212,35046,29.097436322381427,18.96122190836662,22.926526105934794,15.628416632342942,6.677991464969084,6.708407566005133,40.92850832831518,17.60591054445498,11.283758892267347,28.889669436722325,70.13036516381557,29.86963483618444,216600,982,3.4816434128463962,7.570305602744175,13.422075135160716,22.63992989430293,36.06200502946365,95.33778779951999,3.9853297183148264,58.569904980925955,15.5853878749139,Moderate,39.6,2.8053224567522004,1.4430745186228044,1.1713687939319577,11.014675202440614,5.664462476946748,2.9893659987541508,2.360846726739716
2023,02,Alaska,733406,86631,45792,17.669729675061046,15.938840969182088,23.042997702743705,19.422651813965587,10.44854290378975,13.477236935257828,39.719007394329125,20.063293189604206,12.171891830602641,32.23518502020685,66.30799127331571,33.69200872668429,347500,1373,4.011266174925835,8.455460617301156,13.403089722010787,18.645539629276243,32.048629351287026,89.50946759667106,4.535585104729135,66.81948344696484,10.365633491007287,Low,36.5,3.321489052448439,1.2572845054444604,1.0162174839038676,13.609854246623703,7.668980277991916,1.7104542777905722,4.230419690841216
2023,04,Arizona,7431344,77315,41290,21.037187987398752,17.860423100817542,23.058024488358157,18.038784814933813,9.16290736817917,10.842672240312567,36.43934842825228,20.409401167398734,13.10576138574913,33.51516255314787,67.68815010866821,32.311849891331796,411200,1608,5.31850223113238,8.376574293896583,17.21742555705784,24.98376467832771,42.201190235385546,95.06759417317791,4.222952058058142,60.749426072500924,12.447098477357219,Moderate,39.3,2.6768240038410283,1.3959386081440988,1.1529139278170948,13.149225585347516,8.098620244526833,1.570751313690634,3.479854027130048
2023,05,Arkansas,3067732,58700,33012,29.92656977088438,20.97689052625944,22.563512322051537,14.598283194267689,5.648279503695034,6.286464682841919,43.680175762924065,16.640699356286575,9.536081730144632,26.176781086431205,66.19005556947968,33.809944430520304,195700,933,3.3339011925042588,8.517079981671317,12.859826357318157,19.835041851292964,32.69486820861112,95.45583240922836,4.143552476902002,58.75121749954032,15.656642591259171,Moderate,38.9,2.9071313921815856,1.3619181858128415,1.1932267877376512,11.858498255337395,6.035046179918928,3.4134215920248137,2.410030483393653
2023,06,California,38965193,95521,48013,18.294267601842243,13.57208739153869,20.047466330934665,17.81366260685545,11.204544644979174,19.06797142384978,31.78705811113819,22.75767845551123,14.730110132319481,37.487788587830714,55.90190408396726,44.09809591603274,725800,1992,7.598329163220653,9.07756170053157,16.419768535484902,27.76839247069947,44.18816100618437,93.73356595408089,5.472584708217262,64.26780486785539,11.996665802694432,Low,38.2,2.7404663438982584,1.3687934254553802,1.071215020030826,9.703991477314363,6.071944023276306,2.537232213172349,1.094815240865708
2023,08,Colorado,5877610,92911,51768,16.6985344656114,14.64500727063524,21.928202940293488,19.066937203208386,11.782135445901408,15.879182674350082,29.92002898100008,28.296764086582186,18.13612315764247,46.43288724422466,65.65155063644312,34.34844936355688,550300,1771,5.922872426300438,9.162780102389489,16.39574616039421,25.118275444507056,41.51402160490127,94.84772182362448,3.7417929344226235,68.96780104125243,9.319026859638353,Low,37.9,2.7065252713262704,1.324381849084917,1.060652203871982,15.107226896763748,6.413696667307659,4.695272076876375,3.998258152579716
2023,09,Connecticut,3617176,91665,53119,19.299513710966764,14.012082033640363,20.4677300759753,17.756791725948375,10.967872490677207,17.496009962791994,35.53725465072764,23.09625058888513,19.807986337083708,42.90423692596884,65.70626257390145,34.29373742609855,367800,1463,4.012436589756177,8.496750517330574,14.62671365752716,26.69789511122607,41.32460876875324,94.99973528900139,4.575365742363088,66.3927105420495,10.279072514332961,Low,41.5,2.5603951812131895,1.4378067309967777,1.258108535498411,10.088204654481444,5.588475575966776,1.8439156738004665,2.6558134047142015
2023,10,Delaware,1031890,81361,44350,18.572593484254263,18.20273366209762,22.882528249136023,18.128470469459867,10.507028307381665,11.706645827670563,39.34377593389361,20.995259950753802,15.467982450743548,36.46324240149735,73.56691453422903,26.43308546577098,359700,1358,4.421037106230258,9.06561877392877,14.384347714314568,24.09541210279387,38.47975981710844,95.74788409913315,3.4348029146083543,62.23030337399901,10.528766998139067,Low,42,2.6137475893748365,1.2898661679054937,1.2691275232825203,10.511833121788943,5.1759273565034745,1.521652823384228,3.8142529419012394
2023,11,District of Columbia,678972,108210,78479,18.668371813680817,10.480976953623387,17.846674216324594,14.947127494599204,12.167399222524674,25.889450299247326,16.32841118282776,26.909481714324762,39.03470354241602,65.94418525674078,39.12296480445091,60.87703519554909,715500,1904,6.612143055170502,9.625550336459883,10.917399221553065,21.952105389738833,32.8695046112919,93.777139519034165,5.205432771881998,72.77390739057964,14.022585681774089,Moderate,34.9,2.8743453338281992,1.1374548582268489,0.7283069110360958,19.071608814448602,10.586649993210242,0,8.484958821238363
2023,12,Florida,22610726,73311,41902,22.449629182363225,18.371538550245685,23.37776066698772,17.177034890918343,8.049282198143693,10.57475451134134,39.195061220189906,21.61860981727416,13.297596436946584,34.91620625422075,68.06999061607989,31.930009383920105,381000,1719,5.197037279535131,9.236831782905393,18.18459342788074,30.45826838045626,48.642861808336995,95.23663090498981,4.081930590965793,60.03650805660135,12.328751469096355,Moderate,42.8,2.554265617123484,1.160842867230358,1.235227917935939,12.280449980366562,6.2803203112630035,3.1561031148001115,2.844026554303447
2023,13,Georgia,11029227,74632,39685,23.12925497899106,17.495659180489902,22.256922540889,17.531633887836982,8.571016192714556,11.0155132190785,36.17046129365011,21.292839171876818,14.122746964703436,35.41558613658026,66.07568230261259,33.924317697387416,323000,1400,4.327902240325866,8.237765873573947,15.028133980535632,26.1270993944198,41.15523337495543,94.58169890472792,4.376400401780202,64.09941322394363,13.574404950452559,Moderate,37.9,2.8757772416870195,1.412746332993237,1.038205125345593,11.97514017634478,4.926683722513213,4.202792554958908,2.8456638988726586
2023,15,Hawaii,1435138,95322,43794,17.556256554997184,12.86095509599148,21.434385237437688,19.767036918554034,11.360847786385044,17.02051840663457,40.52251104257306,23.14652106504361,13.853196955401373,36.99971802044498,62.446294579042636,37.553705420957364,846400,1940,8.87937726862634,9.882626956442039,15.952921386479185,26.223736635809292,42.17665802228848,90.3774325385011,3.305275123826021,63.03028855544856,10.148141050758937,Low,41.4,2.7386216517157234,1.1090919479520436,1.2545135032310482,10.961808773446984,6.2751582380993955,0.5642205840514024,4.122429951296186
2023,16,Idaho,1964726,74942,37426,19.899924172581024,19.188564788801546,25.14251736120582,18.658318376965923,8.479987562121204,8.630687738324488,39.00424598530755,21.58215031890842,10.56043329881811,32.14258361772653,72.50396866527376,27.49603133472623,428600,1256,5.719089429158549,9.23700356623829,16.10164027121267,20.287382262056514,36.389022533269184,95.90811544469769,3.574380906041128,62.64627196205127,10.109999467441348,Low,37.8,2.9291616235546334,1.4697723753846592,1.054447286797243,13.68902069096002,6.653713822696508,2.8343900578096495,4.20091681045386
2023,17,Illinois,12549689,80306,45043,21.495190176538976,16.370811517705167,21.78407142327551,18.11563452913737,9.631300766195885,12.602991587147091,36.476942475923536,22.769853183264,15.507905180991932,38.27775836425594,67.37438299698223,32.62561700301777,263300,1238,3.2787089383109604,7.864547163892782,13.392673125263292,22.334197018021335,35.72687014328462,94.95906596646358,4.704060575708082,65.3943970175563,11.627931809697083,Low,39.5,2.6596515658674886,1.3204470644651034,1.1586900679371417,10.029402461103237,6.119194595142217,2.270593571789474,1.6396142941715468
2023,18,Indiana,6862199,69477,37299,23.634959186984847,19.58712554190181,24.36337540532604,17.108542982437356,7.75267606840368,7.553320814946271,43.13182967603256,19.118455807946745,11.096215143327044,30.214670951273792,70.43654517200562,29.563454827994384,225900,1044,3.2514357269312146,8.334581637890178,13.729590220495606,23.341126028009498,37.0707162485051,96.17820523268179,3.6336821768928456,64.37554391506983,12.310780432687285,Moderate,38.3,3.0310254774016316,1.4653174587329805,1.1275831551955866,12.06546583854594,6.199702411925693,3.64507064842301,2.2206927781972365
2023,19,Iowa,3207004,71433,39518,22.318905389671137,19.574602372194132,24.509905828633986,17.819498774717836,8.2814417424507,7.495645892332209,45.47085636474837,20.896823107192724,10.652849740932641,31.549672848125365,71.77027660642082,28.229723393579174,213300,949,2.986014867078241,8.909668874172185,11.45112582781457,20.239205298013246,31.690331125827814,97.12679006844107,2.7696412142433995,66.25790140539884,11.298207915282097,Low,39.1,2.9035511025243497,1.513811644762526,1.1609277693448465,11.956810058056117,6.21055695962187,3.438264555110733,2.3079885433235146
2023,20,Kansas,2940547,70333,38361,22.992409579749904,19.672736758840063,23.9700759042025,17.224531699681908,7.958160122523856,8.182085935001767,38.07234446277882,22.4390824903949,13.380075777558313,35.81915826795321,66.67839170607739,33.321608293922615,219800,1036,3.12513329447059,8.454595503745194,13.532706692863671,18.44515043917025,31.977857132033922,95.35577242026436,3.2181434964034903,66.23412705875916,11.197946863245777,Low,37.9,2.8834431144953645,1.4246669072114815,1.2482711549925913,13.078048721771413,7.235528684697884,3.189664807831525,2.6528552292420042
2023,21,Kentucky,4526154,61118,34676,29.11610522857376,19.86299115830089,22.601010032892695,15.523928262955982,6.40768276702185,6.488282550254828,42.492859499078776,16.3119131715088,11.534511750649685,27.84642492215848,68.75911400661306,31.240885993386936,211800,929,3.4654275336234823,8.789083411330347,12.289451234885561,21.14691874380485,33.43636997869041,95.19134777652957,4.083038411975732,60.288925998661405,16.368982517827998,Moderate,39.2,3.0427157361415453,1.1981695717821355,1.0396243698292194,11.659196030113637,5.947593050912077,3.326307532630664,2.3852954465708964
2023,22,Louisiana,4573749,58229,34102,31.811452548236968,19.126949722315377,21.220340092098052,14.099453900535194,6.778940136265857,6.962863600548554,41.333555491600904,16.938740717130756,10.052779776808288,26.991520493939042,68.06329628145252,31.936703718547477,215600,1020,3.7026224046437344,7.844908245289332,14.01265511565806,27.32955205124878,41.34220716690684,94.31959774537528,4.834244586007376,59.2347138498494,18.88766914734071,Moderate,38.7,3.122230800159781,1.2391366469825957,1.0595465557904467,10.556234023012388,5.987929050846746,3.032878471558337,1.5354265006073051
2023,23,Maine,1395722,73733,42936,21.93560953439866,19.075614566171875,23.104279441960117,19.376384752104013,7.6979637550013384,8.810147950363993,41.488272757008446,23.248032632328325,13.746464510418871,36.99449714274719,74.41245931973673,25.587540680263277,310700,1189,4.21385268468664,9.361143357375303,15.141999860442398,20.23775540627121,35.37975526671361,96.6401108417042,3.1625614688707726,62.107949381840854,10.362824271702834,Low,44.9,2.1658324508748876,1.2088367167673792,1.3576485861797694,10.299791709068232,4.970618420539824,2.5801804610692267,2.7489928274591824
2023,24,Maryland,6180253,98678,50728,16.73365580373336,13.443451313888662,20.32880239357743,19.100395644762582,11.737503223655658,18.65619162038231,33.83803702623818,22.4334539710744,21.3135311519256,43.746985123,67.91075663129557,32.08924336870444,413600,1651,4.191410446097407,8.165574848053609,16.33219512386359,25.895898917590237,42.22809404145382,95.04067014689814,3.9336197025854167,67.48992680466034,9.492342525168777,Low,39.8,2.8268422020910795,1.2652232845483833,1.1153265084778892,10.266984642687756,4.875706878566306,2.7289923234714286,2.6622854406500225
2023,25,Massachusetts,7001399,99858,55897,19.13427566883638,12.363333742713275,18.556942845799902,17.676502257777983,11.138085758433466,21.130859726438995,31.943787848089865,25.362983884713476,22.418651731645586,47.78163561635906,62.280755620167774,37.719244379832226,570800,1757,5.716116885978089,8.858600486507463,15.249074783958505,26.062602341672108,41.31167712563062,95.8482041196035,3.934235639032789,67.20930651533284,10.423174421698397,Low,40.3,2.501071571553057,1.4261149807345646,1.2453225419662557,10.77308773162125,5.793220059433907,2.889055360729677,2.0908123114576647
2023,26,Michigan,10037261,69183,38952,24.15810959078185,19.118999934028093,23.506302264783976,16.759615649120978,7.894889952283565,8.562082609001537,41.1169692984559,19.908885114077687,12.766757764428949,32.675642878506636,73.72764897296832,26.272351027031686,236100,1101,3.412688088114132,8.5262662409263,13.988647335385437,24.474573255820417,38.463220591205854,95.43181488551242,4.458704591949095,61.73570583517941,13.500533970876075,Moderate,40.5,2.6709776701034276,1.3276530320373257,1.2572752666290137,10.409241364365249,5.734916418599069,3.314995999428964,1.3593289463372162
2023,27,Minnesota,5737915,85086,46530,17.997706907259413,16.662458113521737,23.236630450360686,19.3811976632293,10.412500767776587,12.309506097852273,38.676112975143184,25.945795779605866,14.043447099192582,39.98924287879845,71.98737263439503,28.012627365604974,328600,1264,3.8619749429988484,8.711554244697648,14.163203839588757,22.35339260617264,36.516596445761394,96.87736765296627,3.0399710669629463,68.36751699043312,9.266765955606203,Low,39.1,2.8803842510737785,1.3695741397354264,1.2337408274608461,11.080377478420601,5.119899653083252,4.192896359128021,1.7675814662093285
2023,28,Mississippi,2939690,54203,30807,33.30707507262452,20.676023064981912,21.365881004648486,13.864790243927526,5.287082221500286,5.499148392317273,41.69427825307919,15.51475723772023,10.022336725505733,25.537093963225963,71.07388285958459,28.926117140415407,169800,898,3.1326679335092154,7.77076783116071,14.120910219672433,22.041326746815148,36.16223696648758,94.31090192838279,4.768357997550791,57.581136882741426,18.023916041540055,Moderate,39.3,2.859247063465876,1.6866744452646367,1.0854886059414428,10.168817670999857,4.625788527717037,3.3209475470434033,2.2220815962394167
2023,29,Missouri,6196156,68545,38699,23.796850959855195,19.784835019448252,23.600862349883876,17.2736380454185,7.439977999202744,8.103835626191433,41.132733839151655,20.213942821695518,13.010848698602617,33.22479152029813,68.77365506239363,31.22634493760638,233600,1019,3.407980159019622,8.437793618380669,14.066872956416072,19.640078674066373,33.70695163048244,96.11412713533053,3.4076727322342126,63.94872133535855,11.951723143388982,Low,39.3,2.9167277260288476,1.3539684927235531,1.171968555988584,11.67246943142699,5.952379786464785,3.374695375253616,2.3453942697085886
2023,30,Montana,1132812,70804,40197,23.931253396832513,18.80486479284873,24.071250478464346,17.78829988136199,7.359786155515187,8.044545294977235,39.95388549277812,22.66107093717998,11.96062047257946,34.621691409759435,69.22538472762955,30.774615272370454,392300,1083,5.540647421049658,8.272231880871066,13.244641740480887,20.332868343835685,33.57751008431657,96.56593477353783,2.697249691347955,62.96794464945846,11.717214024838283,Low,40.6,2.4989142064173047,1.265788144899595,1.1863398339706854,12.87998021705886,6.358394403641632,3.238563879884695,3.283021933532532
2023,31,Nebraska,1978379,74590,41436,20.91049610254293,18.773038247176434,24.502128119685846,18.281555640745875,8.291925923741559,9.24085596610736,40.80249624018739,22.85583585644936,12.43056012410824,35.2863959805576,66.29264840317302,33.70735159682699,245200,1042,3.2873039281405014,7.740985375384571,13.011241852937317,20.174095621363893,33.185337474301214,96.82761853300957,2.639016637076621,69.01443255032393,10.462442679401757,Low,37.4,3.1233651388333583,1.3443834573658535,1.1943111001481514,12.386396808655851,6.672815140377937,3.2294824085998193,2.4840992596780946
2023,32,Nevada,3194176,76364,40463,21.187407374141106,17.613182165209828,24.05238898165651,18.156587204056553,8.770663476730752,10.219770798205252,39.46409923785744,18.68431995874409,10.036422896141712,28.7207428548858,60.438970020862506,39.561029979137494,441100,1622,5.776282017704678,8.75999488129982,16.942897597100504,28.255224995768817,45.198122592869325,94.51136137327381,4.518319546516541,63.48523038578349,11.965893782588713,Low,39.4,2.7392980224007695,1.231178244404817,1.0994697850087158,13.725337526460251,9.24801611416649,0.608965594076955,3.8683558182168074
2023,33,New Hampshire,1402054,96838,51587,16.63655216130839,13.745032862563718,21.27049849603068,20.16916801435663,12.516922947253084,15.661825518487497,38.6392360555402,24.553888832307596,16.194439190467182,40.74832802277478,72.385613168204,27.614386831796,415400,1517,4.289638365104608,9.268609072757563,15.786394678943418,23.91296053719271,39.69935521613613,97.25445178560317,2.5588798884561514,66.4777696362304,7.187657793069436,Low,43.4,2.2824370530664297,1.3525156663010125,1.5843184356665292,9.49633165283197,4.49993992213621,2.1403548407289064,2.856036889966853
2023,34,New Jersey,9290841,99781,52583,17.30802437333561,13.236645238305849,19.543462023136073,18.06100794781454,11.40087331851143,20.449987098896496,34.5895558663761,26.304126764818314,17.471783871218925,43.77591063603724,63.74111653751904,36.25888346248096,461000,1667,4.62011805854822,8.429429347508389,14.75582714019041,25.310969170034415,40.066796310224824,95.09661273194368,4.72247437332282,66.91667834634853,9.710995673498745,Low,40.4,2.8700523450998676,1.2158963865596235,1.215767227100324,8.339603754354982,4.244312645639752,2.3946354422362868,1.7006556664789438
2023,35,New Mexico,2114371,62268,35510,28.812603609703707,19.219454108197716,22.92068458287609,14.634593382988163,7.1343015246678645,7.278362791566462,36.151352394910596,17.499729786133372,14.14833007830424,31.64805986443761,69.27700856896028,30.722991431039716,256300,1084,4.116078884820453,7.634315852671497,13.273320743102287,23.111560340012236,36.38488108311452,93.73822300254704,4.724745913598259,58.64335028289881,17.76618752879357,Moderate,39.9,2.531533018566751,1.3368041843177,1.165405692756853,11.181314573770718,5.918825435085522,2.1731705581103626,3.089318580574834
2023,36,New York,19571216,82095,48847,23.14559100105042,15.012036340926748,19.758435714901285,16.434679464794836,9.752336550920848,15.896920927405864,34.060505626332585,22.58649615362594,18.053359865266177,40.63985601889212,54.05973441553478,45.94026558446522,420200,1561,5.118460320360558,8.396983162550542,13.340625120205777,26.765261882741598,40.10588700294738,94.75113633941197,5.0000611890251365,62.993578501252415,14.175042081381829,Moderate,40.2,2.704037398595979,1.2791336011007186,1.1540826078461348,8.767265891436242,4.730046775626483,2.473461667455426,1.5637574483543328
2023,37,North Carolina,10835491,70804,40414,23.364951923306766,19.395725013653433,23.008198432433673,16.54317682484157,7.9390229493731495,9.74892485639141,36.919276153274126,22.95330970656364,13.840037438137323,36.79334714470097,66.32566669603378,33.67433330396622,308600,1245,4.35851081859782,8.98572338328369,14.345978439726284,21.505852479918225,35.85183091964451,94.13807924801073,3.955488870777764,63.18872029689175,12.789660305305887,Moderate,39.4,2.8434705912265534,1.4300044178893232,1.1522874228772835,12.299675715976788,5.452703239117977,3.6820757162753153,3.1648967605834963
2023,38,North Dakota,783926,76525,42814,21.823705329543067,18.414537107427993,22.714674065769586,19.174759435483153,8.839285450172898,9.0330386116033,41.717595566205006,23.308384903251117,10.24392026245851,33.552305165709626,63.70574367196259,36.29425632803741,246700,916,3.223783077425678,6.945621699158896,11.805600834583034,15.346873573710635,27.15247440829367,94.85637355367312,2.796424721606655,69.44610441767068,9.779643148515062,Low,36.3,2.915326191502769,1.5486155581011474,1.0400216346951117,15.127389562378626,7.905443331161248,2.781215120292651,4.440731110924728
2023,39,Ohio,11785935,67769,39395,24.617082229325025,19.822813656819207,22.867995482895218,16.436896684751762,7.813013174482222,8.442198771726568,44.171871398065655,19.313122285778054,12.720936993587914,32.03405927936597,67.11555039555172,32.884449604448285,220200,1014,3.2492732665377977,8.288900020407784,13.633451451117171,22.275839038236768,35.90929048935394,95.72042511439003,4.0279821794981485,63.47178418154557,13.309476977862023,Moderate,39.9,2.849260580513977,1.3472753752672146,1.2675023237443614,10.911077927094418,6.28967759818158,3.031886501057612,1.589513827855226
2023,40,Oklahoma,4053824,62138,34206,27.63813593186102,20.368068818611736,23.019183754377465,15.884287067248545,6.579741426777966,6.510583001123274,41.33580388471108,18.582889941629873,10.131309507711347,28.714199449341216,65.07770097004288,34.92229902995712,208600,1020,3.357043998841289,7.8543729908172235,13.954540212486846,21.00343813519007,34.957978347676914,94.33999641581269,4.534507503562488,61.1730999934723,15.922116558177379,Moderate,37.1,2.9833806302394974,1.5106230561563598,1.084852228414455,13.808428270547127,7.004137547269158,4.119746541572926,2.6845441817050406
2023,41,Oregon,4233358,80160,44623,20.991467138494908,16.588396449873006,22.846551182900033,18.42407465540367,9.371422048457521,11.778088524870865,34.66924533095135,23.468019372761766,14.183910118252518,37.651929491014286,63.44550669216061,36.55449330783939,484800,1481,6.047904191616767,8.800333513934667,15.548213530110718,26.208324420371206,41.75653795048193,95.75225403304684,4.119204639708098,62.55068713746771,12.178836631431652,Moderate,40.7,2.369608240077971,1.2142842632255528,1.1059778076883646,12.916439312528741,6.758410514602688,3.17372874288451,2.9843000550415435
2023,42,Pennsylvania,12961683,73824,42605,23.267813115525705,17.498542976055223,22.695089542878577,17.283900763474914,8.584016893401444,10.67063670866414,43.70428936585583,20.951779990112318,14.391594553530988,35.3433745436433,69.45202564362143,30.54797435637857,259900,1197,3.520535327264846,8.470657965443502,13.544444977306236,23.505291932431486,37.049736909737724,95.6518249664285,4.233497659897069,62.774876895587475,11.973411758530611,Low,41.1,2.638091056539494,1.395397495834453,1.2600601326232095,9.987969748055313,5.468682527621876,2.6678568566823944,1.8514303637510439
2023,72,Puerto Rico,3205691,25621,17976,61.586976295630635,18.64670141199199,11.86940600523215,4.771246025396756,1.5750466149922582,1.5506236467562071,38.564314359847366,21.786483686391218,9.00042122684187,30.786904913233087,68.40748156926965,31.592518430730355,131500,557,5.132508489130011,5.010034936445402,8.65903515944399,15.61287445179514,24.271909611239128,90.67297956236979,9.149212137156352,47.08533485052537,39.576674186906224,High,45,1.515585875244994,1.20969238769426,1.2177717690195342,NA,NA,NA,NA
2023,44,Rhode Island,1095962,84972,46525,20.600027028244515,14.137123293842066,23.276724176764716,18.658498130546423,10.238974728591378,13.088652642010901,35.54920387085454,23.147567746947527,15.899060767228699,39.04662851417623,63.96459299968467,36.03540700031533,411800,1365,4.846302311349621,9.207450465654103,13.705231576973562,22.11575723482718,35.82098881180074,94.54238971445173,4.7313251831758585,64.56507609696092,10.84112220377656,Low,40.8,2.5277336258008947,1.5433929278569878,1.3289694350716539,10.141143370788171,5.4497662637810524,1.7841420026883577,2.9072351043187608
2023,45,South Carolina,5373555,67804,38097,25.07221959716825,19.387776187438956,23.333484867061298,16.832642018098635,7.231740530175186,8.142136800057674,39.95347351974185,20.44828928545301,12.46808746956929,32.916376755022306,72.4311933556593,27.5688066443407,272900,1170,4.02483629284408,8.351946699979178,15.29277534874037,22.848552987716012,38.14132833645638,94.21732302330238,4.2222833686172985,61.11536161269318,13.893091102330747,Moderate,40.5,2.6099109435001595,1.4292772661673698,1.1447914834778838,11.940068983422284,5.142662056241399,2.968407758313251,3.8289991688676355
2023,46,South Dakota,919318,71810,40263,22.44405759736263,19.284444432704017,24.306382888796726,18.558797968084235,7.618627479468194,7.787689633584197,41.73450936367314,22.921056607697267,10.378917235429729,33.29997384312699,69.37861733573895,30.621382664261056,268200,921,3.7348558696560366,7.594893029675638,12.594030365769497,17.874396135265698,30.468426501035196,96.70680249000357,2.607464280890737,67.33012945929114,11.750984730365168,Low,38.5,3.201612499700865,1.38929075684366,1.1878370705240189,11.305605403903897,4.843385552846353,3.1492643265622866,3.3129555244952575
2023,47,Tennessee,7126489,67631,38538,24.83983599759936,19.488056662926333,23.00903425346442,16.909165292019384,7.2011327601233,8.552775033867203,40.36217192856319,19.3126799104698,12.370662658529548,31.683342568999347,67.25960516761236,32.740394832387636,307300,1214,4.5437743046827634,8.06834231201847,14.618412929306599,22.01060527895943,36.62901820826603,95.53191631070894,3.9429442663422347,62.691521112621814,14.039214988554379,Moderate,39.1,2.972249027536561,1.236597713123531,1.1204816284709063,11.928984506887153,6.000416646326304,3.045590984999597,2.882976875561252
2023,48,Texas,30503301,75780,39775,21.760556344685405,17.843080924760528,22.607612618992963,17.413949200956072,8.78983397487444,11.584966935730591,34.54735919568822,21.592538226342445,12.649076132755937,34.241614359098385,62.592942056161085,37.407057943838915,296900,1413,3.9179202955925048,9.022414485660484,16.3611548720929,24.409962690004168,40.77111756209707,94.85859697522885,4.359828625194954,65.9581221013543,13.673172628609207,Moderate,35.9,3.2051514686885856,1.420338080786732,0.9235984000551284,13.168324713824303,7.32765287628183,3.8099726536456644,2.030699183896808
2023,49,Utah,3417734,93421,40096,14.598176930106519,14.70180910952551,24.11383780793103,22.048902398185668,11.510880094142555,13.02639366010872,36.569882576609615,24.63119041121448,13.755797908796035,38.38698832001051,70.06160547657527,29.938394523424726,517700,1551,5.541580586805964,9.109217926638784,14.826437958793676,20.93872833692835,35.765166295722025,96.31437516948944,3.3226229705780033,70.17954977988812,9.046556692288503,Low,32.3,3.4674728928582503,1.563082440002645,0.7661216466816902,13.211952927869783,7.804254014981915,2.7144458134904816,2.6932530993973858
2023,50,Vermont,647464,81211,46029,20.48052301045735,17.78786318183769,21.458306510450196,19.892923050512852,9.851508518947686,10.52887572779423,37.96352293344368,25.169175923862873,18.50293365587633,43.67210957973921,73.21931819807448,26.780681801925528,332000,1202,4.088116141901959,8.03263801714698,13.14868726796827,23.55973398146417,36.70842124943244,97.29215617305663,2.60851213506859,64.93405641657196,9.675833239905824,Low,43.7,2.151316521072986,1.4617028900448519,1.359921169362312,10.593928454727932,4.438358722205797,1.9943361289619865,4.161233603560147
2023,51,Virginia,8715698,89931,48689,18.894867853773654,14.877199375784311,21.074714856274632,17.995045067549896,10.669533043169041,16.488639803448468,33.72162802188183,23.963537578393396,18.461809085095272,42.42534666348867,67.80196140089988,32.19803859910012,382900,1567,4.2577086877717365,8.618255136715916,14.515426805392147,22.575354168929522,37.09078097432167,93.62636056903492,3.5696621970451106,65.26564273571354,10.20200921019802,Low,39.3,2.7893004094451186,1.4720794593846642,1.0709526649500705,12.342643461186034,4.331490086049762,4.810023432288337,3.2011299428479356
2023,53,Washington,7812880,94605,52011,17.10718045700706,14.11162864186066,21.327168107207864,19.14405895658707,10.997705774901533,17.312258062435813,34.76535133837531,24.33168329856472,16.11938386524742,40.45106716381214,63.70203771686715,36.297962283132854,576000,1731,6.088473125099096,8.9533941668088,15.78658891921087,23.33338663369151,39.11997555290238,93.97329733459271,4.409201049888056,65.06796801312798,10.345671375503414,Low,38.6,2.7303631951341885,1.1914812463521776,1.1123810937835983,13.32899917919368,7.792328624814905,2.7853453656146723,2.751325188764102
2023,54,West Virginia,1770071,55948,32766,31.208347004749587,21.563274900355548,22.196373533572515,14.324058285954031,5.644770884993357,5.063175390374965,47.68805108563324,14.512249259263083,9.477144166344377,23.98939342560746,73.53922037964402,26.46077962035598,163700,850,2.9259312218488596,8.716090540416925,11.662109831583441,18.299673737384005,29.961783568967444,95.16069649178141,4.505181467598707,54.35700546973613,16.65237111864217,Moderate,42.8,2.519277475310312,1.3502283241745672,1.2088215670444857,9.778034844302677,4.936818105849423,2.4443375869096857,2.396879151543568
2023,55,Wisconsin,5910955,74631,41785,21.206761344943917,18.83893619775127,23.978427105326745,18.811887932827336,8.692510916479366,8.471476502671367,43.8857678994494,22.216108192572985,11.53817000857098,33.75427820114396,67.91110056785328,32.088899432146725,272500,1071,3.651297718106417,8.255212658483924,13.297477119498097,19.823524490160356,33.12100160965845,97.13751532605649,2.763584336373014,65.24293158827021,10.669765739562335,Low,40.5,2.6680121909234633,1.3216138508921147,1.3426426017454034,10.816213573204601,5.8739733436405865,2.979958220114031,1.9622820094499849
2023,56,Wyoming,584057,72415,39966,22.981954011836617,19.232479544646033,23.826040554962646,18.735244655735585,7.952928430516478,7.271352802302642,42.41889994626758,19.25502596241702,11.170896340995363,30.425922303412378,71.22869570841823,28.771304291581774,298700,1000,4.124836014637851,8.25195655533855,11.579154430877745,17.536637113431034,29.115791544308777,95.58213539623299,3.1929340992083057,63.53847301083402,11.261969640718144,Low,39.3,2.4691083233314557,1.2365231475695009,1.4431810593829026,13.343039964543674,6.148591095752858,3.2199815793300695,3.9744672894607453
