year,GEOID,NAME,median_household_incomeE,median_household_incomeM,per_capita_incomeE,per_capita_incomeM,poverty_total_popE,poverty_total_popM,poverty_below_lineE,poverty_below_lineM,income_under_10kE,income_under_10kM,income_10k_15kE,income_10k_15kM,income_15k_20kE,income_15k_20kM,income_20k_25kE,income_20k_25kM,income_25k_30kE,income_25k_30kM,income_30k_35kE,income_30k_35kM,income_35k_40kE,income_35k_40kM,income_40k_45kE,income_40k_45kM,income_45k_50kE,income_45k_50kM,income_50k_60kE,income_50k_60kM,income_60k_75kE,income_60k_75kM,income_75k_100kE,income_75k_100kM,income_100k_125kE,income_100k_125kM,income_125k_150kE,income_125k_150kM,income_150k_200kE,income_150k_200kM,income_200k_plusE,income_200k_plusM,labor_force_totalE,labor_force_totalM,labor_force_employedE,labor_force_employedM,labor_force_unemployedE,labor_force_unemployedM,civilian_pop_16plusE,civilian_pop_16plusM,median_home_valueE,median_home_valueM,median_gross_rentE,median_gross_rentM,total_householdsE,total_householdsM,owner_occupiedE,owner_occupiedM,renter_occupiedE,renter_occupiedM,rent_burden_totalE,rent_burden_totalM,rent_burden_30_35pctE,rent_burden_30_35pctM,rent_burden_35_40pctE,rent_burden_35_40pctM,rent_burden_40_50pctE,rent_burden_40_50pctM,rent_burden_50pct_plusE,rent_burden_50pct_plusM,edu_total_25plusE,edu_total_25plusM,edu_high_schoolE,edu_high_schoolM,edu_some_collegeE,edu_some_collegeM,edu_associatesE,edu_associatesM,edu_bachelorsE,edu_bachelorsM,edu_mastersE,edu_mastersM,edu_professionalE,edu_professionalM,edu_doctorateE,edu_doctorateM,total_populationE,total_populationM,median_ageE,median_ageM,age_under_18E,age_under_18M,age_18_64E,age_18_64M,age_65_plusE,age_65_plusM,total_pop_1yr_plusE,total_pop_1yr_plusM,same_house_1yr_agoE,same_house_1yr_agoM,moved_within_stateE,moved_within_stateM,moved_from_other_stateE,moved_from_other_stateM,moved_from_abroadE,moved_from_abroadM
2011,01,Alabama,41415,550,22711,268,4687363,2037,892483,23804,190357,7832,138695,6217,126092,6556,128817,5500,113174,5717,102532,5475,92020,4935,93174,4927,81617,4748,143016,6019,172984,6935,193457,6444,117395,5633,56992,3661,50765,3631,43459,3141,2255995,15899,1981095,17704,259346,10052,3808975,4580,122700,1463,687,7,1844546,11416,1289217,12212,555329,9348,555329,9348,44984,3537,35018,3452,45745,3889,133883,4537,3193078,4624,818373,13522,193684,6362,236162,7930,443488,11458,190977,6981,43117,3072,32950,2924,4802740,NA,38.1,0.2,152700,2698,72928,3058,41606,2680,4745278,4078,4024442,22751,439576,20589,148717,8705,117726,9414
2011,02,Alaska,67825,1948,31405,857,706860,918,73905,5839,10654,1325,9834,1523,8639,1340,9867,1472,10073,1541,10721,1664,10482,1651,12509,1718,9313,1630,20407,2148,30905,2725,39608,2920,27606,2304,16897,1963,19164,2398,10651,1577,394406,5521,344343,5706,33367,2880,554678,1587,238300,5520,1049,37,257330,3380,162312,3867,95018,4471,95018,4471,8235,1529,6387,1188,7073,1329,16881,1874,456862,1804,104706,4828,35732,3054,34000,2884,77153,3956,29269,2642,8000,1406,6039,1573,722718,NA,33.9,0.3,27602,927,10360,1133,4790,983,711962,1401,571857,8892,80837,7416,19443,3529,35084,4168
2011,04,Arizona,46709,554,23793,273,6336449,3861,1203501,38097,199310,9713,133717,6658,138447,6643,150227,7814,134418,7344,134685,7958,124008,6187,126216,6555,104087,6914,196212,7902,237864,8459,263676,9096,163794,7830,93047,6044,84334,5618,72013,5062,3040762,18783,2687991,19218,337217,13404,5044259,4894,153800,1459,850,8,2356055,12130,1501528,15067,854527,15846,854527,15846,69846,4672,54014,5158,74189,5706,207389,8432,4211223,3828,869809,20975,308284,12189,348197,13006,719546,14987,291892,10829,64212,4258,43548,4313,6482505,NA,36.2,0.1,229035,2553,95272,2848,55845,3619,6402301,5660,5107496,39045,901151,33273,127215,13519,222877,14358
2011,05,Arkansas,38758,761,21203,328,2856663,2079,555876,17602,117175,5167,93398,4676,84017,4663,82100,4725,71512,4265,67320,3861,61324,3384,58755,3975,51438,4191,91553,4818,100822,4906,109274,4779,60565,3612,31387,2626,26723,2795,20258,2403,1368632,11362,1235755,12185,127480,5894,2301244,3020,106300,1643,639,10,1127621,7837,750984,9249,376637,8537,376637,8537,29822,3040,22035,2533,34575,4060,85341,4725,1943427,3997,576505,14060,126508,6613,113074,5621,254903,7605,96313,5835,25130,2800,18474,2232,2937979,NA,37.5,0.3,102053,2708,41886,2461,24909,2317,2906632,2928,2421746,18606,306205,14598,99626,9095,69845,7292
2011,06,California,57287,279,27859,115,36941931,7933,6118803,71852,782975,14260,679109,14675,641871,13922,660842,13919,575820,12487,595505,12593,539446,11933,546398,12758,502188,12002,914099,18720,1198278,18376,1488173,20849,1102795,17857,665286,13326,771568,14133,804390,12046,18869522,41629,16426694,38419,2311055,27107,29530797,11281,355600,1577,1174,4,12468743,22250,6843369,25886,5625374,23999,5625374,23999,495736,11175,389931,9778,558786,13484,1622955,17233,24443872,5625,4613751,38237,1398960,21066,1872437,23018,4697422,39369,1791770,21779,559241,13995,357887,12930,37691912,NA,35.4,0.1,1295328,2864,580799,4173,277568,7703,37222678,9999,31213310,71183,4208649,65064,1062519,30460,468428,17921
2011,08,Colorado,55387,605,29804,317,5002128,3154,674195,21621,134112,5931,92225,4523,95517,4359,102838,5204,87282,4899,102590,5400,94945,5527,96483,5232,84353,4814,165199,7269,205166,7829,245102,8028,169540,5713,98781,5450,107969,5319,93286,4338,2778345,11473,2492419,12726,255244,9192,4020272,4291,233700,1795,900,12,1975388,9057,1271804,10881,703584,11056,703584,11056,60078,4209,47572,4460,63783,4361,171771,6364,3387310,3216,627471,11806,217976,8541,281428,8697,789859,16005,331369,9338,70901,4465,50963,3765,5116796,NA,36.2,0.1,176488,2340,73650,1829,41047,2783,5048443,4037,4048042,22888,498820,18637,264413,12819,202124,11431
2011,09,Connecticut,65753,854,35932,403,3471802,1406,377856,17034,82288,4024,59299,4058,62268,3812,57206,3376,53054,3630,56771,3992,47454,3611,58574,3655,48238,3452,96715,4204,128330,5445,179185,6991,127846,5389,82854,3968,99410,4038,112151,4373,1958135,9192,1742494,10890,206992,7907,2874766,3020,278700,2580,1021,12,1351643,7309,911059,6941,440584,7734,440584,7734,40836,3180,29025,2774,38411,3277,120745,5738,2444403,1883,597976,11310,128838,5466,179119,5971,500103,9320,275007,9354,70962,3864,37987,3385,3580709,NA,40.3,0.1,100753,1134,53811,895,30605,2078,3548667,2644,3139496,16755,249933,15358,66950,5385,71502,6552
2011,10,Delaware,58814,1586,29123,663,882353,1386,104831,8149,18800,2079,14752,1812,15994,2085,14597,1916,15471,2185,15417,1867,14769,1960,16728,1973,15186,1928,27661,2682,34812,2918,46551,3561,32519,3065,17894,1857,16654,1915,15387,1800,464970,5641,420365,5587,41275,3137,726737,1751,236900,3594,960,22,333192,3426,238560,4816,94632,4248,94632,4248,7356,1541,7071,1574,8205,1499,24463,2849,611120,929,173692,5836,37584,3236,42602,4141,104599,4415,49862,4172,11217,1897,10565,1883,907135,NA,39.1,0.4,28049,349,13470,884,8105,1050,897187,1369,775414,8584,74460,6664,8696,2698,33912,3955
2011,11,District of Columbia,63124,2407,44578,1428,584583,305,109363,8006,29641,2532,11462,1724,9328,1490,11712,1965,8510,1200,9057,1271,9746,1896,11409,1576,8108,1415,18168,2098,23404,2712,29481,2814,25792,2455,14631,1896,17878,1756,30343,1964,352716,4560,310607,5456,39876,3595,523073,911,422400,15805,1216,36,268670,3200,110625,3425,158045,3930,158045,3930,13163,1817,11059,1694,11874,1569,37138,3485,428261,167,64742,4289,13822,1955,11907,1782,99622,3700,74134,4232,34099,2592,16909,2188,617996,NA,33.4,0.2,18565,161,10414,1582,4353,823,611608,1403,489659,6701,66519,6073,0,200,48066,4295
2011,12,Florida,44299,406,24905,209,18652057,5175,3173456,53070,593446,12105,447984,13813,455142,10608,473543,12095,445014,12014,423304,13225,390297,10434,368462,11954,317265,10535,588346,15193,695503,17559,746683,16941,449410,11042,240529,9328,235660,8261,235695,9151,9300255,37608,8101898,33734,1147856,20923,15545512,8368,151000,1036,949,6,7106283,31131,4741169,31771,2365114,25972,2365114,25972,206589,9036,161577,7825,249460,9104,711388,16296,13267581,9014,3481927,39347,841270,18679,1175984,23075,2190780,26016,843014,17281,250768,9689,144667,8431,19057542,NA,41.1,0.2,549143,4195,264437,5427,191830,8303,18863948,8536,15742168,59355,1894403,49038,559852,21367,498597,22483
2011,13,Georgia,46007,454,23604,261,9550271,4699,1827743,40709,335789,9050,216455,8390,208015,7862,213851,8928,186177,8753,197425,8661,181650,7434,172793,8210,152218,7462,285744,9906,348850,10976,374424,10137,238104,9293,137124,7410,129279,6902,116644,5891,4821832,26265,4193776,27709,580555,16510,7601219,8730,147100,1456,833,6,3494542,15336,2256703,18001,1237839,18123,1237839,18123,101565,5595,74670,5686,108203,7361,329574,10675,6308961,10090,1551404,24642,341468,10325,419954,12417,1119648,20805,435733,12726,113762,5534,69822,5136,9815210,NA,35.5,0.2,350500,5339,160546,5590,76099,4049,9699859,5580,8095407,40769,817043,30881,472407,20222,271077,15123
2011,15,Hawaii,61821,1035,27353,492,1338543,1297,161290,12291,28105,2951,18743,1982,14685,1910,18198,2031,16951,2089,20758,2597,18605,2067,21660,2343,20756,2129,36498,2713,48441,3614,62686,3230,46599,3356,28439,2461,26733,2783,20706,1792,718139,7337,629523,8252,52276,4265,1102147,1954,487400,9301,1308,34,448563,5562,254700,5244,193863,5082,193863,5082,17879,1999,15330,2001,19934,2525,50488,3832,939512,1375,245566,6276,49239,3525,94200,4788,180231,6372,63432,2993,18812,2230,10799,1568,1374810,NA,38.5,0.2,45388,836,16216,653,13619,1519,1357806,1803,1160948,10743,114842,8455,7885,2364,57542,5083
2011,16,Idaho,43341,1320,21152,450,1550082,2866,255027,13229,44174,3656,35099,3023,41072,3576,36326,3006,40671,3750,36547,3550,33052,3052,31149,2852,29941,2702,48828,3763,61706,4163,63348,4133,38756,3770,16366,2176,13466,2131,9692,1674,762997,8828,684916,9310,75817,4599,1200681,3114,158800,1970,689,11,580193,6204,398816,6649,181377,6700,181377,6700,14833,2003,10265,1631,16530,2606,42526,3534,998460,2711,224424,9056,82382,5138,88949,5519,174646,7146,55345,3914,12617,2334,9487,1763,1584985,NA,35,0.2,61479,1360,24272,1808,13509,1526,1559637,2674,1284530,13188,156205,11443,52229,5941,60336,6293
2011,17,Illinois,53234,511,27880,209,12566914,3774,1879965,34757,357921,9201,237363,6690,260311,8343,263445,7648,234582,6658,236853,6838,217764,7266,214391,7753,195356,7167,381477,9743,491894,10193,584822,11589,384350,8643,220804,7260,230168,7251,225707,6326,6681576,22227,5926849,21935,734332,15355,10141680,6304,178500,1487,859,5,4737208,12865,3190282,18062,1546926,16631,1546926,16631,128794,6806,96318,5363,128312,5366,407820,10254,8521694,5022,2054602,20432,552803,11843,622949,13052,1645334,21698,712735,13258,190433,6643,95362,5319,12869259,NA,36.8,0.1,418880,2756,193672,2774,96699,4764,12718402,5792,11076528,31383,1045373,26343,308480,13513,216204,11862
2011,18,Indiana,46438,455,23524,233,6318942,3376,1011017,27152,198711,6994,152586,6559,146084,5647,150233,5827,139915,5083,151203,6317,133621,6754,125155,4884,114854,5453,221053,7496,266429,7534,294406,8497,166834,6586,84477,4922,63886,4067,57664,4043,3264735,16797,2934500,17099,326292,9499,5103069,4944,122400,1052,707,7,2467111,11107,1720062,14287,747049,12479,747049,12479,60432,4348,45347,3500,64186,4582,185149,7154,4255459,5260,1301470,14195,281024,10135,334810,10029,628173,12300,255703,7785,52157,3973,43183,4103,6516922,NA,37.1,0.1,219226,2067,103383,2857,55526,2903,6437155,3841,5478683,24180,584958,18515,224200,11581,127874,8918
2011,19,Iowa,49427,693,25667,284,2963602,1740,378864,12247,81346,4655,72377,3462,66215,3585,69428,3831,69576,3282,71627,3781,64544,3310,66110,3038,52908,3265,109101,4362,137759,4755,154402,5167,90237,4335,42479,2453,38640,2416,30016,2295,1638966,7949,1538756,8730,98648,4252,2421011,3103,123400,1181,643,8,1216765,7072,880368,8898,336397,7489,336397,7489,28683,2504,18520,2428,23414,2436,75338,3924,2027201,3883,589057,8466,147145,5488,211899,7363,358051,8594,113481,4927,31379,2486,20188,2098,3062309,NA,38.1,0.3,100044,1665,49401,1869,25072,2096,3027718,2514,2573313,16682,251801,12084,118753,7710,70405,5539
2011,20,Kansas,48964,756,25438,299,2786855,2238,383467,13367,74506,3681,59592,3461,62773,3179,65124,3815,65745,3801,62160,3614,58238,3459,61114,4109,51095,3109,93852,4303,118001,5479,135901,4644,83673,3788,41177,2714,36337,2948,32413,2490,1516668,9544,1389038,10517,111601,5416,2225751,3115,128300,1995,709,11,1101701,5567,747079,8180,354622,5979,354622,5979,29477,2805,19672,2155,27132,2824,75569,3651,1852094,3310,431469,9704,146975,5414,137051,5109,365541,8513,141195,5522,31501,2657,19870,2659,2871238,NA,36.3,0.2,102420,1720,44434,2300,22817,1604,2833584,2851,2372033,15236,269241,13508,93541,6038,83640,7144
2011,21,Kentucky,41141,464,22300,275,4238283,2995,811277,24336,180812,7348,126759,5458,115751,5678,108914,4766,97380,3997,97723,4670,86659,4658,85075,4363,79416,4792,128777,5593,162124,5641,171277,5936,99885,4443,54005,3467,40266,3051,37311,2714,2066152,12755,1838401,13711,213707,7927,3456598,3847,120600,1171,626,7,1672134,9367,1151479,11521,520655,11195,520655,11195,42372,3296,28967,2919,40510,3467,122112,5186,2922350,4214,784978,13811,199861,6973,203585,8774,359975,10352,183043,6804,46260,2810,26747,2989,4369356,NA,38.2,0.2,141921,2362,62299,2267,43343,2222,4316297,3382,3686232,19523,362129,16676,143612,9471,110031,9177
2011,22,Louisiana,41734,528,22882,276,4445400,3107,908375,21304,193376,7266,130709,5081,117722,5357,103755,4998,99814,5577,93632,4792,81199,5063,77024,3995,69883,3732,115789,6068,155298,6279,187525,6617,116075,5441,60090,4332,54727,3406,45412,3136,2188609,15759,1973939,15899,201340,7466,3583570,4367,139400,1806,747,8,1702030,9725,1130694,10222,571336,10145,571336,10145,39507,3489,29211,2985,48638,3988,156440,6876,2972737,4320,864302,12891,162308,6795,155360,6799,415415,10704,144023,6486,44442,3392,24060,2683,4574836,NA,35.9,0.1,159305,2528,71337,3339,38195,2482,4518629,3250,3865118,18789,382398,17852,156293,9364,99138,7082
2011,23,Maine,46033,802,25802,520,1291650,1998,182448,8462,40846,2798,39835,3007,33754,2395,38747,2513,33940,2735,29058,2073,27166,2193,26463,2428,26094,2075,45022,2352,56104,3196,69582,3642,37947,2828,18364,1856,15850,2127,13279,1619,705194,6574,643104,6412,60432,4101,1089885,1856,171600,1802,747,15,552051,5238,391697,5080,160354,5460,160354,5460,13228,1845,11927,2153,14330,1773,40125,3016,942537,1811,267962,7129,58795,3335,83864,3397,168605,5521,69554,3568,17910,2180,11482,1754,1328188,NA,43.2,0.2,34001,885,18781,1048,13724,1334,1315833,1456,1120364,10400,112603,7884,44499,5228,33818,4248
2011,24,Maryland,70004,804,34500,302,5685412,3670,571887,19719,117652,5550,79779,3381,78803,4223,82538,5417,73859,3973,89582,6195,76180,4700,83309,4835,74044,4599,168596,5773,212230,7287,284564,8434,221621,6782,154135,6253,170100,5952,167525,5927,3200873,13702,2894566,15094,282496,10257,4642826,4508,287100,2120,1153,11,2134517,9936,1437447,9760,697070,9889,697070,9889,63727,5388,50765,4397,63299,4632,175079,7339,3915657,4054,901390,17177,232406,8001,245892,9382,800177,12212,438160,10356,111530,5827,94505,5222,5828289,NA,38,0.2,185438,1765,86057,2548,47292,3048,5759087,4326,5008452,20478,405707,16405,148188,11009,153979,9033
2011,25,Massachusetts,62859,902,34041,365,6367148,1879,738514,23459,177049,6299,133149,6325,117973,6143,114713,6642,101853,5302,105281,5513,96080,5496,97818,4393,90954,5136,174021,7223,238563,6576,319552,9230,243271,8259,157806,4939,182361,6055,181623,6327,3624764,14235,3284720,14771,334933,9040,5359592,3718,326300,2004,1034,10,2532067,9349,1573279,12931,958788,13982,958788,13982,94735,5144,60954,4117,73741,4833,239855,8897,4502048,2155,1036573,14917,223207,7252,349778,9831,1004133,17102,528851,10913,122197,4922,107329,4141,6587536,NA,39.3,0.2,185610,847,101609,1546,53579,3311,6515057,3680,5658768,20357,480456,16656,175985,9266,139830,8282
2011,26,Michigan,45981,330,24409,160,9656260,2885,1693294,28336,328207,7106,235932,6639,234942,6306,237362,6069,210735,5974,217325,6540,195262,7068,191633,6129,163880,5216,309596,7287,379248,8268,433940,7021,265984,6013,136224,4617,128206,5218,103957,4233,4825627,17112,4191878,19640,629735,10634,7865213,5063,118100,795,739,6,3772433,14208,2706280,14314,1066153,10655,1066153,10655,82935,4542,60558,3686,92063,4710,307853,6643,6588324,4325,1766599,15403,517247,9179,555968,11482,1037602,12877,473641,9752,112135,4108,64891,3829,9876187,NA,39.2,0.2,298547,1937,154282,2355,85251,2903,9766574,4376,8340767,29076,870635,22151,372282,13645,139158,8465
2011,27,Minnesota,56954,488,29404,233,5222556,2179,621970,17360,132710,4816,97733,4174,101511,4108,100892,4570,99946,4065,99330,3953,97257,4054,99404,3588,89073,3697,177706,5147,238934,6575,286361,6292,188459,5131,106611,3632,96426,3875,84124,3682,2957043,12316,2728881,14478,226336,6856,4210464,3741,183500,1359,787,9,2096477,7824,1525449,9656,571028,8946,571028,8946,50809,3299,35329,2570,46231,3171,137549,5268,3560801,3784,849563,11625,233725,6223,368032,8554,777339,10996,258399,6596,75781,3570,41332,2817,5344861,NA,37.6,0.1,179565,1892,76470,1519,44887,2180,5277329,3380,4505462,20788,397712,14328,248464,12124,101029,7052
2011,28,Mississippi,36919,583,19583,326,2884215,2100,650524,20706,131206,5773,88715,5094,83907,5201,75374,4260,67515,4445,67027,4550,62271,3685,52351,4124,46502,3795,81701,4513,97213,4691,102581,5233,53866,3946,26280,2857,24260,2517,20222,2349,1344031,10149,1181295,11380,151170,6463,2310003,3469,99900,1870,689,9,1080991,8431,754663,8918,326328,6852,326328,6852,24555,2724,17707,2506,28384,2798,80362,4273,1912708,4765,471391,10376,112328,4910,159186,8182,240726,8265,95403,6223,25780,2646,17716,2309,2978512,NA,36.1,0.3,106182,3236,49792,2950,21205,1951,2943021,3088,2534036,16620,223623,13105,109311,8630,68511,5606
2011,29,Missouri,45247,529,24634,255,5831530,3022,920118,22609,195538,6748,145096,6293,146065,5111,146383,5085,136178,5821,137112,5817,128024,4299,130340,5705,105493,4767,205506,7162,227941,7239,266329,7133,150184,6558,83644,4710,74843,3633,62398,3314,3045510,14185,2742057,15252,284895,9012,4759907,4929,136900,1372,708,7,2341074,10807,1593031,12451,748043,11337,748043,11337,59980,4660,42608,3257,59257,3563,177444,6705,4008554,4585,1079432,14912,291123,6522,286363,8307,656222,13073,278278,8204,67613,3874,42869,3090,6010688,NA,38,0.2,194545,2384,87964,2441,48459,2675,5937896,4110,4963040,26160,534063,21872,266983,12394,149439,9288
2011,30,Montana,44222,1078,23893,522,974025,1203,144054,8962,28973,2182,28683,2712,25981,2379,27976,2496,26372,2384,22900,2016,22217,1964,22070,2275,22033,1992,35308,3126,42403,3017,46199,3333,23497,2591,12530,1822,9173,1322,7935,1310,524369,5666,479988,7119,41325,3612,801174,1878,184100,3685,650,17,404250,4567,274570,4597,129680,4780,129680,4780,11013,1920,6736,1194,11765,2099,24384,2305,676793,2419,171737,5832,46558,3112,56859,3421,132946,5890,38774,2775,10426,1495,8772,1610,998199,NA,39.7,0.3,31678,1012,12588,1086,10433,1123,987076,1359,828254,8593,89498,7870,32712,3186,33553,4015
2011,31,Nebraska,50296,687,26243,475,1789275,1651,234710,10211,50666,3692,39013,2961,39080,2488,44154,2914,38650,2370,41691,2933,37657,2611,37010,2788,31669,2346,64625,2648,78971,3611,92823,3569,54998,2701,26251,2309,24195,2176,22347,2015,1011491,6846,943643,8217,63231,3621,1431287,2282,127400,1531,673,10,723800,4514,484308,5955,239492,5819,239492,5819,19224,1874,11297,1340,18271,1857,47676,2967,1196112,2683,308346,7049,90771,3819,114551,4352,225822,5577,73911,3752,19852,2036,14542,1660,1842641,NA,36.3,0.2,67374,1665,27857,1100,13930,1444,1817126,2304,1505191,11978,186984,10070,66285,4722,52070,5507
2011,32,Nevada,48927,1020,24968,558,2684536,3072,426741,20552,69655,5062,50769,4037,54029,4049,56580,5023,56713,4355,55812,4749,50867,3686,56285,5234,48784,4543,86302,5793,101642,6406,114969,5707,73625,5013,40032,3896,35672,3677,30616,3938,1390058,11810,1204882,12102,174677,8649,2134503,3210,158000,2406,936,13,982352,9598,552991,9890,429361,9097,429361,9097,40009,4471,30842,3482,35890,3146,105129,5353,1810960,2490,456962,13552,127117,8121,129688,7343,269461,10643,90902,6217,31897,4289,14615,2019,2723322,NA,36.7,0.2,93703,1571,34107,1224,25339,2253,2688336,3578,2084668,23272,457255,23232,23062,4205,110345,9419
2011,33,New Hampshire,62647,1415,31871,681,1279118,1056,112715,8386,25493,2431,23092,2386,20552,2292,24450,2124,24413,2777,24861,2280,23767,2436,21072,2266,20521,2260,37106,3054,57078,3349,73434,3795,52868,3738,32056,2768,30591,2646,25100,2482,736579,6607,684806,8066,50560,3770,1074254,1725,237500,3100,939,15,516454,4150,369070,5978,147384,4801,147384,4801,13570,1868,9844,1674,13972,2043,31947,2621,914207,1652,232985,6584,54370,3525,86730,4730,191748,6078,84488,4132,14658,1630,14419,1880,1318194,NA,41.5,0.2,35160,1178,19047,730,11954,1256,1305678,2046,1141236,9064,92644,6640,29485,4224,37000,3717
2011,34,New Jersey,67458,721,34090,290,8646606,2810,897376,24537,179218,6931,127060,5026,141349,6837,136966,5184,127193,5675,132293,6155,119849,5013,123769,5736,112045,5189,222046,6825,296724,7023,406736,9009,315313,7811,214437,6850,249450,7122,263181,6745,4669211,14422,4152513,17596,509682,13097,7022123,4485,324900,1581,1135,7,3167629,9918,2060480,13626,1107149,14128,1107149,14128,92905,4918,72243,4385,95381,5812,308268,9888,6004613,2513,1613814,20082,298060,8666,368288,11183,1322225,14575,569427,11826,138976,5951,88275,5208,8821155,NA,39.2,0.1,272826,1220,120527,2020,73589,3471,8719952,4595,7825661,21158,511371,18091,182009,9950,140194,8607
2011,35,New Mexico,41963,803,22829,511,2042530,1334,439914,17336,79714,4542,53506,4093,51072,3134,53694,3513,46516,3763,42406,3393,40501,3272,37369,3514,34180,2889,57432,4116,70952,3959,79354,4320,48547,2694,26316,2868,24990,2165,20736,2467,988740,8839,869773,9336,109626,6304,1619737,2662,159000,2344,729,12,767285,6715,523004,7065,244281,6805,244281,6805,19257,2387,14053,2195,22201,2736,60696,3484,1354186,3246,302561,9101,79762,4642,101180,5129,195527,7997,102579,5596,21793,2450,26096,2393,2082224,NA,36.6,0.2,75169,1950,31289,1794,18484,2076,2055293,2718,1753413,15690,180292,12370,47926,5235,62130,7330
2011,36,New York,55246,398,30679,215,18954044,4586,3027342,42152,603597,13070,397675,9756,383559,7893,378349,8896,332276,7789,331601,8024,300290,8937,308262,8607,258054,6793,523935,12605,683974,13105,856183,13764,597837,12296,364807,8295,413475,9949,454064,11090,9932093,28480,8959015,30788,948435,17838,15705551,6961,285300,2548,1058,5,7187938,18167,3851687,18573,3336251,18987,3336251,18987,277595,8371,198542,7809,272889,8139,962759,12989,13197704,4096,3152002,28728,606814,11591,1091931,18738,2467536,24540,1342831,16615,356937,11102,178363,6117,19465197,NA,38.1,0.2,593570,2143,287710,2391,158232,4540,19248685,7023,17055260,37016,1288178,30758,467927,15271,282209,11956
2011,37,North Carolina,43916,519,24107,231,9406091,3155,1680963,36728,323107,8842,251356,9876,236068,8939,236953,8234,225042,8252,223253,9185,188391,7742,192080,8575,163757,7439,301496,9613,359417,12057,387130,11152,236251,9431,132051,8317,121277,7622,105735,5425,4833782,25085,4195808,28022,555887,18312,7616397,7152,153700,1297,745,7,3683364,19202,2449902,20860,1233462,17570,1233462,17570,99293,6528,79597,5958,113290,7000,298034,9596,6399357,7967,1476234,20272,409587,10919,558745,13427,1136478,19414,417351,13431,95066,5350,73579,5210,9656401,NA,37.7,0.2,311491,4785,147065,5349,82020,3761,9539412,5364,8070238,36924,829716,28985,330794,15173,265291,16660
2011,38,North Dakota,51704,1260,28055,705,660473,614,80882,5567,21846,2339,15118,1498,13701,1544,18020,1830,13302,1534,15624,1792,14409,1849,14013,1816,11745,1548,23417,2685,31504,2183,37889,2360,24309,1910,10874,1259,8394,1089,9275,1431,387673,4630,370830,4764,12011,1708,550330,1500,128600,3445,626,21,283440,2528,186254,3477,97186,3186,97186,3186,6737,1637,5789,1318,5824,1508,18557,2133,448145,1606,105369,3774,30220,2309,58753,3305,86615,3620,21053,2547,6100,1167,4132,901,683932,NA,36.6,0.3,22808,858,11880,948,5071,754,675161,1047,559906,6503,58236,6236,21601,2869,32510,3641
2011,39,Ohio,45749,319,24750,160,11234071,3988,1845800,35067,400735,8729,291820,6858,274607,6644,279980,7821,259494,7349,264990,7894,237756,7604,228187,6766,196200,7221,376000,7169,476281,8864,512708,8148,307929,7793,163836,5440,149240,5594,118792,4294,5830077,21471,5213453,22883,606934,11873,9166035,5623,129600,735,692,4,4538555,15280,3039713,16684,1498842,14730,1498842,14730,118681,4827,89384,4466,124121,6060,379428,10608,7749236,5217,2404732,23114,530907,8727,602825,12110,1196897,17758,513723,11850,120297,4764,79828,4468,11544951,NA,39.1,0.1,364013,2663,169018,2676,93618,3636,11418944,4418,9764366,32087,1081142,27336,344567,12807,191778,11799
2011,40,Oklahoma,43225,607,23016,229,3678924,1966,633298,18126,125959,4962,101762,4294,94108,4427,93533,4187,91535,3762,86012,4169,75701,3870,75003,3729,69107,3657,120509,5137,142838,5145,157013,5644,92549,4341,46388,3540,36182,2712,34532,1941,1836666,11668,1681759,11369,136930,4885,2956839,3124,112600,1269,675,8,1442731,7338,966998,7973,475733,8920,475733,8920,37020,2689,25849,1956,37999,3022,103541,4869,2469196,3220,656408,10398,180001,5623,172761,5823,396219,8587,136076,5431,32423,2207,23367,2248,3791508,NA,36.3,0.1,135099,2036,59413,2567,30144,2009,3742698,2585,3089041,15209,370872,12101,157626,8907,108878,7998
2011,41,Oregon,46816,711,25228,316,3794213,3419,662283,20527,126091,5478,90273,5754,89476,5003,93930,5007,82950,4648,88337,4514,84462,4855,77940,4899,66273,4403,123506,6030,165293,6379,178850,6680,102162,4774,54495,3374,49544,3635,43397,3003,1945507,13341,1710336,15384,232635,9126,3108463,3794,232900,2089,840,9,1516979,8379,922012,11388,594967,11145,594967,11145,52452,4075,39651,3878,50238,3701,166140,7053,2644754,3695,545935,10696,221452,6585,215713,8253,486317,10064,200641,8459,53434,3495,35429,3333,3871859,NA,38.7,0.2,122691,2040,54745,2297,37461,2750,3828714,3857,3128121,20096,415213,18498,134119,9644,127906,9071
2011,42,Pennsylvania,50228,292,26933,153,12328566,3511,1695996,36138,366467,9013,294878,7180,287415,6910,286757,7372,268450,7187,255357,7545,243713,7682,243043,8005,211310,6464,417056,9715,512229,9420,589712,10201,371491,7331,206690,5864,198065,6236,184700,5886,6464854,22486,5853320,22162,605594,13103,10323889,5696,164800,766,786,5,4937333,13801,3431023,18207,1506310,15295,1506310,15295,117256,6192,87644,4866,122116,5650,383068,8428,8714235,4255,2922222,20625,469680,10149,658863,11901,1443083,15306,643588,10553,158025,6453,104977,5248,12742886,NA,40.3,0.1,368668,2016,194738,2720,111031,3936,12610486,5092,11099077,27780,918155,22777,306409,13808,234291,11246
2011,44,Rhode Island,53636,1699,29277,762,1009941,1191,148819,8909,33299,2891,25369,2391,22508,2509,20893,2007,18907,2092,19119,1931,17675,2030,19064,2495,15838,1846,31394,2824,40578,3349,50678,3362,37994,2952,20748,2179,21863,2477,16332,1862,572801,6306,511235,7020,58581,4161,858706,1755,245500,3572,875,17,412259,3948,249754,5701,162505,5344,162505,5344,14342,1945,9395,1483,13897,2048,40154,3736,712266,1103,156391,6237,37840,2633,59485,3939,134049,5081,63669,4266,15150,1766,8944,1535,1051302,NA,39.5,0.3,28314,593,17956,893,9424,1239,1040022,1440,903786,8645,85200,7372,16489,2910,26769,2836
2011,45,South Carolina,42367,559,22598,285,4538298,2536,856938,22008,171594,6930,126149,6533,118904,6052,114098,5344,108796,5172,100622,5639,97580,5716,89640,5507,76224,4906,150086,7552,171303,6878,181831,7848,112965,5722,59441,4261,49613,4355,39988,3556,2268934,17386,1968925,18633,266294,10746,3715023,4717,136000,1981,741,8,1768834,12783,1223474,12626,545360,11328,545360,11328,39040,3875,32016,3083,50647,4675,136408,6828,3110532,5039,825273,14320,182312,7438,266173,10038,486569,12768,189771,8398,44678,3804,27657,2853,4679230,NA,38,0.2,152034,2997,75928,3546,43002,3265,4624180,3871,3899705,25459,406813,18244,139853,10613,157644,12647
2011,46,South Dakota,48321,1598,24701,533,794872,1326,110681,6608,21417,2044,20594,2337,17932,1884,22265,2299,16322,2057,20947,2274,16877,1840,15010,1529,14186,1804,28310,2185,38534,2707,42333,2908,22529,2539,9395,1324,8753,1353,7811,1146,443509,5511,415623,5676,24107,2598,644425,1458,131400,3154,612,17,323215,3255,221382,3961,101833,4336,101833,4336,5945,1021,5248,1127,7800,1623,17268,2016,537588,1811,143131,4622,35385,2752,52340,3457,97956,4222,31868,2829,6036,1131,5774,1236,824082,NA,37.1,0.3,29554,841,12436,1283,7233,973,814175,1297,688436,7824,63411,5410,31244,3679,27506,3893
2011,47,Tennessee,41693,423,23320,268,6246380,2905,1142299,29429,237496,6705,171242,6024,169580,6809,167469,5335,155930,6654,149513,6472,131304,5602,126170,5664,112234,5484,201882,7474,227878,8393,262392,7969,151077,6647,72015,4563,67972,4626,63274,3946,3129639,15811,2784462,19146,328545,10150,5082309,5926,138300,1223,715,7,2467428,12592,1660076,14005,807352,12867,807352,12867,70562,4912,45831,4316,69038,5013,193980,7375,4294392,5728,1175995,14989,265493,8806,259365,8882,655551,14047,242616,7418,65244,4290,50487,4105,6403353,NA,38.3,0.2,203575,2700,91950,3171,56763,3640,6333466,4450,5342978,29750,597067,23741,197489,14230,170969,13046
2011,48,Texas,49392,391,24682,148,25071125,8108,4628758,63020,707895,14946,511139,12639,495697,13237,542631,14590,483430,11750,478657,11732,429353,12116,438592,11855,379307,11892,697898,15234,876151,17546,1001080,18272,685807,14391,368674,11307,379364,10556,374695,11420,12619599,42974,11455069,46771,1065274,23077,19455689,11306,127700,830,813,5,8850370,21114,5568300,32153,3282070,27556,3282070,27556,267735,9708,218225,10217,283797,10353,741808,13581,16074391,9988,3372752,31219,973065,18996,1052281,21444,2847501,33440,995078,19271,244266,10513,160834,7265,25674681,NA,33.7,0.1,998433,5290,404230,5347,190704,5999,25327104,10987,20984855,65490,2690338,58652,957922,23820,514726,23860
2011,49,Utah,55869,805,22497,310,2771344,2149,374859,19403,51026,3266,40316,3568,37600,3104,46138,3888,43785,3612,45855,3264,43450,3015,45608,3424,39959,3498,81802,4240,112836,5841,121470,4489,74401,3831,38079,2853,33196,2692,28732,2902,1375381,9915,1260806,10665,109279,6258,2020485,3562,207500,2515,822,12,884253,5722,613499,6550,270754,7097,270754,7097,22921,2616,16640,2406,25070,2969,64811,4396,1608668,2783,340013,8957,127458,5314,148367,6236,322983,7680,108782,4992,26231,2304,20570,2048,2817222,NA,29.6,0.2,134628,1448,44864,1337,14464,1459,2769627,2949,2295961,19215,289717,14732,84267,8145,85217,7587
2011,50,Vermont,52776,1420,28089,572,601236,821,69075,4730,14242,1546,15254,1734,12576,1430,15028,1347,12853,1444,13873,1508,13314,1690,13468,1441,11426,1244,21404,2015,29675,2163,35862,2398,20098,1495,10100,1165,10415,1284,7770,1007,350419,4398,327302,4665,22416,1748,516096,1359,213700,3759,849,22,257358,2656,183452,2866,73906,2835,73906,2835,6581,1190,5661,1115,5591,1034,18541,1775,434652,1212,116141,3549,24704,2349,36468,2396,93188,3633,43266,2774,9837,1229,7599,964,626431,NA,42,0.3,15526,464,10694,550,6578,719,621354,940,537304,5021,47522,3934,13197,2212,20463,1946
2011,51,Virginia,61882,507,32123,263,7854282,3214,905914,25152,181436,6641,131558,5887,126992,5803,136107,5847,130307,6820,137483,5764,128931,6039,125331,6345,118158,4811,233435,8351,298791,9131,389974,11104,272365,8611,169031,5858,201441,7673,209310,6667,4281894,19385,3860131,20456,315567,10103,6449833,5424,243100,1721,1062,13,2990650,13887,2013595,16957,977055,13943,977055,13943,89909,5096,62725,4720,82009,4912,219931,7758,5418844,6732,1175670,17417,320897,9661,380585,11282,1111225,13583,575887,11931,133180,6663,83202,4398,8096604,NA,37.6,0.1,259358,3947,121611,4298,64022,3293,7996552,5256,6789620,30962,520631,24874,369120,16456,257130,14025
2011,53,Washington,56835,569,29278,258,6687073,3909,929258,23388,167723,7684,124351,6114,120262,5465,130081,6594,118591,5797,137108,5801,123249,5954,122997,5869,116513,5091,216388,6974,289824,9498,351044,8486,226411,7315,138697,5456,132363,6282,117019,4825,3533079,13581,3117998,14896,359745,9679,5434028,4677,256300,2391,930,9,2632621,9876,1653712,13459,978909,14209,978909,14209,89735,5504,66485,4482,89321,5289,224555,8173,4583426,3948,915967,15555,352599,9439,445281,12431,925095,16622,384232,10091,90773,4866,60904,4416,6830038,NA,37.3,0.1,226385,2133,92762,1913,58802,3210,6748474,4248,5565069,27197,727018,24146,192907,10268,208507,13639
2011,54,West Virginia,38482,875,22060,469,1802655,2209,334885,13958,79520,4079,59763,4245,55809,3524,53678,3492,49413,3603,42010,2587,37508,2698,39603,2862,29661,2653,56462,3604,67727,4097,73030,3195,40752,2977,20961,2380,17250,1827,12261,1969,821923,7220,748558,8439,72809,4365,1513146,2776,99300,1727,599,10,735408,6147,531392,6308,204016,5469,204016,5469,14632,1770,11150,1814,12876,1780,40340,3231,1294198,2703,453908,9121,73314,3371,82692,3897,150916,6259,62407,3446,15973,1603,9745,1489,1855364,NA,41.4,0.3,54191,1847,26232,1484,19796,1876,1836614,1681,1609110,9854,127615,7779,44647,4984,50068,4934
2011,55,Wisconsin,50395,428,26212,222,5554349,4117,725797,20946,150367,5471,127435,4703,126000,5538,135720,4826,120417,4386,127264,4332,119343,4063,116849,4479,105189,3837,198310,5692,261552,6282,294725,6761,173775,5062,85452,4530,74611,4176,58343,2385,3073513,12622,2819477,13498,250654,8863,4543816,3453,166700,863,739,5,2275352,8388,1543908,11604,731444,10367,731444,10367,55617,3047,42972,2956,59541,3742,178194,6725,3831373,4033,1132318,12984,257107,6351,366423,8000,668444,9958,249480,6699,59397,3756,36992,2535,5711767,NA,38.7,0.2,179165,1796,85019,1709,47708,2163,5647213,2653,4846550,18735,493019,16361,182604,9123,109439,8715
2011,56,Wyoming,56322,1890,27973,773,554314,926,62629,5598,9966,1541,9905,1579,10057,1321,13090,1842,12432,1720,12438,1535,11719,1527,10723,1547,9599,1323,18878,1942,24996,1939,32726,3027,19968,2159,12293,1452,7944,1303,5805,1122,308042,4776,289976,4694,15553,2116,446044,1592,179900,4272,759,31,222539,3310,157223,3270,65316,3158,65316,3158,3893,924,2949,790,4597,1163,10314,1760,375608,1728,94903,4091,29888,2810,37078,3434,61815,3556,23028,2247,4735,827,3270,928,568158,NA,36.8,0.4,19937,1151,9766,1336,5635,839,561389,1021,462808,7194,51315,5584,15333,2472,30651,4428
2011,72,Puerto Rico,18660,358,10555,185,3672090,1830,1673610,27123,372186,7248,154338,5688,131615,4974,104137,4638,78016,4028,75113,4036,56598,3306,46717,3366,38320,2807,59335,3728,56587,3699,39391,3237,18704,2072,10015,1522,8626,1451,6453,1098,1354801,10914,1102866,11341,250105,7757,2942799,3081,120300,1010,442,10,1256151,8804,876741,9559,379410,8608,379410,8608,19768,2128,14470,1828,21128,2126,67459,4015,2443515,2195,573636,8478,41672,3341,215478,6398,416008,9790,102061,4860,31081,2779,20401,2481,3706690,NA,37.5,0.2,109033,1966,58063,2284,35916,2294,NA,NA,NA,NA,NA,NA,NA,NA,NA,NA
2012,01,Alabama,41574,477,22815,212,4706978,2160,892564,20244,193613,6166,142540,5867,121204,5131,119583,4907,106493,4805,105874,5748,100780,5346,87190,3946,76605,3982,142632,5853,174751,6181,198192,6844,117371,5420,61044,3653,55020,3106,42277,2701,2236878,15457,2001628,16432,222017,8226,3825109,3670,123200,1482,689,8,1845169,11483,1268565,12217,576604,10418,576604,10418,39024,3435,31614,2911,43557,3660,131449,6346,3209646,4997,826740,13303,189488,5930,238555,8391,472037,9486,193901,6747,50713,3386,30508,2712,4822023,NA,38.2,0.2,154902,2562,73658,3849,50030,2898,4764428,3589,4054260,21464,427799,18611,162527,9428,104600,8482
2012,02,Alaska,67712,1894,31890,675,715608,613,72400,5190,9859,1330,9950,1234,10022,1425,10979,1302,9378,1456,11367,1421,10863,1637,10354,1376,9018,1123,18717,2011,28812,2299,35551,2599,26651,2323,17181,1771,18160,1860,14789,1556,397115,4604,351496,5687,29864,2563,564238,1510,245100,4271,1120,34,251651,2883,159427,3595,92224,3507,92224,3507,9063,1559,5763,1125,8224,1481,17817,2343,464594,1995,106047,4298,34575,2626,38287,2609,79559,4131,36321,2785,8545,1468,5699,1096,731449,NA,33.8,0.3,27593,929,12008,1526,6585,1072,721186,1290,592551,8741,73247,6713,17366,2513,33415,4385
2012,04,Arizona,47826,604,24600,222,6401273,3092,1194506,25758,189387,6459,134388,5496,129401,5193,150509,6289,132144,4920,139168,6448,128799,5483,125650,5801,107705,4767,197970,6747,245447,8321,270785,8053,180006,5712,95372,4505,88728,4681,76709,3938,3076722,14747,2757652,15740,300531,7230,5110763,4329,151500,1314,888,8,2392168,11611,1496650,13898,895518,13536,895518,13536,73293,4588,57332,4220,81253,5655,215682,6819,4280464,2907,864774,15646,309290,8745,360519,9366,735758,12854,310661,8701,77074,4189,47093,3244,6553255,NA,36.6,0.1,223705,992,93580,1950,69244,3080,6468907,3874,5242674,32185,837950,27825,115839,7337,232457,14183
2012,05,Arkansas,40112,497,21643,267,2865098,2160,568065,16759,111217,5096,91795,4075,80988,4359,85638,4518,70181,3515,71547,4198,58892,3598,59636,3986,51421,3420,98541,4991,106429,4456,111440,4295,64507,3752,32767,2628,25554,2394,23306,2108,1372556,10720,1252225,10577,115297,5360,2312234,3954,107600,1606,640,8,1143859,7351,757722,8214,386137,6919,386137,6919,29629,2718,20144,2191,29843,2868,84685,5059,1949382,4372,566530,10503,129405,5235,118932,5424,269141,8664,101528,5228,22334,2024,16106,1817,2949131,NA,37.6,0.2,99007,2389,41556,2641,32358,2239,2912680,2753,2453347,16841,272576,12795,100470,6596,76948,7223
2012,06,California,58328,354,28341,111,37303266,7131,6325319,64334,794831,12733,671941,11543,624661,12050,644200,11482,560192,11606,590116,13709,542578,11305,554131,12151,488326,11228,923272,14409,1205800,14592,1500192,16206,1107333,14822,694066,12690,794583,10234,856436,11423,19068155,38591,16778061,43364,2151166,24556,29884983,9480,349400,1231,1200,4,12552658,18433,6781817,25470,5770841,24980,5770841,24980,506466,10403,401556,10446,577068,11861,1668124,18986,24779784,3987,4558433,31014,1411077,18959,1959097,21968,4865203,31380,1861112,21782,569482,11971,364732,8288,38041430,NA,35.5,0.1,1296287,2477,569900,2784,313722,7168,37572738,10274,31777868,67939,3989910,57306,1056708,26852,493641,19652
2012,08,Colorado,56765,594,30329,328,5069071,2557,694842,20406,128270,5249,89866,3894,91787,4292,103159,4802,91909,4759,100994,4998,90978,4572,95972,4682,85735,4344,162739,4793,208812,6592,260636,6943,172814,5937,104874,4609,108106,5274,99437,4312,2808337,12103,2559194,14129,216624,8210,4085464,3556,234900,1454,934,11,1996088,8553,1278158,11129,717930,9538,717930,9538,64909,3771,46521,3574,63102,4062,174274,6974,3444654,3718,619568,11596,209243,6911,288253,7592,818469,13724,342776,8853,76550,3750,53211,3614,5187582,NA,36.2,0.2,172562,2030,77113,2421,47846,2279,5123944,2939,4131357,21752,492637,16457,259284,10801,205060,11855
2012,10,Delaware,58415,1593,28705,595,890738,1221,107307,7877,19251,2073,14879,1680,14838,1944,17981,2031,16384,1708,16415,2129,14270,1669,19094,2086,12024,1412,29101,2688,36771,2891,47116,3169,33774,2958,17412,1742,16605,1859,14393,1425,470752,5210,427114,5448,41017,3812,734481,1457,226900,3380,960,19,340308,3122,241050,3609,99258,4117,99258,4117,8567,1585,5133,1036,8876,1510,22720,2619,618612,1103,173099,5688,38540,2509,44331,3053,111921,5213,52001,3845,9864,1328,8903,1201,917092,NA,39.2,0.3,28446,344,13530,795,8478,999,906576,1624,782216,9177,78219,7541,7784,2008,34757,4691
2012,11,District of Columbia,66583,2040,45307,1257,598151,630,108732,7746,27616,2593,11798,1470,9977,1431,10472,1557,9779,1669,9656,1557,10143,1713,10201,1505,8752,1499,14624,1923,21466,2225,27005,2384,26297,2405,15586,1877,20977,2304,32313,2175,368070,5533,326957,6480,37718,3642,533647,871,460700,11946,1235,29,266662,3138,110681,3549,155981,4855,155981,4855,11702,1351,8785,1301,13199,1596,37687,2631,439531,534,69175,4162,15782,2133,14083,1888,100904,4522,77488,4099,38125,2877,16274,1731,632323,NA,33.7,0.2,19889,272,10100,1337,4285,765,624847,948,500267,6225,61992,5668,0,197,53830,5001
2012,09,Connecticut,67276,865,36891,529,3484178,1411,372390,14270,80094,4395,62250,3961,55077,3900,60599,3558,56316,3830,52391,3462,51604,2993,51678,3164,45167,3104,97352,4692,131790,5460,172780,5219,136447,5368,89923,4373,98161,5196,116183,4992,1958032,9681,1760162,12115,189561,7170,2893530,2554,267800,2334,1019,13,1357812,6453,908452,7756,449360,8680,449360,8680,36931,2718,29209,2618,36763,3044,120027,4446,2457978,1904,607054,10988,130546,5221,182429,4839,503440,9936,294155,7730,73294,3696,40248,3025,3590347,NA,40.4,0.2,99546,993,55962,985,34460,1951,3555319,2447,3114940,16188,270801,12487,64117,5802,80311,6574
2012,12,Florida,45040,345,25428,167,18912479,5600,3238581,49032,587116,13435,441349,9523,458066,11387,463599,10328,435999,9150,435069,9581,392314,10422,382651,9206,319182,9992,589760,12932,702159,12742,762824,13523,479341,12079,251380,7791,238982,8072,258152,6795,9409668,27650,8277586,31488,1080331,19560,15784363,7462,148200,1133,954,5,7197943,25102,4724428,21345,2473515,22250,2473515,22250,209876,8314,171778,8499,246969,8900,712307,13065,13503747,6413,3457338,32714,863192,15089,1236800,23291,2329936,24428,874523,13218,272260,7952,146350,5974,19317568,NA,41.1,0.2,545488,3102,254907,4107,213860,6449,19114620,6877,16032617,49245,1810664,39338,569624,22145,537148,19784
2012,13,Georgia,47209,378,24321,204,9652596,3256,1848533,37552,329091,8577,215303,7607,203374,7527,213577,8157,197013,8565,188176,7032,175918,6999,166626,6755,153782,6822,279965,9055,355612,10172,390927,9695,249223,7524,135302,5444,139411,6152,139608,5532,4843992,22913,4263543,24438,528978,11417,7692523,6384,142300,1246,837,5,3532908,15691,2248702,19411,1284206,16668,1284206,16668,101912,6662,80409,4866,113235,5917,317642,10790,6403838,8246,1492541,17951,365365,10364,453039,10789,1140757,18884,468599,11364,123173,5571,74746,4406,9919945,NA,35.7,0.1,341922,4139,157606,4739,87537,4594,9796547,5863,8231384,34188,776217,30392,460085,18753,277466,14075
2012,16,Idaho,45489,929,22053,398,1565511,1631,248494,13813,40098,3533,33758,2825,36319,2926,38016,2820,37068,2770,36997,3011,33206,3249,33318,2833,26303,2651,53053,3293,66146,3996,65127,3558,37711,2966,17377,1958,15995,1970,12614,1857,774831,7323,710247,8035,61864,4718,1216830,2078,154500,2420,702,14,583106,5317,398671,5979,184435,6150,184435,6150,17424,2253,12327,1886,15032,2203,39743,3243,1012786,2996,229196,7911,88109,4704,91295,5029,175020,7778,56911,4077,14927,1783,11035,1732,1595728,NA,35.2,0.1,58069,1489,23423,1467,15698,1558,1573036,2184,1296975,12998,152985,9897,57166,5994,59283,6040
2012,15,Hawaii,66259,1628,28099,490,1356822,1094,157243,9661,27696,2596,16689,1823,17832,2357,17399,1929,15387,1868,17399,1884,17119,1831,18944,2113,19216,1904,33582,2556,49359,2737,66615,3883,49942,2827,26339,1913,30700,2219,23530,2223,735451,6630,648504,7446,49398,3085,1122846,1678,496600,9166,1379,29,447748,4282,254770,4107,192978,4122,192978,4122,17252,2158,12182,1735,17634,2023,49941,3359,952281,1173,244511,7252,49630,2496,95686,4961,186586,5291,66566,3527,22483,2218,10581,1303,1392313,NA,38.3,0.2,45753,259,18467,974,14156,1252,1374852,1662,1164145,10466,128363,9721,6464,2446,55145,5749
2012,17,Illinois,55137,408,28741,189,12573676,4182,1850562,32138,355679,8673,234810,7047,248739,7013,247042,7113,224888,6735,236972,6623,218279,6137,216011,6505,194922,7712,367552,9028,485060,9705,610396,11085,405225,9623,239059,7372,243339,6113,242221,6097,6729843,20141,6030591,21059,682518,10960,10169058,5273,170600,950,868,5,4770194,13140,3177104,16645,1593090,15616,1593090,15616,124349,4951,94289,4771,128432,6221,401270,11371,8558895,4172,2006099,22899,565971,9579,647039,11649,1684348,17797,751407,12053,175113,6110,96485,4912,12875255,NA,37,0.1,415426,2218,187064,2745,113265,4351,12725119,5939,11009321,31714,1112540,23723,328651,12905,208755,10844
2012,18,Indiana,46974,421,23898,197,6342423,3178,990325,21187,187372,6140,142424,5691,147322,5802,149238,6240,141307,4929,147008,4348,139359,5410,135999,4983,117260,5004,204919,5828,271261,6661,302640,6512,173424,5843,88413,5069,72932,4025,59199,3461,3295395,13986,3003089,16452,288609,8736,5126773,5171,122700,811,715,6,2480077,10833,1720780,14241,759297,12471,759297,12471,61754,3642,39507,2954,60606,4420,182524,5660,4278945,5178,1288444,15566,283019,8157,347606,9028,643210,11414,259870,7456,55872,3380,43157,3415,6537334,NA,37.3,0.1,216539,1869,96725,3121,59668,2866,6457067,4184,5493090,26865,576600,18090,228628,11512,134137,9664
2012,19,Iowa,50957,431,26436,266,2974225,2122,377484,13405,80314,3783,68229,3313,63089,3447,71288,3519,70727,3245,67237,3572,61255,3160,65096,3418,52030,2680,111399,4067,140509,4474,161227,4591,94784,3703,48162,2771,38277,2599,33425,2249,1646420,7583,1556772,8497,87916,4029,2430288,3398,126300,1449,661,8,1227048,6132,882584,7833,344464,7798,344464,7798,25737,2285,16495,1988,24680,2815,75938,4216,2036993,3233,578840,8900,158526,5287,226481,5706,368331,7253,117508,4266,29743,2570,20738,2115,3074186,NA,38,0.3,99826,1965,44030,1553,32178,2216,3035469,2721,2585979,14093,262112,10885,100826,5724,75760,5982
2012,20,Kansas,50241,520,26390,371,2802207,2002,391734,12565,71947,3330,60078,3625,61159,3708,65915,3202,61077,3034,63958,3391,60566,3012,56240,3166,52996,3198,99941,3922,119237,4649,133602,4499,86155,3504,46255,2879,37271,2493,37514,2439,1510382,8470,1394404,8945,97003,4720,2242491,2982,130100,1513,711,9,1113911,5555,739191,7686,374720,6600,374720,6600,28796,2363,21046,2422,29225,2342,74301,4061,1863224,3312,432186,8598,149439,5348,149866,5790,362899,7111,149868,6515,33378,2414,20097,1891,2885905,NA,36,0.1,102507,1423,46720,2475,26178,1545,2848708,2507,2361899,16878,276042,15702,105653,6755,88284,7145
2012,21,Kentucky,41724,419,22722,219,4247103,3119,823197,22937,181165,6650,124521,4731,113537,5159,112479,4105,101225,5136,101223,4329,86161,4591,86451,3434,73895,3748,130092,4720,166789,4949,184330,6147,109881,4303,54843,3255,42542,2755,37870,2265,2076714,11193,1867958,12946,191844,6548,3470977,3017,120800,1105,636,7,1707004,8109,1144309,10967,562695,7784,562695,7784,45001,3761,30084,2273,40831,3183,124143,5772,2935461,3011,800468,9902,192121,5679,211692,7621,378979,8063,185306,5987,46602,3077,28258,2442,4380415,NA,38.4,0.2,140587,1883,61115,2555,46113,2246,4328626,2851,3676472,15304,371555,13279,149956,10142,112787,7854
2012,22,Louisiana,42944,680,23800,263,4471142,2830,891981,23215,177674,6151,132995,5610,118013,4996,107165,4868,94902,5288,96283,3700,78205,3597,82963,4424,70262,4350,125721,5266,157040,5274,186045,6544,116697,5344,63724,3382,58402,3030,53382,2985,2210208,12920,2001905,11966,193512,7813,3603962,3513,139500,1952,747,9,1719473,9205,1130134,10390,589339,11722,589339,11722,42534,3296,35024,3348,47977,3318,143743,6185,3006605,4606,869245,12122,157638,5891,160063,5980,433223,9068,155282,5941,45446,3681,26117,2277,4601893,NA,36,0.2,154816,2146,67600,2692,45810,2470,4545914,4612,3912023,21791,376287,15953,152119,9856,91215,6941
2012,23,Maine,46709,898,26020,410,1293457,1275,189786,9666,40809,2780,35890,2768,33313,2337,32597,2486,31678,2560,35029,2567,30362,2352,28736,2556,23575,1898,51055,3384,58989,3371,65649,3238,39139,2345,18780,1656,14117,1571,14825,1550,700752,7181,646362,7376,53326,2697,1096245,1715,172300,2128,744,13,554543,4451,396014,5199,158529,4335,158529,4335,14072,1654,10446,1509,13338,1722,36987,3060,947017,1426,278442,5885,59370,3358,85732,3769,171449,5069,65911,3474,16093,1851,11276,1653,1329192,NA,43.5,0.2,34042,760,19070,886,17234,1330,1315586,1384,1132344,9895,113952,8246,37486,3558,27523,3132
2012,24,Maryland,71122,579,35144,272,5744445,2780,590803,19639,114504,4017,80546,4064,75553,4007,83229,3858,77235,4143,79016,4671,80018,3980,84412,4727,80014,4177,158948,5810,217932,6510,282346,6942,229894,6859,155529,5363,183005,5218,175536,4473,3229761,12648,2937440,12096,264281,7657,4697087,3185,279900,1884,1170,10,2157717,7667,1433937,10091,723780,9709,723780,9709,64811,4400,47760,4005,63316,4136,171290,5601,3972135,2905,918055,15341,236421,6748,251712,8044,795930,14788,460951,9564,115222,4675,94884,4443,5884563,NA,38.1,0.2,185624,1508,85171,2061,51382,2426,5816472,3717,5068457,21604,400455,18131,149518,9114,154983,8958
2012,25,Massachusetts,65339,645,34907,338,6414762,2601,762645,18273,176729,6365,127199,5070,115556,5289,109610,4265,93388,3946,99691,4665,96375,4207,93444,4787,86782,4211,168953,6339,242464,7555,315698,7222,246926,7594,164143,5811,187216,5783,198220,5544,3647354,16035,3334794,16917,308598,9211,5416163,3572,323800,2185,1036,9,2522394,9088,1570055,10932,952339,10308,952339,10308,84487,4751,56135,3725,71542,4041,233371,7341,4556609,2420,1048250,16118,229750,6850,347381,7274,1011713,13951,541323,11306,132494,5420,104415,4763,6646144,NA,39.5,0.2,186715,952,106346,1871,63611,2929,6580641,3587,5752166,19793,465676,15907,160704,9414,142577,7863
2012,26,Michigan,46859,331,25074,161,9663760,3870,1685178,30444,331613,7940,226404,6037,231535,7085,230440,6433,211822,6838,217877,5870,201478,5883,191075,5750,170225,5326,317208,6348,386583,8129,440333,8301,271425,7043,145352,4763,132751,4226,112947,3881,4832544,17399,4285132,17643,544045,10699,7897753,4903,115700,719,748,5,3819068,10789,2713964,15597,1105104,13859,1105104,13859,85935,4313,68191,4082,91174,4989,304538,7612,6621018,3783,1758949,14708,503556,8352,575915,9764,1062110,11564,490025,8512,103848,3979,67420,3248,9883360,NA,39.5,0.1,292588,1619,147065,2353,102460,3250,9778980,4263,8330990,24803,909150,23215,358955,12309,133981,8566
2012,27,Minnesota,58906,668,30529,259,5257443,1790,598371,17622,123088,4854,97196,3913,95855,4054,98768,4227,93368,4176,103080,4423,95583,4023,101960,4428,91598,3396,170451,4861,234529,5772,297101,5747,198164,5457,105980,4185,104922,4141,100300,3829,2975845,12111,2786812,12750,186027,7127,4242762,3554,178400,1118,813,9,2111943,6274,1508810,9302,603133,9212,603133,9212,48203,3041,39162,3418,53091,3548,132924,5100,3600744,3144,840396,10801,245952,6521,381595,8657,807626,12224,272778,7611,72103,3888,42833,3209,5379139,NA,37.6,0.1,176324,1468,73611,1400,47234,2149,5315228,2787,4536303,18312,421099,14757,231913,10983,101042,6534
2012,28,Mississippi,37095,584,20119,303,2890890,1973,698252,22688,132911,4629,91903,4890,85545,4180,78407,4095,62452,3878,66976,3470,58907,4183,55329,3910,44986,3614,85191,3796,97962,4830,95987,4942,58247,3777,28304,2424,24910,2512,22504,2282,1356521,10038,1193047,11401,152580,7046,2320405,3063,99800,1548,666,11,1090521,7826,743611,9469,346910,8433,346910,8433,26063,2876,21904,2514,27860,3083,81071,4891,1911968,4922,462900,9900,105917,4830,160169,7583,249319,8849,105946,4680,24029,2594,15722,2051,2984926,NA,36.2,0.2,100474,2448,52996,3854,28898,2033,2947696,2744,2529377,17940,228366,14061,111441,8049,73500,7080
2012,29,Missouri,45321,418,24697,223,5838008,3872,947792,20935,197814,5746,155115,5523,141223,5161,148080,5913,137110,5800,143549,5791,122760,5359,126769,4493,102077,4808,200049,6567,239031,7776,269069,7222,153110,5355,84338,3794,75288,3628,63753,3417,3044407,12459,2764577,14344,259942,8768,4776269,4782,135000,1179,706,7,2359135,11280,1591686,12609,767449,11382,767449,11382,64287,4065,50082,3550,60195,3922,181592,5582,4023641,5425,1086729,15435,304519,8244,287670,7236,670388,10796,284631,8950,65321,3583,42330,3216,6021988,NA,38.2,0.1,192469,1917,88830,2708,57587,2645,5951913,3866,4965459,21306,553570,17732,247523,13104,162930,8034
2012,30,Montana,45076,1092,25148,610,980594,1227,152199,8004,30978,2299,26397,2345,26074,2006,28419,2044,24803,2236,24000,2013,23284,2041,20241,2054,18027,1768,31997,2405,45319,2968,47108,2756,28804,2273,13194,1277,10750,1260,9543,1072,523305,4586,482710,5490,37280,3160,809850,1787,184800,3455,681,13,408938,3977,274196,4635,134742,4135,134742,4135,10841,1543,6724,1388,11507,1851,27973,2306,686770,1762,167970,4480,46900,2849,57590,3494,138862,5070,42619,3040,13022,1670,7426,1366,1005141,NA,40.2,0.3,29985,761,14289,1217,11460,1311,995544,947,829489,8669,91861,7056,34602,4619,37690,4305
2012,31,Nebraska,50723,577,26245,283,1800904,1635,233973,10768,44164,2222,40350,2824,40458,2864,41491,2588,40214,2512,41690,2673,36878,2318,42828,2743,32472,2607,65354,3435,82898,3799,94305,3634,56596,3219,28284,2321,24795,1644,20793,1378,1015594,6233,956636,6513,53727,3251,1442595,2159,128300,1462,692,9,733570,4667,486642,6333,246928,5425,246928,5425,19952,1924,13577,1626,17500,2274,46314,3292,1206908,2006,292831,5896,95649,3474,117719,4509,233054,5600,83862,3185,20030,1746,12716,1332,1855525,NA,36.3,0.2,68703,1174,26355,1461,18177,1532,1829420,2101,1540361,9074,177284,8537,60653,4706,43266,4512
2012,32,Nevada,49760,826,25331,397,2718565,3392,446840,19216,67781,4049,51242,3284,53374,3680,61524,3448,54710,3992,61214,4155,53047,3407,54102,4057,48449,3049,86483,4335,113691,5012,121733,5037,72357,4325,40592,3037,35315,2553,30991,2501,1411331,9693,1230084,10093,172282,5865,2167405,2508,150700,2078,944,12,1006605,7913,552324,7892,454281,8114,454281,8114,35795,3150,26916,2605,45407,3897,112452,5316,1840642,1913,457175,9796,129454,5717,138034,6074,272846,7751,95659,4628,27821,2388,15471,1961,2758931,NA,36.8,0.2,94224,1218,35190,943,28059,1905,2725280,3005,2105070,21984,456342,19080,25154,3585,124285,9956
2012,33,New Hampshire,63280,1537,32201,593,1280027,1345,128466,10865,23280,2772,22024,2280,22077,2686,23919,2561,22534,2597,23622,2393,20871,2206,22254,2254,23324,2472,41159,3090,54164,2561,76491,3899,54264,3180,28658,2178,33954,2322,26542,2249,741565,6474,692142,6544,47922,3941,1079792,2010,236000,2708,967,14,519137,4650,367863,5474,151274,5422,151274,5422,13669,1771,8366,1549,12270,1875,35428,3350,919883,1661,233128,6644,54390,3039,87025,3738,201804,6242,87156,4564,15364,1772,13567,1818,1320718,NA,41.9,0.3,32945,721,18972,806,14524,1397,1309203,1504,1127376,9730,93476,9213,31642,4682,50484,5282
2012,34,New Jersey,69667,716,34885,275,8691673,2911,934943,22315,186306,6709,128253,4940,132292,4561,128399,5277,131146,5482,130476,5771,123717,4856,108856,4355,113563,5784,223624,6365,298768,8926,409476,9940,324749,7130,210274,5814,272810,7262,276090,6093,4684932,16137,4206029,18376,471538,10688,7077678,4443,311600,1993,1148,7,3198799,8893,2081481,13198,1117318,13291,1117318,13291,94057,4962,70894,3938,104336,4802,304358,8356,6049352,2508,1585222,18119,303963,8257,372831,11133,1359609,15068,597429,12358,147947,5570,87198,5010,8864590,NA,39.4,0.1,267962,1089,116887,1922,84433,3186,8772744,4541,7929570,23298,478028,19287,177437,8293,130223,7649
2012,35,New Mexico,42558,902,22874,345,2044778,1740,426245,13843,79256,4433,51811,3090,50648,2854,47117,3186,47516,3481,44924,3026,39105,2737,36346,2941,31043,2386,58299,4048,70170,3783,84613,3470,48642,2922,28128,2425,28152,2602,19226,1686,978436,8942,870667,10003,99454,5426,1627551,2682,157500,2129,753,12,764996,5964,518106,7759,246890,7139,246890,7139,18058,2137,14183,1757,21494,2516,59767,4276,1360330,2783,298375,8457,77980,4443,111952,6373,202552,8269,106967,4988,22244,2505,23525,2526,2085538,NA,36.8,0.2,73089,1499,32445,2018,22109,1875,2060595,2119,1769341,11461,179022,9633,47221,5438,54693,5877
2012,36,New York,56448,371,31290,170,19064064,4156,3025016,36603,601351,10808,387742,9697,378760,10041,366099,9153,319731,8182,326769,7553,292332,8120,308273,9466,265732,7078,534127,11205,698386,12136,857092,12216,617675,9943,384256,7774,424622,8682,475975,9638,10052158,25845,9099766,28186,927351,14692,15822629,6465,280900,2006,1079,6,7238922,16375,3883893,16541,3355029,20123,3355029,20123,279889,9034,195018,7289,282328,8424,933084,12075,13309761,4587,3081374,29170,613490,12111,1128596,17104,2531374,22215,1371561,17637,359112,9486,181715,7468,19570261,NA,38.1,0.1,596179,1869,283380,2327,176470,5398,19352153,6112,17202134,34343,1266830,29689,456287,13816,270053,11861
2012,37,North Carolina,45150,391,24435,219,9498993,3156,1713132,31019,326378,8038,246652,7877,224673,7863,236016,7448,216816,8316,223597,7794,194945,6331,190986,6961,170069,6286,309738,8969,365734,8960,416883,8819,244521,8475,130017,4920,116831,5242,117469,5025,4869338,20701,4268510,22575,516566,12634,7720907,6128,150100,1129,756,5,3731325,14347,2441626,15846,1289699,14128,1289699,14128,102238,5351,68989,4023,113918,4825,293270,8298,6489883,6226,1475044,17802,416106,8721,562049,12338,1170056,15868,436058,8476,92150,4202,77594,4259,9752073,NA,37.8,0.2,311223,4019,147214,4150,94279,3669,9640490,5097,8167830,27074,814565,23470,334515,13540,273149,13136
2012,38,North Dakota,53585,1546,30796,668,674852,714,75703,4270,19119,2140,14102,1574,12133,1529,16272,1735,14474,1570,15875,1598,16250,1941,14503,1550,13063,1566,24251,2039,31200,2521,38393,2382,25261,2031,12097,1114,11222,1480,12729,1512,397411,3423,379029,3862,13065,2116,561051,1543,142500,3492,644,14,290944,2708,189193,3576,101751,4117,101751,4117,5515,985,4640,1192,5605,1178,16496,1823,457904,1859,111239,3990,29968,2381,56223,2934,89629,3973,25163,2477,7503,1342,5580,1191,699628,NA,36.2,0.3,23702,685,13589,1029,5276,710,689838,1379,563978,6361,57967,4629,26327,3011,38213,3616
2012,39,Ohio,46829,293,25445,178,11227482,4488,1824628,28992,388382,8569,280450,7111,272820,6782,285584,7280,241654,6554,261545,7649,234330,6709,232734,7009,201340,5937,381456,7697,471233,9282,528540,10541,318137,7847,166155,5795,153679,4970,136633,4978,5820299,19274,5285177,20143,527315,12654,9196303,5312,127600,866,700,4,4554672,11606,3019382,13908,1535290,11791,1535290,11791,121042,6030,91203,4723,117671,5438,367621,7870,7770716,4393,2385539,19162,542516,10145,625983,11693,1240747,14680,528409,11364,116545,5039,75611,3973,11544225,NA,39.3,0.1,353140,2026,167583,2292,116495,3702,11414635,5725,9735390,29715,1068161,26445,372654,13170,196391,9611
2012,40,Oklahoma,44312,462,23740,308,3699653,1970,637429,14041,123562,4223,96280,3347,91119,4171,94688,3759,84940,3419,84910,3202,78344,3492,78474,2976,64874,3210,118416,4269,150887,4865,162519,5155,92122,3641,45259,2676,41474,2514,38799,2169,1837468,10061,1694799,9730,123635,4286,2975401,2753,114300,994,686,6,1446667,5298,960369,7142,486298,5609,486298,5609,36273,2860,29729,2389,38471,2403,101570,3874,2487456,3064,662794,9471,179102,4812,180387,5370,393930,7039,142002,5213,33095,2478,22280,2196,3814820,NA,36.3,0.1,133075,1807,56874,1862,35121,1571,3762311,2764,3107367,14635,370517,12001,160830,7260,108972,6570
2012,41,Oregon,49161,807,26011,298,3826398,2672,658359,22218,123176,5572,85653,4670,88596,4614,90156,4992,81250,3960,79085,3885,78973,4197,78637,3911,63355,3545,131046,5335,153200,6222,183368,6343,118508,4635,61523,3975,53738,3100,46693,2660,1955966,10817,1738117,12065,215292,7947,3136866,3726,223900,2254,862,8,1516957,7216,933775,9126,583182,9343,583182,9343,46777,3241,34798,2402,51118,4251,158818,6207,2671772,3813,545481,10236,227099,6267,219073,7471,497130,10852,212460,6944,54182,3883,35682,2751,3899353,NA,38.9,0.1,119963,2296,53519,2131,41918,2414,3857465,2984,3158450,19251,427154,16937,133519,8665,118925,7769
2012,42,Pennsylvania,51230,265,27774,160,12353867,3236,1693285,30788,359101,8305,280596,6262,276652,7467,285122,7536,264215,6571,262611,6547,236012,6322,242665,6696,206240,5781,413101,8312,507832,9861,617796,10724,385256,7244,216578,5879,208306,6055,196166,4271,6513773,18639,5931277,18541,576117,11909,10366567,4621,163800,675,798,5,4958249,11531,3416499,15135,1541750,11953,1541750,11953,126734,5401,86328,4393,123690,6043,371586,10315,8756317,4048,2870894,20332,483219,10548,688751,10241,1484305,15639,665499,13240,166599,6129,119131,5431,12763536,NA,40.5,0.1,367124,1634,189524,2404,131345,3657,12630082,4558,11107110,28998,921127,19875,331251,13460,215500,8872
2012,44,Rhode Island,54554,1789,29389,639,1010449,885,138907,8499,33633,2703,25265,2513,20946,1880,20731,2015,17850,1963,19876,2113,17109,1970,19408,2399,17264,1936,29847,2867,42232,3130,50388,3289,37023,2770,21429,1911,21281,2150,18801,1905,568402,6653,512801,7563,52997,3549,860108,1511,234600,3631,878,15,413083,3010,247790,4277,165293,4531,165293,4531,16774,2192,10789,1663,12677,1819,38747,3114,712271,1186,165835,7637,35237,2782,62628,3580,132903,5435,64882,3837,14832,1827,11126,1625,1050292,NA,39.8,0.2,28818,678,17792,651,11131,1492,1040527,1533,899551,9890,80485,7714,20680,3457,33446,3551
2012,45,South Carolina,43107,660,23396,262,4585454,2040,837770,22603,169436,5854,121208,5945,115997,4561,116575,5211,106339,4518,102352,4874,96464,5022,94536,4645,81102,4876,147361,5690,174961,6496,188429,5937,112921,4666,57017,3342,55132,3551,47510,3105,2295100,13335,2007569,14532,253703,9403,3761993,4081,135500,1730,754,9,1787340,9096,1217692,9732,569648,9235,569648,9235,45097,3132,32830,2905,48019,3439,137534,5369,3151616,4800,796955,13200,192138,6782,281401,8027,504036,11607,212122,7447,43582,3187,31282,2697,4723723,NA,38.3,0.2,151895,3161,75822,3667,51483,2962,4668886,3434,3929626,20572,402718,16842,161632,9504,156705,9611
2012,46,South Dakota,48362,974,25275,480,804310,815,107846,5355,20738,2050,17490,1548,17114,1652,19998,1714,18474,1937,18709,1957,19654,1980,16770,1741,18337,1924,28072,2091,35529,2451,41974,2431,21796,2142,11680,1493,9223,1171,8207,1290,449465,4822,426383,5368,20915,1686,652501,1351,134300,2382,651,17,323765,3111,217200,3814,106565,4369,106565,4369,9627,1620,5911,1191,7953,1438,15615,1897,544292,2034,153301,4349,31915,2524,53971,3519,98719,3692,29714,2820,7488,1248,7030,1200,833354,NA,36.7,0.3,29644,1058,12880,1398,8400,1042,821669,1036,676014,7752,74968,6393,40638,3840,26051,2891
2012,47,Tennessee,42764,579,23692,241,6295994,3016,1129330,27122,223831,7108,173872,6005,162032,5535,160742,6619,152504,6843,158098,6422,129034,6999,126572,5418,114153,5516,208516,6218,238847,7096,263725,8025,146125,5596,81008,4396,71100,4103,69931,3349,3137337,14741,2823508,15741,296484,8795,5131838,4951,137800,1283,730,6,2480090,11146,1654001,14531,826089,12336,826089,12336,64352,3946,53053,4431,69726,4320,187042,6673,4336473,5288,1166971,16657,280224,9024,283901,9397,680286,11346,257964,7837,69299,4562,45255,3134,6456243,NA,38.2,0.1,203801,2590,88477,3410,66027,3277,6378278,4412,5396833,24470,583190,17306,199887,9975,177098,10625
2012,48,Texas,50740,267,25359,134,25450518,6257,4562352,58642,700287,14201,494482,10579,492561,10541,513558,10232,475842,10433,483907,11048,447749,10001,430086,10355,377316,11491,712729,14252,881651,14996,1041774,18510,703999,12463,399181,9301,413623,10964,402214,8812,12841906,29200,11731417,29827,1015391,19316,19828118,11388,129200,823,831,4,8970959,21541,5586856,26359,3384103,21621,3384103,21621,271907,9538,212460,7903,278339,7947,742795,13108,16390379,8806,3385514,26586,1015898,18347,1079819,20839,2903294,24614,1076580,16933,240052,8208,164154,6898,26059203,NA,33.9,0.1,985806,4526,391694,5135,211718,5655,25711791,10124,21354247,60947,2643766,44411,1012304,26928,507752,20202
2012,50,Vermont,52977,1259,28818,521,601611,741,71084,4549,14710,1578,15269,1563,14479,1322,12742,1338,12458,1261,13743,1344,12479,1479,13624,1398,11717,1263,23170,1604,28826,2047,35307,2161,20687,1561,11529,1185,8966,1163,8814,908,348871,3925,325960,4482,22400,2075,518107,1230,216900,3518,860,18,258520,2853,183563,2872,74957,2865,74957,2865,6859,1132,4475,1014,5493,1099,18363,1684,434948,1078,117535,3998,21569,1686,39279,2096,95120,3355,42576,2221,10145,1516,7664,1165,626011,NA,42.4,0.2,16283,737,10877,512,7645,797,620224,821,532237,5326,49476,5020,11766,1628,24431,2713
2012,49,Utah,57049,737,23213,337,2806020,2814,360017,18926,48682,3449,36251,2727,40500,2822,44665,2879,40432,2685,43860,2926,43565,3011,45093,3179,43838,3117,81169,4193,112151,4702,126383,4701,77649,3813,43707,2701,37406,2536,30340,2409,1412812,7641,1312966,8988,95806,5448,2054876,2260,199700,2397,851,11,895691,5044,623589,6650,272102,6236,272102,6236,24929,2155,18104,2088,21306,2192,61822,4038,1641335,2290,327025,7877,130416,4986,159358,5923,333947,7239,119791,5193,27527,2396,23256,2281,2855287,NA,29.9,0.1,132481,1169,44467,1528,17109,1323,2805440,2571,2324019,16852,287709,13647,86271,7178,87870,7490
2012,51,Virginia,61741,410,32517,200,7936903,2853,931805,22863,183865,6101,129742,5208,136705,5263,135428,5538,131372,4685,135726,4805,132453,5035,133961,4853,117141,5953,236440,7062,306408,8955,383179,8936,271763,7196,181399,6145,207476,6355,215909,5471,4342319,18160,3938818,17748,294111,9003,6541339,5175,237800,1751,1068,10,3038967,13344,2010442,15164,1028525,13454,1028525,13454,89511,5624,68351,4167,89312,5169,230082,6290,5504766,5807,1176004,14894,325224,8294,395520,9445,1132326,15259,596854,10955,133652,5596,88672,4304,8185867,NA,37.5,0.2,256456,3517,125452,4144,76144,3426,8085389,4754,6857430,25550,537223,19341,378019,14481,250653,11997
2012,53,Washington,57573,595,29861,228,6761934,3299,915278,30419,173193,7048,116010,5118,114520,5994,131058,5000,120472,5333,127927,5526,120689,5096,124163,5292,115752,4474,217803,5961,285527,6574,343259,7870,236813,6552,146181,4527,139083,5397,124367,4838,3556836,14481,3204090,15366,306984,9283,5486401,3593,243000,1500,954,8,2636817,10074,1643637,12066,993180,12832,993180,12832,89723,4755,64231,4079,91472,4875,228367,7266,4645859,3973,921721,12920,366665,10808,448208,11733,944631,13792,372069,8981,91575,4375,63240,4052,6897012,NA,37.5,0.1,226381,2022,94694,2387,67460,3110,6815763,3864,5648199,25225,717833,24295,186862,8510,215494,12552
2012,54,West Virginia,40196,697,22410,344,1801131,2144,320055,13000,79484,3963,53915,3414,55324,3490,54678,3472,44563,2838,44550,3513,36442,2471,38134,2553,32142,2360,60372,3678,69990,4137,81985,3886,40462,2617,19875,1923,15807,1498,13821,1401,818616,8787,752314,9192,65787,4422,1513215,2078,100400,2185,607,12,741544,5473,533758,5867,207786,4871,207786,4871,16266,1711,10050,1497,11679,1464,42858,3065,1296201,2730,439338,8130,74059,3994,81746,4395,147257,5285,66360,3998,18384,2134,9683,1573,1855413,NA,41.5,0.2,53538,1437,24894,1471,20662,1710,1837518,2090,1613322,11785,124140,9064,49972,5173,47125,4317
2012,55,Wisconsin,51059,321,26994,218,5573134,3298,737356,16981,143819,4139,128479,5419,125155,5228,132266,3855,123235,4934,121737,4411,118529,4882,117306,4714,106559,3666,198701,5195,256608,5737,298829,6868,184765,4248,90886,4049,74611,3249,66877,3251,3070595,10810,2844814,11198,223879,6884,4562954,3541,165200,738,743,6,2288362,8293,1539778,10829,748584,9486,748584,9486,61331,3932,43816,3270,63663,3350,174909,6255,3854170,3348,1112713,13478,259585,6612,386784,7923,688002,10211,255462,6448,61488,3072,41201,2817,5726398,NA,38.8,0.1,179576,1777,84078,1595,54244,2333,5660677,3351,4849945,15530,506051,14181,187686,8167,99192,6959
2012,56,Wyoming,54901,1491,27813,827,561445,1473,71019,6087,11545,1618,12717,1745,11815,1620,11286,1618,10908,1504,11614,1711,10524,1518,10766,1499,10013,1564,19503,1962,23561,2523,32828,2396,20047,1987,10858,1820,10098,1435,5430,1122,308503,4136,288852,4610,17113,2195,453994,1417,187400,4259,742,18,223513,2812,154329,3897,69184,3701,69184,3701,5974,1259,4042,995,5055,1051,11780,1830,380942,1968,95341,4929,33188,2699,38055,2808,64409,4017,20963,1812,4466,1088,4440,1390,576412,NA,36.9,0.3,19401,935,8188,1185,5781,826,569734,1083,459226,7512,62923,6045,14401,2770,31149,3430
2012,72,Puerto Rico,19429,325,10914,181,3633892,1704,1632533,27010,366044,8403,143490,5027,136008,6019,105126,4283,84211,4894,70927,4325,60513,3802,51967,3435,41790,3151,57800,4788,57860,3344,43747,3026,18450,2077,8487,1221,10535,1751,6739,1341,1325294,12744,1094779,12433,229733,8796,2924775,3112,127300,1500,448,8,1263694,9111,877877,8341,385817,7079,385817,7079,19277,2331,13881,2049,19824,2173,66118,3581,2432137,2810,583325,11631,39171,3163,219146,6924,428778,9494,113029,5102,27517,2777,19781,2283,3667084,NA,37.8,0.2,108250,1936,59087,2192,35782,2583,NA,NA,NA,NA,NA,NA,NA,NA,NA,NA
2013,28,Mississippi,37963,1029,20156,323,2893768,2850,695915,21951,130814,6381,93827,4707,79283,4207,71589,4581,69462,4143,61563,4345,55088,3827,54598,3748,47554,3473,89865,5695,98755,4360,102334,5541,59797,4369,28219,2368,27471,2608,20783,1953,1347122,11541,1196784,12502,141506,6887,2333076,3757,97500,2025,708,10,1091002,7807,733101,8509,357901,8808,357901,8808,24804,2648,17916,2312,30822,2847,82312,6213,1931054,4841,478850,10106,113397,4859,162584,7478,248488,6160,104166,5739,23099,2544,17653,2320,2991207,NA,36.6,0.2,98164,2702,52987,3795,31103,2169,2957797,3020,2531410,17190,240237,13933,110745,9462,68588,7223
2013,29,Missouri,46931,427,25384,245,5861009,3082,931066,25159,190739,6240,142671,4964,136825,5707,145425,5635,130406,4828,137998,5526,124884,5676,127904,5369,103279,5020,206318,6758,245297,7175,268478,7081,162277,5314,85609,4494,83727,4276,71016,3686,3055187,14196,2808535,14504,226716,8611,4798628,4443,133200,1313,734,6,2362853,9949,1582412,10949,780441,10077,780441,10077,61650,4378,46516,3299,65252,4721,175078,7030,4047283,4974,1081768,15111,291992,7561,305928,8297,685991,11085,293327,7690,63486,4086,48201,3764,6044171,NA,38.1,0.2,193237,2091,81484,2764,65348,2906,5973448,3901,5015609,20692,518756,18005,260376,10299,159936,8247
2013,30,Montana,46972,1140,26054,594,990603,976,163637,9336,31743,2816,26612,2702,23449,1915,27461,2547,21685,2006,24538,2522,18534,1741,21642,2265,18217,1686,34893,2514,45065,3151,44491,2584,30157,2659,13357,1705,11804,1470,12640,1584,520022,6338,482603,6120,33601,2563,815994,2198,190100,3443,690,18,406288,3840,271719,4579,134569,4196,134569,4196,10598,1722,6073,1224,8684,1533,31777,2806,689169,2550,171036,5188,51044,3337,58287,3045,135518,4735,44501,3081,12062,1314,7707,1330,1015165,NA,39.6,0.4,30671,1072,14943,1198,13738,1524,1003013,1606,827494,8870,94026,7462,36161,4465,40035,4850
2013,31,Nebraska,51440,493,27093,394,1815565,1350,239433,11539,44429,3012,38358,2444,36276,2177,43163,3218,38839,2828,39576,2925,36719,2918,37884,2479,37146,2635,65659,3489,81846,3515,90962,3324,58694,2808,30736,2188,25325,1663,24967,1861,1016783,6296,965779,6495,46652,3361,1455098,2446,132700,1497,714,10,730579,4441,482452,6278,248127,5506,248127,5506,18643,2206,14199,1749,18937,2141,50774,2864,1215208,2731,288248,6085,92705,3752,119325,4176,238160,6655,81414,3975,22745,1898,14473,1550,1868516,NA,36.3,0.2,64596,1420,28044,1656,19067,1502,1842900,1874,1546788,11720,169345,8820,72362,5658,45854,4131
2013,32,Nevada,51230,589,25918,459,2750476,2092,433576,18630,69318,4111,48733,3084,52674,4159,55964,3713,55843,3249,54584,4253,51367,3855,54413,3932,44410,3400,91398,5076,111804,5386,118173,5080,76672,4722,45937,3152,38943,3149,32338,2610,1425069,10124,1262730,12070,155437,6689,2205776,2448,165300,1527,952,11,1002571,7173,544455,7251,458116,7272,458116,7272,36683,3071,31529,3257,42884,3424,102711,4626,1872884,2496,455188,10159,136846,4740,152516,7155,282283,8547,97337,4542,27801,2817,14679,1624,2790136,NA,37.1,0.2,90529,954,34915,1477,30251,2197,2757365,2854,2166730,21632,418554,17878,28926,4943,126583,10558
2013,33,New Hampshire,64230,1347,33269,632,1281181,1408,111495,9003,25077,2618,20775,2612,20625,1918,24073,2227,21491,2363,21336,2049,21810,2164,24247,2357,21360,2677,39936,3055,60277,3205,73795,3953,53239,3156,32015,2114,31634,2459,27556,2592,740291,6927,694508,7769,44644,3608,1087554,1894,233300,3012,995,20,519246,4617,364255,5925,154991,5597,154991,5597,14394,2135,8251,1617,13306,2097,34268,3541,924568,2334,232141,7697,57182,3896,87766,4492,202495,5422,87955,4209,15513,2033,13482,1800,1323459,NA,42.3,0.3,32816,903,19770,972,16884,1367,1310978,1470,1128583,9242,100912,7678,30288,3503,44867,3945
2013,34,New Jersey,70165,546,35728,278,8721010,3187,998549,28143,180114,7033,130770,4615,133740,6312,133486,5703,118900,5444,122819,5241,121039,5315,113705,4573,110435,5699,219594,7069,294342,7360,398273,8392,315824,7928,214840,6303,260456,7175,307802,6763,4684500,16732,4252626,20357,424406,11235,7113632,4751,307700,2087,1171,8,3176139,9966,2034223,13473,1141916,14360,1141916,14360,94061,4961,72469,4843,97419,4911,319293,9449,6086705,2295,1588693,20486,304286,9359,390906,11353,1374616,16465,615250,12978,146050,5442,89953,4373,8899339,NA,39.4,0.2,270410,1533,117980,2196,90118,3522,8803679,4536,7941559,23812,467555,19965,199693,10990,136907,7795
2013,35,New Mexico,43872,950,23334,347,2045402,1557,448461,14432,76050,4793,51075,2996,48807,3904,50889,3459,40587,3070,41648,3357,35638,3185,39159,2631,31426,2862,57584,3589,72815,3956,82342,3994,49325,3370,27329,2499,27462,2974,21371,1749,968375,9566,872487,9827,88129,5511,1632274,3360,159200,1877,772,16,753507,6087,511693,7543,241814,6643,241814,6643,17961,2408,14627,2198,20998,2611,57672,3773,1361846,3028,300111,8522,77921,4433,105811,4478,204226,6772,110651,4152,20788,2259,23703,1797,2085287,NA,36.9,0.2,70740,1755,34486,2472,22733,2062,2059689,2429,1764969,11546,176755,9461,47753,5751,56808,5205
2013,36,New York,57369,431,32514,275,19133973,5745,3055645,41913,583048,12748,380615,10116,365961,8359,354461,10614,325781,9598,337071,9557,300144,8062,299478,9800,255237,8595,516107,11049,665568,11519,846671,14118,625871,8659,386985,10471,446677,10353,529681,11085,10109214,30440,9213552,31058,872645,19039,15908545,6464,277600,1908,1109,6,7219356,14194,3873299,19890,3346057,18812,3346057,18812,285205,8969,201064,7543,283009,8386,930919,17108,13419310,4258,3086672,27644,600689,11076,1157285,17006,2589891,22765,1435339,18690,352739,10108,195909,6958,19651127,NA,38.2,0.1,599290,2256,276822,2453,194017,5550,19431954,5997,17297785,33907,1227281,29455,487877,15671,272066,11081
2013,37,North Carolina,45906,424,25377,210,9588277,3839,1715397,30951,314399,8610,229511,6534,229997,7961,233142,8122,224019,7270,222034,7758,198246,7089,192135,7387,174411,6747,314485,8263,363952,10602,415835,9644,248263,7248,128655,4630,134823,4720,133573,5511,4910945,18059,4355481,20357,465380,11303,7810152,7129,154300,1116,778,5,3757480,13443,2414717,16856,1342763,14344,1342763,14344,110710,5587,85471,4654,117514,6333,292544,8752,6568110,7131,1447342,18384,423008,10269,574725,10836,1211484,17891,468270,8431,98672,5228,86563,4223,9848060,NA,37.9,0.1,307346,4091,143931,3989,105454,4237,9737365,5593,8233641,32920,818089,25908,358262,15234,275922,11861
2013,38,North Dakota,55759,1452,30855,726,698199,719,82398,5117,20189,1897,14362,1691,11768,1286,16158,1952,15376,1529,16175,1707,12942,1606,15791,2017,11841,1412,23246,2404,30574,2153,43860,2628,26449,2104,13610,1510,13479,1452,12478,1417,406511,4328,390647,4139,10399,1391,578011,1849,155400,2593,690,17,298298,2835,193389,3714,104909,3874,104909,3874,7979,1443,5966,1158,7161,1559,19343,2007,467815,2339,111666,4026,28851,2339,64445,3672,93470,4167,23965,2299,5248,979,4255,949,723393,NA,35.5,0.2,24312,1097,11688,1257,7181,913,714804,1226,593677,6918,54895,5306,24049,2814,38908,4434
2013,39,Ohio,48081,406,26354,194,11248753,4641,1796942,35664,384453,9535,257856,7974,263374,7131,274745,7779,251421,7274,259312,8953,230926,6368,228161,6812,202971,7006,372305,8347,465106,10458,535749,12000,333254,8069,185745,6783,168572,4919,150795,5028,5828751,21815,5347801,23450,473028,12305,9226076,5467,127000,878,709,4,4564745,13440,3015795,17826,1548950,14954,1548950,14954,120794,5361,88260,4536,122490,5873,358882,9222,7805254,4865,2362627,23808,528409,9869,639633,11834,1279678,16622,552339,10482,126124,4699,82425,3899,11570808,NA,39.3,0.1,354606,2279,165224,2345,127803,4353,11439593,5197,9748676,32878,1078734,27832,379771,14978,185749,11791
2013,40,Oklahoma,45690,534,24284,270,3735207,2100,626906,13621,118598,4344,88500,3370,87261,3668,90068,3227,82858,3765,88191,4063,81102,3643,77181,3938,65388,3252,119385,4194,154203,4781,160497,4557,99721,3788,49335,2770,43691,2428,41298,2714,1848685,9102,1716784,9781,113878,4949,3000625,2835,116500,1221,705,7,1447277,6526,948540,8048,498737,8276,498737,8276,39105,2687,28068,2658,34806,2793,99316,4301,2506437,3340,684772,9268,173230,5428,179720,5110,402956,7644,136617,4466,33344,2524,23544,2252,3850568,NA,36.2,0.1,133409,1462,58310,2501,38901,2188,3801521,2431,3131192,15909,376765,14678,168781,8950,109255,7388
2013,41,Oregon,50251,532,27048,333,3852871,2320,642138,19715,115720,5849,83647,4363,83942,5005,88322,4376,81921,4940,83932,5427,77306,4480,74584,4934,68733,4195,119206,5051,162706,5222,188849,6825,119262,4562,64925,3645,56854,3386,53890,3922,1968751,12152,1785619,12787,181042,8584,3168981,3733,229700,2186,887,8,1523799,7789,926930,9344,596869,8290,596869,8290,47154,3576,39335,3068,58541,4437,154748,5463,2704043,3877,529879,9971,228084,7255,228207,6389,521031,10902,218084,7025,51075,3423,40930,3144,3930065,NA,39.1,0.2,118455,2172,53379,2495,48196,2883,3888216,3139,3154813,21706,417300,17381,154172,10004,143841,11050
2013,42,Pennsylvania,52007,256,28647,173,12353256,3882,1690405,39229,355885,9634,271582,6791,273257,7204,266710,6668,253644,6662,262475,7377,234884,7223,232906,7761,209477,6291,407465,7687,502764,10232,603286,10022,395525,7214,227386,6497,223993,5737,217655,5469,6531412,20316,5987761,21619,539153,12376,10376527,5665,164200,823,828,5,4938894,14403,3405170,15735,1533724,16437,1533724,16437,123936,5794,83018,4384,119583,6097,380242,11677,8809510,4338,2852262,19868,475034,11786,692226,12978,1540228,15698,703617,12319,162375,5685,120954,5006,12773801,NA,40.6,0.1,364579,1886,186625,2389,144856,5353,12639493,5012,11113742,26981,916182,22735,324391,10410,224280,10969
2013,44,Rhode Island,55902,1902,30748,836,1010827,1740,144446,9182,31173,2942,21727,2463,22209,2687,19081,1969,20302,2510,18018,2163,16628,2249,17257,1768,16949,2189,29844,2358,39687,2789,53141,3654,34117,2574,21363,2030,25606,2117,19264,1843,570382,6951,515340,7901,52282,3667,866805,1645,232300,4094,918,16,406366,4030,245409,4846,160957,5516,160957,5516,14160,2043,9731,1821,15470,2226,39914,3006,719956,1594,162950,6172,38788,3065,59867,4453,142598,5504,62198,4049,16411,1957,11908,1992,1051511,NA,39.9,0.3,27867,658,16754,720,12299,1170,1040986,1700,905093,9118,75924,7155,18205,2827,34108,3955
2013,45,South Carolina,44163,659,23687,279,4631801,2952,860380,21666,170464,5406,113556,5526,111637,6307,114531,4253,109098,4375,109684,4705,94142,5363,85816,5392,81183,4122,141309,5807,180375,6772,198462,6843,121930,6094,60462,3531,55736,4002,46604,3283,2324196,14130,2080718,15739,217153,8549,3812758,4302,139200,1810,766,9,1794989,10191,1223614,11969,571375,10442,571375,10442,46375,4167,35396,3653,47452,3847,129077,5669,3198816,4319,795318,13554,190222,7442,284604,8265,529944,11097,223844,8133,43686,3167,37068,3639,4774839,NA,38.6,0.2,149540,3106,75146,3893,54804,3514,4720602,3292,4000306,23018,393038,18900,144024,8798,166047,11725
2013,46,South Dakota,48947,1091,25860,535,815049,1215,115454,6396,21013,2271,18765,1619,16985,1674,17607,1953,20568,1932,18219,1782,19270,2176,20865,2235,15657,1832,30238,2277,36296,2709,42096,2942,22482,2128,10793,1205,8393,1169,12159,1345,452420,4775,431256,5106,18111,1955,656877,1822,138400,3031,637,17,331406,2992,222809,3636,108597,3718,108597,3718,9700,1664,5271,1134,7447,1300,17143,2031,550959,1914,147676,4809,34979,2812,62856,3973,104240,4207,29835,2078,6862,1239,5369,1065,844877,NA,36.6,0.3,30382,1095,12848,1351,9363,953,832703,1252,691659,7143,72038,4994,36675,4130,30042,3368
2013,47,Tennessee,44297,501,24678,259,6335295,3095,1126772,24666,219679,7913,156566,6035,159935,5104,160474,6645,153400,6072,141192,6687,133046,4753,136068,5805,109624,4756,203832,6495,253578,6068,268906,7676,156676,6229,83162,4228,77586,4664,76525,3576,3174580,18713,2881431,18741,275941,10358,5168275,4334,140300,1110,748,7,2490249,12758,1652976,14369,837273,12275,837273,12275,70779,5080,49671,3780,66881,5029,186238,7810,4370035,5497,1159044,14403,277371,8896,291304,9468,681475,13633,274942,8038,70763,4115,55193,3687,6495978,NA,38.5,0.2,205241,3705,88824,3241,70034,3166,6419226,4130,5429144,23649,588373,18076,190956,9934,186525,10529
2013,48,Texas,51704,238,26327,146,25834229,6476,4530039,65158,678655,13423,473539,10685,496007,12927,511049,13910,470326,11070,483751,12015,441585,12138,445860,12566,388841,9525,723879,13315,898001,15034,1034972,17566,733229,14337,424070,10809,446825,10948,460264,10252,13080899,34429,12074980,34059,917139,17435,20168039,9709,132000,792,857,4,9110853,20640,5634317,28687,3476536,24237,3476536,24237,291403,9202,211333,7830,295642,9149,736977,14889,16673656,9772,3422208,36892,1037530,16820,1090662,20041,3044921,30141,1123846,20208,251403,7882,171981,7532,26448193,NA,34,0.1,982796,5019,394793,6258,225285,6263,26087349,7700,21658382,58836,2619295,44513,1076270,29270,548034,19346
2013,50,Vermont,52578,1561,29136,858,602538,524,74058,5273,15806,1949,16774,1774,13319,1585,13049,1372,12567,1464,13989,1572,11397,1367,11367,1462,10717,1196,22421,1884,26125,1872,34531,2453,20262,1642,9772,1166,11459,1266,9679,1197,342858,3831,322899,4274,19796,1837,518747,1230,218300,3848,865,19,253234,2792,179791,3471,73443,3385,73443,3385,7192,1312,5049,1031,5667,1159,19052,1836,436174,1273,115073,3348,21895,2066,35878,2406,93427,3668,44210,2578,10266,1387,7914,1109,626630,NA,42.5,0.3,16115,681,10217,940,8485,996,621256,831,542002,5677,41489,4651,12195,1898,23180,2623
2013,49,Utah,59770,762,24250,270,2851587,2386,361181,15958,44714,3456,36549,2710,36243,2705,43187,3133,38895,2860,43592,2992,39721,3088,45078,3134,41336,3224,81899,4316,104219,4367,138458,4323,82320,3852,46948,3210,39455,2527,36861,2496,1409444,11224,1327452,11547,77882,4320,2096758,2924,211400,1997,881,12,899475,5032,622572,6557,276903,6549,276903,6549,23527,2387,16967,1931,23425,2812,56711,3728,1670449,2313,333172,8911,132527,5181,159320,5435,348502,7306,123296,4743,26895,2113,24802,2138,2900872,NA,30.2,0.1,129994,1467,44365,1535,21665,1882,2854667,2542,2361079,14278,290689,11977,86839,7461,97869,8768
2013,51,Virginia,62666,665,33145,231,8010544,3323,938733,25914,180412,6113,128978,4881,133933,5040,125903,5632,133308,5532,134841,5860,127740,5447,134518,5199,121139,5572,236740,8050,304550,7730,381759,10342,283204,8246,180009,6313,210855,6310,237974,6372,4371554,18979,3986665,21243,282457,8981,6601767,5099,239300,1767,1086,10,3055863,11608,2005192,18287,1050671,14360,1050671,14360,87367,5083,66368,4333,89313,4922,236480,7673,5561224,7095,1161523,18351,328196,8826,405760,9205,1172309,14765,614517,11379,129618,5781,93891,5247,8260405,NA,37.6,0.1,258730,3260,122639,4927,87654,3633,8163664,5516,6874626,28924,547272,20198,415087,15900,266348,12779
2013,53,Washington,58405,671,30672,283,6836262,3828,967282,26419,177391,6408,115255,5417,114471,5917,130965,5752,114234,5801,132589,5806,115315,5257,120021,6043,108431,4711,219044,7579,273021,8660,344734,9410,238541,7654,150383,7066,152159,5498,138003,4872,3556019,17121,3229431,17677,277682,8107,5550461,5138,250800,2352,989,8,2644557,11069,1638028,14592,1006529,13006,1006529,13006,88421,4896,70345,5121,93932,5197,230205,6974,4706104,3749,903852,15798,355802,9928,449430,10480,984473,14204,393851,9518,95103,5184,67041,4009,6971406,NA,37.4,0.1,224009,2153,88354,1872,75311,3549,6888552,4605,5700703,29511,733225,23529,194142,10623,208215,12437
2013,54,West Virginia,41253,746,23159,440,1798266,1983,332347,12755,77423,3723,50702,3329,50909,3113,55121,3840,43442,3100,41362,3191,39594,2757,37796,2852,34312,3046,59756,3647,69395,3747,77537,3974,44240,2940,22466,2322,18835,1903,15763,1903,823276,9325,752310,9863,69927,4348,1512727,2370,103200,2095,620,11,738653,5969,534266,6150,204387,5459,204387,5459,12919,1714,7928,1369,12929,1465,44662,3523,1294025,2321,438318,8726,77190,4102,87697,4879,146732,6271,70945,4169,17164,2332,10114,1462,1854304,NA,41.7,0.2,53025,1578,27489,1585,25022,2002,1837863,1643,1621269,9601,116913,6444,44766,4604,51957,4368
2013,55,Wisconsin,51467,370,27448,215,5593197,2530,755551,17896,144140,5985,125008,4663,121335,4451,128347,4277,123945,4913,131026,4773,113788,3755,113995,4078,106111,4799,196691,5902,253204,6221,295721,5863,190016,5310,94956,3926,82315,3689,68826,3123,3074819,13157,2873231,15153,199318,5919,4585045,3929,163000,793,758,6,2289424,8727,1537926,9764,751498,11325,751498,11325,59763,4152,43621,3004,62098,3635,167504,6711,3879291,3548,1104482,12241,263182,7061,389016,8831,711851,11741,262821,6325,60906,3174,39053,2907,5742713,NA,39,0.2,176332,1805,81353,1488,63273,2666,5681024,3027,4872672,19472,496687,17900,191901,9198,100846,7050
2013,56,Wyoming,58752,1796,28889,772,569307,563,62039,5844,11275,1708,11428,1643,9258,1516,12343,1972,10823,1858,11352,1574,10109,1717,8710,1422,11266,1493,17332,1744,26928,2077,31061,2405,23311,2010,10654,1579,10403,1571,7750,1453,313521,4195,295192,4132,15775,1968,458613,1874,195500,3744,780,24,224003,3223,154699,3888,69304,3544,69304,3544,5126,1204,4416,952,5548,1337,10834,1803,383914,2217,90150,4190,33570,2701,41261,3072,68225,3663,22938,2277,5025,1166,5815,1188,582658,NA,36.6,0.4,19765,1074,6827,1100,8205,904,575933,1244,469511,7193,56891,5429,20014,3310,27584,3195
2013,72,Puerto Rico,19183,313,11208,205,3581841,2112,1626879,25081,367080,7916,148683,5920,130258,5441,105044,5029,80210,4105,73524,4536,55373,3265,49026,3455,36967,3788,58504,4322,53838,3331,44695,3355,21755,2284,10788,1849,9511,1558,8434,1372,1302041,11073,1065584,11160,235338,8388,2905959,2919,119900,1459,448,11,1253690,9187,865343,7669,388347,9229,388347,9229,20081,2176,14782,1853,20063,2140,69317,3683,2417418,2932,590396,11325,40986,3529,233730,8043,416877,11361,112725,6096,32498,2926,22969,2747,3615086,NA,38.6,0.2,104371,2416,59519,2799,36611,2440,NA,NA,NA,NA,NA,NA,NA,NA,NA,NA
2013,01,Alabama,42849,641,23384,260,4716105,2548,883371,20758,188322,6092,124246,5318,116335,5939,118343,4707,105512,5009,103982,5660,94519,4956,93512,4057,79699,4890,145128,6230,175266,6973,190585,6178,121370,5629,61634,3482,57086,3151,46900,3297,2236592,15619,2010934,16887,214268,8755,3845555,4919,122700,1437,694,7,1822439,11200,1240017,12974,582422,10924,582422,10924,48805,4183,29362,2861,45686,3281,129822,5480,3225447,5448,824476,14489,193365,6974,258110,8627,476016,11067,202435,6985,44899,3190,33603,2776,4833722,NA,38.3,0.2,147308,2684,71410,3448,52158,3170,4781296,3371,4067683,20967,437486,16645,157097,8661,104102,7789
2013,02,Alaska,72237,1892,32474,804,718359,1166,67016,4778,8022,1323,9127,1237,8107,1125,9896,1513,7313,1320,9387,1343,10709,1648,10306,1536,8161,1238,17874,2044,28724,2570,36870,2511,26893,2344,21224,2327,18679,2323,14723,1911,402842,5059,352822,5552,33687,2918,565724,1639,254000,5594,1117,25,246015,2720,156107,3268,89908,3375,89908,3375,8445,1506,5728,1401,6196,1025,15454,1881,462659,1764,106234,4185,32801,2520,38486,3052,84038,4340,32966,2693,7246,1078,5163,1249,735132,NA,33.1,0.3,27429,1035,13616,1630,7536,1098,725193,1551,583799,9191,80919,7810,19034,3150,34360,4808
2013,04,Arizona,48510,587,25164,272,6477191,3417,1206460,32132,188964,6724,131175,6768,133720,5156,148606,5255,132768,6047,135691,6700,124341,6143,128380,5775,105134,5427,200115,7542,241132,6894,277077,7089,177977,6566,96145,4316,95582,4004,84002,4667,3079823,14693,2791546,16636,273610,8895,5191686,4130,166000,1245,890,8,2400809,11557,1490031,12319,910778,13688,910778,13688,72373,5185,56605,4103,76765,4700,211436,8089,4344737,3583,902311,12744,320720,8712,374877,10980,741982,11809,319970,9832,72087,4454,54402,3727,6626624,NA,36.8,0.1,221365,1209,94334,1774,73124,3503,6543362,4567,5321158,29468,817002,24944,124345,9072,236146,10894
2013,05,Arkansas,40511,710,21927,327,2873340,3117,565469,16418,108099,4771,82649,4382,83652,3999,77406,4299,70680,4382,70931,4692,62916,4134,59219,3742,53339,4007,92486,5441,105041,4998,109451,4891,63871,3768,32673,2691,28617,2518,24869,2021,1355262,12002,1241828,12352,109317,5200,2325168,3559,109500,1726,659,8,1125899,6925,739987,8706,385912,7213,385912,7213,30503,2753,23014,2487,28942,2670,80467,4316,1960503,4652,570932,10434,130892,5430,119812,5503,262755,8175,101291,5065,23117,2473,16774,1867,2959373,NA,37.8,0.2,100903,2408,42950,2787,33028,2575,2923642,3216,2475807,16481,264994,12601,102843,7925,70621,8082
2013,06,California,60190,255,29513,121,37593091,8648,6328824,64631,787348,14189,660911,13770,613266,12145,623813,11905,574180,11103,580199,14131,535785,10135,529795,12065,485867,11166,912734,14929,1208211,18277,1511289,20638,1125929,15266,702554,13617,828664,12737,970047,15177,19176953,35942,17132696,40053,1913490,22188,30209117,10041,373100,1591,1224,4,12650592,16944,6804639,28833,5845953,25919,5845953,25919,520669,11333,407291,9960,575995,12407,1660404,19366,25147232,5443,4660364,37031,1458165,18766,1980401,23011,4905468,31636,1935122,20141,583878,12926,381266,10031,38332521,NA,35.7,0.1,1278807,2755,563832,3029,354925,7029,37873189,9076,32197933,60116,3825262,58143,1073069,24084,485477,17797
2013,08,Colorado,58823,808,31421,362,5151461,2077,667446,21463,119722,6045,83141,4301,89739,4798,100427,5016,101631,4593,100137,5054,88337,4325,91619,3797,83971,4600,156867,5215,207946,6904,264469,7921,179342,6070,108252,5075,118349,4171,108851,4157,2824234,14024,2593798,15783,195693,7597,4154394,4759,240500,1603,971,10,2002800,8550,1291945,10661,710855,11436,710855,11436,67787,4653,43212,3300,63849,4708,173325,5911,3514235,4596,623953,12159,220290,6278,291173,7133,837913,11378,355393,8389,74424,4085,60551,3349,5268367,NA,36.4,0.2,172218,2580,77096,2462,54975,2407,5206012,3835,4186643,26465,523267,23311,255253,11338,206543,11855
2013,10,Delaware,57846,1876,29484,656,900322,1123,111327,9589,20918,2301,13713,1755,16188,2022,14610,1703,16745,2227,17223,2111,14605,1675,15549,1961,15875,2041,28797,2547,38167,2517,43554,2819,28307,2969,18525,1812,19799,1769,16496,1665,473386,5490,430247,5961,40461,3352,742125,1353,226200,3792,999,21,339071,3144,243047,3975,96024,4093,96024,4093,7446,1316,8081,1826,8105,1665,21230,2344,629730,1121,175148,5961,38700,3063,48277,3571,108075,5152,57865,3086,11174,1316,10271,1342,925749,NA,39.1,0.3,28729,338,11872,683,9810,1023,914025,1666,791278,8053,72316,6212,9047,1808,36790,3896
2013,11,District of Columbia,67572,3383,45477,1236,611788,780,115551,7400,29650,2494,11905,1700,10882,1903,9240,1490,8069,1522,10681,1675,8471,1406,8852,1706,7993,1539,19176,2268,21222,2258,28275,2441,24033,2087,18141,1683,22345,2357,32716,2301,375082,4898,333111,4763,38858,3172,545434,907,470500,13384,1307,39,271651,3228,110513,3814,161138,4370,161138,4370,15411,1750,7775,1626,11864,1758,40212,3041,453014,428,72608,3437,15746,1812,13818,2165,102958,5690,88292,4529,40345,2954,18011,1945,646449,NA,33.8,0.2,20822,3,10236,1445,4305,705,636535,1515,509958,6417,68917,5785,0,203,46571,3601
2013,09,Connecticut,67098,1058,37726,552,3485353,2242,373900,14722,78797,4259,53104,3937,56633,4235,62602,3868,48624,3810,56753,4254,49601,3604,51461,3790,46856,3178,99292,4578,125844,5740,168060,4820,129500,5406,87914,4617,100483,5219,124336,4672,1959836,10871,1771141,10471,180553,7433,2908882,2529,267000,2517,1040,14,1339860,7005,888478,8542,451382,9182,451382,9182,38503,2943,28207,2628,41424,3311,114521,5718,2465315,2243,596039,11210,134044,5368,184109,6748,508487,10447,300673,8132,68737,3906,39557,2876,3596080,NA,40.5,0.2,96985,987,55229,1189,36803,2479,3562959,2829,3127421,14790,256086,11811,69809,4939,88351,6859
2013,12,Florida,46036,310,25834,159,19129950,7199,3253333,61090,593608,14803,423408,11523,427416,12054,458363,12334,420587,10322,426891,11449,393833,10662,388487,11288,317942,8738,606350,11274,703283,14232,774887,15969,489331,11100,251324,8323,253241,7155,282633,7939,9422271,30184,8459990,34236,909274,18782,15996701,8104,153300,1013,972,4,7211584,26752,4672482,24352,2539102,20898,2539102,20898,226331,9191,172026,8823,258644,9232,699766,14646,13726996,7120,3461436,30974,877232,15750,1300616,20246,2409162,26123,902539,18474,274082,9206,148392,6166,19552860,NA,41.5,0.1,549923,3628,254781,4318,237728,5327,19345059,7799,16199361,50810,1844378,37626,597741,22637,529406,20819
2013,13,Georgia,47829,628,24923,219,9720914,4997,1843768,35778,325705,10028,202120,6958,204407,8025,205235,7241,191763,7367,201025,7780,177504,6918,173940,7990,146336,7025,289927,8474,339930,8638,407155,10825,257401,8575,141185,5119,144155,6303,139177,4982,4892917,25266,4347839,24667,498751,14248,7779840,6627,141600,1369,850,6,3546965,15286,2222377,19196,1324588,15205,1324588,15205,111532,6458,86854,5417,118434,6277,315831,8871,6472172,9373,1528378,20476,370230,11573,477132,12046,1149847,17473,481823,10662,124458,5596,76991,4343,9992167,NA,35.9,0.2,333027,4165,156013,4799,93451,4614,9870319,5843,8256209,33041,860579,30933,419022,15753,278972,14820
2013,16,Idaho,46783,930,22652,499,1582911,1262,246550,15129,43379,3779,31835,2969,31009,3169,35583,3326,35720,2867,37512,3205,31775,2883,35179,2736,30866,2515,52590,3864,67105,4390,71148,3817,35534,3342,18076,1954,16646,1964,14532,2045,768417,8294,710293,9330,55466,4473,1229288,2596,159000,1976,725,12,588489,5467,408174,6844,180315,6715,180315,6715,13535,2397,10704,1996,15304,2450,38119,3254,1026889,2721,229258,8024,86573,4642,93044,4456,185216,7698,59491,3939,14847,2270,9852,1590,1612136,NA,35.7,0.2,58925,1852,21024,1418,18064,1768,1592596,2295,1317235,16033,149555,12432,55863,6254,61592,6754
2013,15,Hawaii,68020,1523,29577,558,1367662,1488,148368,10323,25727,2963,15492,1724,15600,2333,20686,2631,16768,1880,17974,2192,16497,1781,19342,2024,14231,1441,34971,3231,50031,3493,60056,3475,50267,3396,30955,2387,31969,2472,29554,2225,730827,6153,643571,7883,41614,3154,1128541,1830,500000,10229,1414,32,450120,4406,252999,3913,197121,5311,197121,5311,17672,2118,16045,2457,18199,1901,48203,3419,959903,1286,242657,7208,57035,3914,100056,5524,199229,6192,66047,3985,19326,1675,14649,1906,1404054,NA,38.1,0.2,46970,825,16731,805,15723,1385,1387361,1759,1177733,11169,129316,10267,6544,1801,58083,6288
2013,17,Illinois,56210,403,29856,223,12576680,3928,1845393,34145,368440,8507,223964,6837,238044,7150,237280,6908,228093,7315,235686,6960,214638,7048,218103,7335,188420,6576,358570,9062,495482,10588,595442,10841,409531,9379,249604,6578,253674,7203,268450,6686,6728373,20672,6074089,20530,638222,12593,10205949,5626,169600,914,885,5,4783421,13914,3154027,17254,1629394,15616,1629394,15616,130776,6312,90102,5017,131324,5170,393692,10057,8593665,4092,2007048,22226,565936,10515,654943,12019,1698605,18895,776179,14207,179096,6658,106222,5619,12882135,NA,37.2,0.1,408852,2668,183818,2791,123872,3939,12740816,5630,11036387,35854,1097843,32595,314016,12664,223605,12110
2013,18,Indiana,47529,516,24796,257,6367890,3100,1015127,24249,198810,5035,137869,5531,143634,5966,149936,5402,144029,6136,143998,5260,132451,5374,133545,4926,119878,5775,207977,7434,267626,8019,306804,7747,179206,6599,92777,3550,73718,3380,66137,3794,3285290,15832,3025786,15743,257007,8284,5158420,4053,122200,844,730,6,2498395,10688,1712020,11961,786375,11440,786375,11440,65397,4625,47968,3591,59994,3768,182355,6239,4312892,5742,1256522,12047,294942,8954,352907,10069,655276,11008,273795,7585,55337,3716,42811,3142,6570902,NA,37.3,0.1,218387,2421,94876,2743,69274,3338,6492306,4236,5499346,22908,600170,21012,235519,11582,133508,10617
2013,19,Iowa,52229,533,27740,333,2991670,1604,379127,13393,79286,4469,63335,3511,61066,2751,68450,3370,61757,3562,70993,3458,64753,4007,65275,3529,53236,3447,108299,4169,138839,4220,164665,5026,99935,4003,53519,3037,43696,2788,39105,2872,1657859,8288,1576091,8695,79913,4077,2448772,3103,126900,1683,679,6,1236209,7287,875362,8231,360847,6767,360847,6767,26882,2676,18528,1841,22822,1939,74710,4364,2048270,3843,583114,9402,152509,4698,226473,6129,370188,8829,116336,5044,29703,2662,25282,2478,3090416,NA,38,0.2,99441,2040,45774,2068,31543,1792,3053635,2290,2585189,13974,268489,11785,111781,7092,75650,5854
2013,20,Kansas,50972,609,27175,498,2811722,2188,393358,17298,78250,3774,56162,3466,53992,3367,66093,3507,62381,3706,62898,3867,55714,3005,58957,3430,50916,2949,94349,4760,117723,4874,138005,5129,88401,3699,45399,2847,45379,3392,39110,3077,1502563,9728,1399578,10271,87504,5340,2251143,2937,129700,1972,745,8,1113729,6143,735737,7229,377992,7275,377992,7275,30360,2380,21308,2501,28918,2974,75460,4266,1872445,3858,416030,9049,152041,5312,146088,4925,374418,8111,148912,4727,34607,2844,23479,2246,2893957,NA,36,0.2,102093,1530,45497,2345,28004,1763,2854869,2630,2386028,13627,272447,13153,91459,6932,89735,7639
2013,21,Kentucky,43399,650,23668,325,4266556,2510,800635,19947,171529,6220,117906,4422,112081,5811,105732,4530,95891,5131,95693,4882,85833,3988,91024,4808,77045,4227,140310,5033,169068,5567,183979,6867,111418,4616,57961,3205,44237,2943,45916,3330,2080059,11837,1894116,12461,173010,6640,3491773,4249,120900,1347,668,9,1705623,9376,1149308,10177,556315,9575,556315,9575,39014,3224,30721,2828,40112,3001,113142,4877,2953653,4433,779831,12181,194397,6674,224279,6921,392610,9774,198007,7479,48363,2885,28046,2682,4395295,NA,38.5,0.1,139905,1922,62284,2760,49705,2543,4345186,3568,3665604,20740,385884,15780,172528,11598,103207,7831
2013,22,Louisiana,44164,869,24695,334,4494989,2903,888019,24140,184282,6417,117619,5700,114382,5522,109836,5694,92408,4940,92078,5455,82806,5477,80780,4440,65652,3995,129021,6019,156407,6511,186847,6515,124996,5450,66464,3887,62572,4160,61999,3042,2201016,14599,2011783,15819,174830,7420,3635318,3786,140300,1877,763,9,1728149,9677,1140052,11811,588097,11088,588097,11088,42330,3527,30861,2601,45799,3942,148666,6941,3034973,5878,863613,14306,163229,6490,164926,5946,453347,9631,152983,6143,47098,3024,30799,3318,4625470,NA,36,0.2,152924,2357,63252,3453,46857,2956,4568320,3499,3941211,19715,358152,14042,160858,11567,91889,7792
2013,23,Maine,46974,797,26630,497,1293827,1147,180639,8805,40885,3128,35229,2657,33933,2718,32824,2443,33900,2694,31801,2381,27058,2463,26714,2163,25959,2135,46942,2651,56826,2763,65747,2989,38067,2815,17358,1557,17905,2099,16538,1697,693052,6154,643378,6579,47974,3432,1100185,2405,172800,2245,760,16,547686,5711,384237,5646,163449,5445,163449,5445,15645,2170,10895,1622,11384,1710,40235,3587,953962,1782,268512,7812,58149,3246,91720,3747,172498,5131,67663,4076,16012,1800,13015,1786,1328302,NA,44,0.2,32373,933,17520,618,18974,1504,1315753,1637,1128262,10088,111190,5812,35144,4186,36780,5886
2013,24,Maryland,72483,718,36177,300,5788159,2967,585571,19629,120858,5635,71689,4104,70517,4286,81289,5011,73393,3838,84503,4438,72161,3513,81222,4232,77637,4399,158704,5597,218084,5743,293822,6895,228555,6884,158176,5407,179258,6139,191812,5101,3250380,13778,2983367,14133,239933,8938,4739307,3530,280200,2070,1210,10,2161680,8942,1436907,10973,724773,10402,724773,10402,63252,3579,50847,3800,60706,4023,176288,6625,4018701,3457,902742,13383,249366,7403,252612,7957,814992,12896,472174,10434,118336,5842,98303,4783,5928814,NA,38.2,0.1,188011,1720,82138,2176,58579,3304,5857213,3983,5078020,22291,420181,18457,151950,8883,161525,8927
2013,25,Massachusetts,66768,715,35879,338,6456530,2610,770513,23021,165788,6503,124757,6779,113708,4322,109699,5708,94055,4564,108041,5106,89255,4715,89930,4705,83682,4573,175435,6858,236749,7569,321240,8446,247617,7589,169059,7223,197886,6526,209420,5454,3689103,17702,3398003,20562,286768,10244,5472484,3508,327200,1700,1077,11,2536321,9232,1560809,13055,975512,13094,975512,13094,86134,5144,61705,4322,78867,4785,236791,8217,4604795,2678,1053415,15457,224996,7336,355093,8780,1037415,13919,571811,10236,126812,5235,119338,5564,6692824,NA,39.4,0.2,186831,1083,103246,1925,73192,3627,6619999,3581,5724592,21615,510981,17028,189632,9386,135150,7947
2013,26,Michigan,48273,378,25918,198,9669513,4111,1648436,25647,324299,7484,216432,5976,221625,7031,219993,6754,211674,5760,216269,6038,194790,6160,190712,5535,177113,6447,311418,6872,396107,7724,450231,8304,279024,7352,155584,4606,142729,4639,124466,4510,4850235,20039,4369787,19964,476509,10802,7923212,4550,117500,793,768,6,3832466,10485,2703957,13324,1128509,11560,1128509,11560,89684,4701,63731,3954,94016,4645,296124,7492,6645295,4597,1705953,15203,501009,9637,594224,10415,1089029,12979,514299,10309,104552,4341,79507,4674,9895622,NA,39.6,0.1,293084,1776,144096,2109,110389,3905,9784094,4423,8296283,28574,904736,24274,389970,14502,144091,9108
2013,27,Minnesota,60702,432,31358,279,5292348,2336,592422,16554,119711,4191,90687,4205,96380,3723,102628,4332,94536,4638,95437,4046,92684,3609,93704,4086,86702,4002,173354,5553,234127,5883,299162,6349,205685,5071,118830,4362,113014,3829,103313,3986,2992535,10458,2828280,11413,162880,4806,4279160,3730,180100,1331,832,7,2119954,6871,1516900,9427,603054,9033,603054,9033,51728,4104,37207,3406,47964,3417,133482,6093,3629333,3663,841327,10136,246719,6962,386177,7592,813237,10418,279738,6838,75405,3291,48503,3292,5420380,NA,37.7,0.3,176882,1617,75054,1525,55894,2435,5353441,3604,4585137,18773,392050,15423,244224,9324,104825,7533
2014,01,Alabama,42830,598,23606,256,4727549,2783,910175,25515,186709,6006,127681,5317,121872,5093,121243,4485,111631,4717,102489,4513,91539,4522,90213,4188,83657,4397,141837,6186,170344,5988,193562,7102,120653,5739,68423,4401,62161,3560,47203,2502,2233463,12316,2030482,13376,190233,7184,3868747,3738,125600,1718,717,9,1841217,10615,1246080,12085,595137,11423,595137,11423,44448,3476,37525,3406,44883,2832,139168,6066,3256766,4841,847523,13509,198029,6728,256777,9532,478058,11918,201391,6586,51876,3858,33082,2843,4849377,NA,38.6,0.2,150471,2593,69481,3786,48343,2929,4791931,4065,4081522,22252,433594,16491,155617,10155,107919,8282
2014,02,Alaska,71583,1784,33062,758,717723,893,80627,6821,9813,1333,8546,1153,8165,1216,10193,1464,9709,1381,9213,1317,9601,1564,10065,1585,9144,1327,18384,1794,28079,2582,34054,2549,29608,2206,19125,1910,19989,1529,15971,1983,398899,4809,352531,5376,29164,2352,569911,1636,254500,4774,1183,29,249659,2978,156006,4250,93653,4082,93653,4082,9434,1659,5798,1271,10163,1850,18469,2031,465149,2124,108523,4395,35472,2893,38086,2849,85634,3613,33103,2734,7223,1319,4304,910,736732,NA,33.3,0.3,26766,1056,11840,1587,7148,1026,725206,1461,585916,7276,79177,6423,18181,3059,37842,4013
2014,04,Arizona,50068,483,25715,244,6573369,3679,1199061,26607,188643,7539,132579,5170,130894,5316,135420,5652,130265,5968,137663,5823,121504,5809,126910,5815,108622,5132,204459,6614,245700,7025,283298,8693,184976,6541,101762,4293,98178,4514,97870,4768,3130407,14357,2866629,19029,247005,8596,5290469,4130,176700,2036,916,9,2428743,11353,1484857,11801,943886,14175,943886,14175,76161,4470,61883,3977,78423,5320,213970,7630,4436226,2926,899108,16993,344474,8827,376649,9975,765784,13185,328400,7118,74530,4316,53578,3414,6731484,NA,36.9,0.1,221202,1437,95898,1814,71528,3411,6651964,4638,5431241,29624,802723,23953,119406,10233,249730,12340
2014,05,Arkansas,41262,653,22883,409,2882856,1835,543882,15436,98239,4798,86627,4208,75926,4332,79138,5235,71330,3843,67884,3780,68090,3595,61024,3725,51083,3371,94205,4240,104843,4788,114378,5984,67076,4020,33834,2892,29608,2505,28003,2528,1364825,11434,1269092,12369,91977,4566,2343443,3729,112500,1982,683,9,1131288,8373,744318,10448,386970,9803,386970,9803,31769,3210,24185,2934,29918,3199,75865,4405,1968414,4284,568437,10448,131244,4680,123871,6506,272411,8594,104636,5481,24531,2496,19380,2166,2966369,NA,37.8,0.2,98017,2243,43028,2447,31076,2279,2931123,2667,2464189,16201,277335,12841,105752,7406,74741,6045
2014,06,California,61933,238,30441,108,38060228,7073,6259098,64461,756518,13073,653293,11968,580490,11366,607361,11596,560566,11548,578127,12762,532267,11199,520927,11721,474230,10390,904003,13086,1206668,17561,1541329,17341,1155255,15922,752039,13331,899240,13106,1036335,11422,19406593,36297,17638152,36488,1638567,20205,30704439,9615,412700,1992,1268,5,12758648,18835,6855688,27608,5902960,28154,5902960,28154,526790,11661,415846,10623,577711,12759,1655729,17438,25654292,5461,4768478,35664,1463370,19464,2002684,22060,5120162,33972,2035257,20105,586986,13390,394265,10356,38802500,NA,36,0.1,1281073,2246,555564,2886,348635,6798,38340324,10835,32849251,61601,3568783,53411,1090301,29041,513968,18847
2014,08,Colorado,61303,487,32357,350,5237149,2559,630786,21138,122704,5760,77628,4067,82322,4602,92645,4719,90444,4917,98482,5288,92642,4928,92116,4833,85910,4249,160621,5598,214940,6274,272729,7236,189187,5573,118174,5106,128425,4767,120623,4115,2885091,12496,2699282,13014,155638,6255,4238297,3544,255200,2352,1020,12,2039592,7530,1302533,10820,737059,11315,737059,11315,67479,4616,54058,4028,63135,3940,170213,6786,3584463,3721,640470,13688,228712,6867,294629,8870,862158,12422,373532,8052,75829,3656,62693,3467,5355866,NA,36.3,0.1,173068,1743,73021,2305,56040,3142,5293943,3847,4263998,25609,504223,15887,273476,13231,218728,12727
2014,10,Delaware,59716,1674,30488,712,909611,1367,113508,7940,23305,2373,12731,1609,14353,1891,15255,1451,15140,1880,17807,1871,17947,2244,15604,1875,15760,2113,27657,2293,37183,2675,44989,2999,31261,2465,20736,2110,21823,2007,18192,2044,475685,5522,441144,5793,31847,3010,754226,1498,230500,3577,1024,27,349743,3705,245808,4425,103935,3908,103935,3908,9262,1404,6239,1159,8785,1505,23813,2505,640343,870,178275,5523,37791,2976,50787,3877,116931,5148,57035,3586,10712,1442,11203,1874,935614,NA,39.6,0.3,29254,623,14151,750,11255,1390,924770,1262,810905,7547,67894,6499,9352,1634,32166,3413
2014,11,District of Columbia,71648,1996,45877,1138,624327,573,110666,7793,31498,3276,10973,1711,9777,1779,11155,1939,9383,1551,9076,1606,6423,976,11057,1716,7319,1172,14773,1673,22097,1996,32079,2616,24954,2259,15861,1912,23599,2241,37354,2521,382575,5388,345592,5578,33594,2966,555126,827,486900,12472,1360,45,277378,3304,112492,3641,164886,4965,164886,4965,11467,1495,11854,1516,11681,1431,40052,3104,463211,347,71358,4381,16560,2313,15936,2092,112706,3634,86777,3902,36729,3003,18460,2088,658893,NA,33.8,0.2,22081,397,10006,1185,4012,836,648586,1757,513634,7913,67286,5744,0,198,56234,4603
2014,09,Connecticut,70048,828,39373,525,3485629,1870,374772,16369,81318,5209,48551,3597,60486,3307,55008,3360,56313,3794,49969,3571,50064,3656,50427,3138,48776,3512,87738,4446,129024,5354,175471,6649,126515,5312,92572,5046,107730,5231,135855,4911,1962011,9987,1798758,11166,154069,6568,2919245,2833,267200,2016,1076,13,1355817,6673,900039,8072,455778,8159,455778,8159,40021,3535,28886,2727,36067,3033,121690,5247,2471818,1977,599611,12888,133471,5345,184589,6024,527472,10861,298684,7552,71642,4244,42316,3173,3596677,NA,40.5,0.2,95994,837,52650,982,37246,2025,3558915,2621,3111779,13932,273080,10699,61127,4905,82746,8190
2014,12,Florida,47463,329,26582,165,19470210,6164,3211615,59681,576996,12973,402879,10909,433066,12287,452545,10588,429241,10490,422766,9053,386862,10664,381870,8982,334796,9404,621055,13029,721883,11705,793770,15353,522453,10988,277082,7596,275212,7919,295570,7525,9557162,32975,8738970,32696,764681,19820,16308785,7380,162700,754,1003,7,7328046,25793,4693821,26616,2634225,22450,2634225,22450,231009,10179,183018,8255,268099,8764,730624,17146,14041196,6948,3557737,30505,900683,14782,1358245,20607,2448663,26006,964916,14634,261794,9631,155131,6825,19893297,NA,41.6,0.1,546207,3504,252667,4869,226530,6549,19683763,7910,16504838,45685,1824077,35893,612542,19025,546501,21034
2014,13,Georgia,49321,543,25615,212,9823859,5286,1797969,39080,304159,9085,202149,6714,205536,7844,202220,7710,184742,6618,195366,7011,179245,7864,181994,7066,157071,6411,287189,8525,353236,10487,415022,10116,257707,7754,147895,6438,156709,6795,157281,5591,4917488,21420,4466307,22294,403398,12473,7881211,6136,147900,1494,882,7,3587521,13961,2232553,17839,1354968,15864,1354968,15864,114379,5464,88222,5741,117258,5239,323854,9643,6576408,7928,1552824,22018,372490,10473,462543,10577,1199733,17773,503513,12185,126094,5754,81260,4703,10097343,NA,36.1,0.1,332958,3782,160313,5531,91346,4162,9970167,6089,8406436,36778,765710,25707,472429,21812,274095,15049
2014,16,Idaho,47861,1275,23938,594,1603083,1505,237981,11550,41985,3924,31581,2879,33453,2924,36125,3156,32560,3204,39475,3404,30884,2818,33228,2859,27428,2154,52252,3439,65028,3980,69911,4467,39164,3300,22376,2936,17184,1876,18953,2509,773462,7304,726768,8459,42569,4206,1250127,3046,165300,2540,755,16,591587,4733,402394,6319,189193,5697,189193,5697,14205,1935,9946,1451,17778,2413,37393,3225,1045193,2587,240690,7582,96818,5130,97174,4710,175108,7366,58255,3882,16311,1951,11848,1891,1634464,NA,35.9,0.2,55741,1548,23622,1878,17452,1828,1613068,2061,1335689,14615,148695,11362,58360,6101,64633,6253
2014,15,Hawaii,69592,1456,29736,584,1379804,1532,156729,10340,25911,2647,15780,1808,16007,1987,16223,1855,16518,2204,15734,1771,16393,1888,18409,2170,17293,1765,33483,2816,51436,3186,65434,3413,50538,3157,29992,2334,33935,2614,27683,2319,741561,6789,664180,7810,37885,3392,1143931,1584,528000,10067,1448,30,450769,4870,255375,5028,195394,4468,195394,4468,17049,1731,12876,2069,19371,2023,53462,2757,974586,1323,256074,7629,55478,3480,102149,5128,200315,6801,66113,3443,22015,2148,13896,1623,1419561,NA,38.1,0.2,46224,660,17529,948,18513,1625,1401004,1966,1198766,10297,124846,8421,7128,2063,58144,5069
2014,17,Illinois,57444,429,30417,199,12571848,5001,1804535,31908,346297,7682,217931,6744,229643,7217,241668,6587,211183,6074,230830,6205,208320,5827,209869,7139,192362,6237,372299,9003,477689,10482,604874,11288,425539,7996,249505,8197,277476,8181,276936,6731,6699435,19448,6143429,21683,538437,10841,10240928,4678,171900,972,905,7,4772421,12392,3125655,15819,1646766,13919,1646766,13919,134126,5761,100734,4879,131808,6086,395984,9777,8639076,4208,1985764,22736,567622,12072,670372,10692,1737022,19299,808866,12837,178177,6267,109342,5205,12880580,NA,37.5,0.2,402735,2392,181690,2673,122446,4038,12730206,5665,11021611,32616,1090742,26711,340160,11603,209536,11110
2014,18,Indiana,49446,487,25140,219,6391460,3622,974218,25464,174912,6052,132270,5490,146990,5544,138968,6318,139796,6289,144799,5283,129502,5543,137285,5592,118678,4806,225350,6329,271811,6594,307969,7210,183332,6120,97982,4276,81608,4618,71487,3206,3323644,13812,3087270,14316,234575,8574,5192037,4727,124300,1009,753,6,2502739,10912,1716341,13216,786398,10697,786398,10697,63868,4056,46890,3621,69102,3941,176988,7187,4342916,4585,1263948,14250,288684,8295,367996,8519,682893,12042,290178,8756,55635,3594,41896,2950,6596855,NA,37.4,0.2,213824,2146,99034,2903,69349,2943,6516181,4079,5540754,26629,576965,18569,233553,12110,139846,8352
2014,19,Iowa,53712,761,28361,369,3004857,1994,367816,14237,75297,3475,62895,3745,66323,3310,66647,3059,61517,2839,63337,3044,61886,3440,66920,2997,50259,2938,109336,4218,139212,4727,167914,5220,102938,3763,55206,3606,50313,3337,41471,2416,1669164,8139,1593590,9293,73662,3833,2463632,3335,133100,1384,711,8,1241471,6257,879878,7925,361593,6809,361593,6809,28351,2079,18778,2194,26036,2326,72159,4088,2062734,3591,571438,8875,147511,5926,233906,7248,383943,7715,129844,5601,31909,2784,24730,2136,3107126,NA,38.2,0.1,99565,2018,47596,2118,31930,1661,3067872,2609,2594781,13916,266980,12098,112538,7466,79194,6405
2014,20,Kansas,52504,706,27870,362,2821431,1822,382712,13369,70606,3696,56970,3376,56667,3204,59945,3696,59287,3378,63164,3363,55264,3624,53322,3452,48229,2833,95098,3964,121909,4227,141286,4415,86484,4070,50875,2673,45797,2991,44377,2777,1491417,9922,1397854,9549,76742,4491,2259733,3545,132100,1769,773,9,1109280,6429,739168,7329,370112,6318,370112,6318,31924,2862,19643,2474,26180,1896,77764,3821,1881521,3917,419478,9831,154706,5236,153284,5349,381292,8675,156450,5231,33162,2423,22180,2286,2904021,NA,36.2,0.1,101080,1878,45417,2777,29946,2081,2866584,2600,2378716,16745,277001,14532,99238,6329,96467,7973
2014,21,Kentucky,42958,697,23684,289,4275359,3071,817542,22333,173611,6273,116903,4318,113246,5418,110333,4470,98217,4321,93984,4479,91378,4504,86819,4350,73470,4482,141884,4689,161283,5796,183824,5777,112804,4481,59641,3312,51042,3531,43655,2747,2082034,12859,1909704,13212,158108,6425,3509151,4192,123800,1330,678,6,1712094,8632,1131197,10706,580897,9542,580897,9542,44831,3570,33219,3647,43390,3073,129270,5332,2967181,5158,789610,11322,197815,6728,228473,8578,386963,8874,197252,7186,47789,3392,27697,2563,4413457,NA,38.5,0.2,142782,2100,60138,2846,48478,3171,4357819,2944,3663490,18486,398346,14450,177083,11396,104975,7798
2014,22,Louisiana,44555,738,24800,290,4518525,2673,896524,23296,177329,7114,118616,5341,107365,5644,108033,5305,95994,5452,93287,4707,80792,3864,83427,4360,72811,4961,124372,4701,152527,6860,177089,6455,126388,6482,71115,4392,67751,3657,61298,3354,2194481,13041,2018024,13487,162602,7372,3655824,4859,143600,2156,801,8,1718194,10232,1106785,10765,611409,10272,611409,10272,44778,3540,39012,3759,47418,3481,146096,6976,3060688,5183,876986,14826,164415,6318,165066,7574,463860,10327,160595,6662,47873,3343,29268,2632,4649676,NA,36.1,0.1,154893,2988,66227,3689,48207,2981,4593505,3584,3970442,20735,360705,17438,150997,9530,97814,7800
2014,23,Maine,49462,1112,27978,638,1294009,1312,182791,8933,40289,2945,36351,2982,30300,2282,30199,2469,29299,2346,34051,2602,26149,2267,26074,2361,24583,2023,48099,3237,54710,3033,70294,3367,40331,2615,21435,2091,19537,2088,18140,2156,695532,6680,653189,6948,40659,2950,1102244,1635,174800,2435,776,13,549841,5205,392139,5035,157702,5316,157702,5316,13960,2109,8164,1336,12260,1783,39177,3028,959407,1697,263085,7578,59158,3276,93426,3363,185890,5324,69374,3130,14346,1586,12171,1624,1330089,NA,44.1,0.2,31581,637,16833,725,17150,1375,1317638,1582,1138397,9455,96104,6907,38507,3944,39065,4220
2014,24,Maryland,73971,867,36338,307,5835377,3394,589818,21635,112268,4628,71318,3949,68787,3700,76380,4521,75003,3992,82465,4565,78438,4549,81351,4365,78953,3919,151333,5514,219157,8152,288306,8080,230902,6609,158172,6137,196925,6119,195680,5189,3249757,13156,2994301,14042,231268,7748,4775143,3954,288500,2240,1242,12,2165438,8230,1426748,11362,738690,10568,738690,10568,68683,4315,50995,3991,65602,3989,175253,6213,4062813,3446,917417,16344,240278,8602,265874,8477,841315,13053,489164,10095,121503,4966,101702,4928,5976407,NA,38.3,0.1,186760,1711,81878,2037,59651,2348,5911235,3586,5091903,22914,448850,15831,166751,10246,156787,9338
2014,25,Massachusetts,69160,957,37288,310,6509672,2466,757235,20233,160875,5061,127004,5297,110674,4919,108790,5473,92166,4815,102571,5498,84592,4294,89132,4691,82551,4078,170783,5923,228825,6192,315315,8135,252503,6482,179932,5718,207558,7056,236065,6008,3724788,18104,3470655,19542,249791,10561,5520206,3641,338900,2119,1107,10,2549336,9145,1570332,11411,979004,12189,979004,12189,101647,5722,61211,4075,76528,4511,228349,7164,4654351,2622,1027761,15586,218769,7448,365816,9317,1077993,16983,594755,11778,131136,5157,112845,4628,6745408,NA,39.4,0.2,187563,1241,102984,1559,68720,3027,6674907,3547,5784744,21481,491560,17619,180950,8894,146622,7649
2014,26,Michigan,49847,385,26613,163,9686787,4096,1568844,28256,298108,7531,205512,5935,218245,6720,220182,6036,207639,5979,216046,6292,191911,6110,194110,6018,170331,6075,317379,8190,396964,8696,454415,8748,290095,6838,163931,5365,152978,4944,136728,4681,4852221,19111,4448034,20901,400797,8842,7957568,4941,125700,894,788,6,3834574,12574,2693284,15012,1141290,11473,1141290,11473,90005,5537,71509,5033,93225,4856,292796,7484,6680525,4001,1709421,14114,499790,10200,618746,10916,1105362,12648,529318,9649,115303,4600,77356,3632,9909877,NA,39.6,0.1,292656,1840,139674,2092,106873,3667,9795659,4600,8336037,29138,878098,19880,383397,14452,149991,9956
2014,27,Minnesota,61481,471,32638,280,5332552,2450,611354,19609,113972,4722,92798,3859,90561,3941,97208,3793,94896,4394,94877,3984,94380,4254,93567,4308,85697,3682,175877,5877,229048,5529,293727,6505,201830,5141,127032,4720,122474,3930,121251,4059,3008370,11297,2864517,12336,141188,5628,4318075,3243,188300,1282,859,7,2129195,6975,1526406,9904,602789,9268,602789,9268,52730,3138,37112,3126,44456,3013,139754,5573,3672583,3319,827997,11498,245342,6458,404201,7415,834094,10954,295956,6532,75732,3980,52752,2701,5457173,NA,37.8,0.1,176988,1850,72216,1597,55285,2308,5385219,3037,4612655,18403,385099,11859,250781,10092,106783,7233
2014,28,Mississippi,39680,773,21036,302,2895470,2092,623113,18212,125480,4979,81221,4072,80520,4411,69795,4261,68950,3716,66237,3602,58881,4692,56207,3596,43788,3877,86231,4654,98137,4999,111672,5037,65541,4584,33005,2964,27306,2493,22852,2335,1349865,10953,1208586,11246,130935,6046,2338899,3586,104000,2187,711,10,1095823,8793,741504,10031,354319,8599,354319,8599,26855,3143,21602,2579,27454,2932,78360,4451,1950710,4021,466649,9475,115390,5440,167835,5889,254250,9001,112856,7040,26090,2656,17757,2001,2994079,NA,36.7,0.2,102537,2957,51902,3448,29390,2157,2957658,3082,2554296,14497,208502,11432,112734,7352,73927,6852
2014,29,Missouri,48363,567,26126,251,5878658,2718,908628,22347,194038,6616,131257,4889,129927,4973,136647,5116,134062,5129,138252,6096,125237,5006,118413,5289,100043,4810,201181,5520,241840,7151,280263,7790,165598,5915,94474,4400,87488,3680,76089,3022,3028483,15820,2805646,16034,204211,8239,4827523,4262,138500,1302,754,7,2354809,12290,1575626,12914,779183,12183,779183,12183,62535,4682,46460,3637,61084,4598,169738,5536,4076767,4964,1083421,15155,293320,8244,304044,7777,696669,12058,307730,9575,68066,3905,48246,3503,6063589,NA,38.5,0.1,191577,2612,81643,2343,63814,2911,5992195,3743,5042396,23817,530657,17442,245862,12002,153320,9335
2014,30,Montana,46328,1217,25989,438,997952,1702,153954,7951,30967,3049,26980,2436,23205,2149,24585,2022,24324,2099,25189,2309,23316,2375,22021,2371,17993,1644,34047,2439,43241,2562,45096,2777,29828,2521,14409,1426,12661,1562,13100,1387,523812,5059,494622,5533,25696,2711,822974,1799,196800,3816,711,15,410962,3391,272856,4625,138106,4933,138106,4933,9322,1630,8281,1706,11924,1696,27282,2734,695850,2391,179135,5009,45863,3444,57211,3500,135401,4062,48606,2864,11287,1593,8545,1430,1023579,NA,39.6,0.3,30797,926,15024,1267,12574,1184,1012169,1517,845142,8833,89712,6528,36796,4228,37561,4096
2014,31,Nebraska,52686,688,27446,352,1828121,1343,227310,9475,43517,2703,35318,2549,38625,2202,41553,2476,38837,2398,40289,2757,38984,2789,35613,2284,33772,2644,68523,3488,80600,3003,96030,3328,64176,3164,31617,1823,29587,1980,23724,1867,1028459,6561,981449,7079,42752,3352,1462485,2455,133800,1527,742,10,740765,3795,488438,4861,252327,4588,252327,4588,19842,2220,12819,1511,17261,1777,47873,2956,1224701,2481,288812,5833,95240,3808,126818,4505,247729,5860,82051,3726,18375,1574,13614,1512,1881503,NA,36.2,0.2,68198,1310,28304,1549,17851,1107,1855356,2122,1541744,11830,185292,9864,66940,5342,52200,5289
2014,32,Nevada,51450,683,25773,325,2800768,2077,426730,18737,67400,3778,50942,3421,49934,3734,59181,3837,54955,3390,59100,3367,53314,3705,52268,3334,47797,3119,86964,4429,114955,4561,131981,5426,78074,4287,42795,2721,39062,3051,32797,2439,1433341,10624,1298821,11890,127154,6287,2251404,2432,192100,2623,955,11,1021519,6553,547905,6648,473614,7285,473614,7285,40494,3631,33011,2758,43893,3114,104588,4913,1919598,2061,462876,11219,142022,6220,154943,6567,291473,8160,105579,5040,29796,2485,16615,2019,2839099,NA,37.4,0.2,89680,951,35486,1263,33098,2404,2806170,2678,2235861,18271,403447,17648,23065,2963,130390,7549
2014,33,New Hampshire,66532,1297,34691,569,1287504,829,117983,7687,19746,2262,22042,2450,20962,1922,20853,2164,22875,2296,24790,2743,20335,2103,22048,1948,19842,1961,40867,2662,54642,3397,72591,3592,54641,3119,33289,2504,37633,2727,32600,2327,744096,7049,704847,6802,37863,2423,1094383,1948,236400,2748,994,16,519756,4605,364996,4581,154760,5127,154760,5127,14359,2105,10399,1765,13570,1836,34309,2707,931304,1569,228002,6138,55501,3413,91285,4301,201723,6114,92567,3643,17685,1897,14055,1985,1326813,NA,42.5,0.3,32713,723,19909,1111,16445,1430,1314735,1334,1134514,10270,99385,8386,33913,4906,41393,3762
2014,34,New Jersey,71919,438,36593,300,8762159,3378,972903,23646,180598,6505,118401,5538,125657,4849,133248,5605,119802,6055,122933,5751,110197,4509,124564,5715,103235,5109,215472,7032,295266,7505,394205,9781,326292,8020,218887,5960,274687,7721,331400,8346,4734294,15912,4369952,17577,355865,9209,7166696,4786,313200,1585,1202,8,3194844,10719,2021062,12667,1173782,10436,1173782,10436,103343,4665,73674,4161,104870,5891,305137,9105,6127931,1949,1577888,18006,310162,8008,391582,10107,1415973,17840,633971,13243,146463,6029,94861,4675,8938175,NA,39.4,0.2,271309,1316,116075,1788,88590,3894,8840346,4188,7961796,23160,488477,17884,197579,9828,128911,9226
2014,35,New Mexico,44803,849,23683,436,2045525,1124,436153,17466,80172,4835,49191,3353,48130,3368,48534,3581,39220,2714,40410,2936,37381,2920,38860,3497,34540,2473,55160,3628,72642,3850,87470,4244,51230,3513,26972,2158,27885,2645,23119,2135,967827,9196,874753,9652,83321,4464,1639468,2924,158400,2032,777,17,760916,6897,509151,6597,251765,6079,251765,6079,21359,2371,15763,2431,20600,2691,57562,4842,1373822,3505,299171,8727,81677,4673,109771,5494,206947,6867,110475,4634,19348,2180,26164,2737,2085572,NA,37.2,0.2,69600,1541,31962,2390,22081,1835,2060189,2902,1770053,12935,160444,10928,52012,6316,68917,6649
2014,36,New York,58878,393,33095,228,19228524,4824,3062938,48945,592049,12390,377078,8998,358172,8950,352168,9763,321647,9322,319296,8485,302801,8222,304322,8868,253041,6662,506980,9690,683022,12528,864451,13610,633509,11927,399096,9931,464067,10306,550699,10316,10107472,26447,9354155,26892,731222,12287,16001813,7423,279100,2124,1148,5,7282398,15877,3857906,20082,3424492,21300,3424492,21300,301253,11260,206089,7803,293989,9130,958506,14472,13539612,4821,3074611,26668,624873,12108,1163427,15347,2651150,25950,1459502,19804,363125,10196,194205,7656,19746227,NA,38.2,0.1,602093,1968,274959,3251,188864,5062,19528220,5972,17418181,31878,1221576,28790,471488,13864,258571,11185
2014,37,North Carolina,46556,381,25774,193,9691794,3044,1668686,32408,300641,7650,240922,7414,219935,8360,232999,7734,224295,7755,220161,6587,198367,6762,199231,7640,176983,6872,308399,7436,367974,9622,424506,9499,257631,7185,143628,5883,140075,6309,134873,5089,4929466,18993,4444989,19787,404407,10059,7900178,6904,155000,1084,803,6,3790620,14716,2435384,18248,1355236,14632,1355236,14632,116800,6006,76261,4769,121467,5512,313212,9266,6661937,8478,1484395,16833,423979,9948,614392,11939,1239857,17105,481543,10314,103494,5184,87670,4391,9943964,NA,38.3,0.1,308893,3789,145347,4263,105387,3958,9832152,5419,8332705,28703,824473,23092,342455,15181,286533,13479
2014,38,North Dakota,59029,1681,33071,950,712548,1044,82264,6353,19119,2252,13998,1627,13099,1749,13287,1813,15291,1841,15161,1594,13076,1617,14805,1623,13662,1963,23065,2240,34649,2624,41806,2352,27200,2358,16337,1726,15027,1981,15849,1780,409062,4742,391644,4960,12130,1715,589297,1376,161800,3570,728,12,305431,3533,195002,4098,110429,4045,110429,4045,8404,1623,4608,850,7758,1456,19447,2474,478850,1774,115457,4034,33060,2488,64475,3549,94873,3685,24779,2189,6226,1101,5438,1085,739482,NA,35.1,0.2,25312,828,13288,1371,7674,976,729874,1466,602508,6670,61143,4854,23941,3016,39059,4304
2014,39,Ohio,49308,363,26937,181,11276403,3595,1785780,29476,377117,9337,255767,7290,265934,7277,268536,7454,244785,6155,250443,6129,231391,7030,226443,6332,200964,6784,386099,8103,462956,8630,543392,11377,344464,8112,194337,5814,182268,6245,158276,5852,5866256,17402,5437533,19954,420481,11025,9262560,5573,129100,911,735,4,4593172,13994,3000748,17269,1592424,15334,1592424,15334,125404,4800,91362,5474,128137,5085,360646,9401,7857460,5100,2372992,19919,523788,11122,659197,11371,1301747,14716,576319,11526,126136,5108,88016,3939,11594163,NA,39.4,0.1,355624,2277,161173,2682,125150,4318,11464891,4533,9742065,34992,1094029,26441,390103,14148,196742,11827
2014,40,Oklahoma,47529,454,25229,227,3759517,2366,623840,14892,114947,3880,86550,4152,86954,3237,89010,3539,84528,3866,83831,3848,76883,3417,71304,3095,63974,2882,125454,3450,152558,5083,168790,4522,102382,3828,54015,2574,49846,2695,48733,2774,1857721,9100,1735761,9595,104334,4772,3029228,2499,119800,1015,737,8,1459759,5575,950817,7331,508942,7734,508942,7734,36097,2927,29360,2269,37454,2665,99941,3977,2529885,3184,668381,9490,188500,5065,185914,5470,405799,8929,145813,4747,36137,2681,23619,2317,3878051,NA,36.2,0.2,135505,1753,58911,2404,38710,1836,3827288,2471,3148699,16644,382932,12342,167217,7873,111346,8348
2014,41,Oregon,51075,490,27646,249,3893475,2646,644450,21249,111366,6445,82996,4613,87988,4227,79849,4470,80721,4832,82297,4208,79486,4531,76966,4046,68451,4426,126296,4794,158502,6475,190147,6506,122320,5381,64328,3378,64972,3368,58826,2794,1975098,12401,1818085,13041,153954,6587,3210388,3868,239800,2300,924,10,1535511,6674,932392,9092,603119,8658,603119,8658,55261,3995,43976,3728,56750,3977,157186,6038,2746957,3516,541003,13366,223519,7076,231853,7170,528064,10563,224113,6852,54432,2864,39637,2897,3970239,NA,39.3,0.2,115247,1529,51756,1992,46368,2365,3927857,2960,3196441,21251,413253,15781,157803,8887,137008,8735
2014,42,Pennsylvania,53234,420,29220,198,12371337,3870,1682212,31577,350464,8667,261749,7520,266704,6650,258858,8352,242249,8039,255705,7563,236097,6872,234631,6941,209075,6769,396388,8775,512595,9472,614821,9315,407707,8693,234831,6062,238151,5226,225947,6405,6507479,19286,6045924,22280,457791,11079,10405544,4594,165400,729,848,6,4945972,12878,3404164,14323,1541808,15732,1541808,15732,124907,5517,93216,4434,126147,5630,373988,9677,8858865,4222,2871756,20881,477418,10000,700919,11931,1554120,16640,729846,11905,159382,5964,124377,5476,12787209,NA,40.7,0.1,362804,1810,184652,2862,139587,4321,12645888,4727,11103966,27311,908615,19198,332919,11759,232889,11992
2014,44,Rhode Island,54891,1488,30830,653,1015655,599,145596,9132,34208,3164,22226,2324,19278,2327,20864,2590,17608,1898,20867,2020,19395,2397,18312,2172,14283,1735,31436,2539,37529,2630,49905,3094,35336,2853,22447,1928,21891,1870,24069,1859,564492,6484,517864,6791,43662,3527,868108,1498,236000,4052,934,16,409654,3327,240878,4850,168776,4882,168776,4882,17975,2030,10716,1678,13769,1869,40807,3335,725871,1262,173794,6750,37804,2713,59701,3690,131408,5182,61834,3447,14100,1576,13552,1919,1055173,NA,39.8,0.3,28216,976,17246,865,9980,1186,1045791,1336,906936,7854,83593,7328,15276,2649,32621,3400
2014,45,South Carolina,45238,507,24596,309,4691589,2682,843860,23093,154923,6074,120133,5911,110690,5906,120291,6081,108453,5126,103724,5404,100291,4682,90701,4190,83504,3619,147031,5802,179525,5839,204463,5869,117788,5062,71036,4726,60486,3673,53875,3296,2344797,15001,2126949,15349,187866,7942,3871752,4403,140000,1690,791,7,1826914,10151,1243177,11898,583737,11489,583737,11489,48311,3707,36243,2915,52087,3993,133440,6334,3260929,4938,839898,12597,187997,6848,288524,8986,543917,10129,232819,8602,46936,3501,33301,3061,4832482,NA,38.8,0.1,147690,2322,72803,3483,54600,2833,4780659,3519,4046123,20327,391714,16542,151216,8454,171969,9132
2014,46,South Dakota,50979,1027,26959,685,824373,1078,116843,6179,21958,2007,19353,2235,16564,1819,17984,1824,19106,1928,19269,1973,17588,1905,16188,1771,15637,1678,28578,2226,37719,2506,45427,2779,26262,1945,12916,1413,9534,1497,10392,1297,463481,4647,442489,4939,17960,2215,665564,1723,142300,3253,647,14,334475,2656,228010,3569,106465,3187,106465,3187,7577,1171,5194,1154,7115,1251,18297,2090,555488,2208,146637,4761,33854,2586,62802,3101,111108,4957,30003,2446,7382,1166,5723,1163,853175,NA,36.6,0.3,31479,989,13124,1031,10746,1094,842076,1090,701352,7865,72363,6396,37133,3439,28198,3741
2014,47,Tennessee,44361,561,24922,265,6386663,3638,1171307,27981,225042,7957,162590,6341,158108,6375,167516,6116,145849,5337,142183,5903,137766,6840,129442,5889,107015,5423,202000,6918,245651,8152,271232,8234,162091,5271,88849,4384,82834,4676,81497,3840,3172656,16776,2910656,17649,245980,8612,5222167,4278,142900,1253,770,7,2509665,11315,1659797,14297,849868,12205,849868,12205,64050,4273,52195,3902,75406,4251,196151,7873,4425073,5132,1195880,16469,270428,7750,296099,8523,717801,12456,280082,8696,67725,3652,52699,3446,6549352,NA,38.6,0.1,202916,2551,90838,3117,68662,3986,6471445,3711,5465071,20831,585723,15865,210854,12019,182130,11634
2014,48,Texas,53035,377,27125,139,26340247,5422,4523708,59686,674500,12566,488304,12418,488677,13439,506746,11327,461009,9521,479337,10290,448790,11453,426953,9989,379851,10950,730171,14332,914937,16219,1089158,16415,759639,12970,446853,12074,474321,10434,507951,10487,13298433,31075,12411323,32696,799519,17819,20605746,8590,139600,821,896,4,9277197,22719,5674241,28289,3602956,26207,3602956,26207,300436,7951,227436,8951,315125,9899,789187,16102,17087888,8810,3526354,31942,1074624,15370,1147113,21584,3104847,31267,1184625,17808,266893,8222,192664,7444,26956958,NA,34.3,0.1,999785,5233,404720,6167,222579,6143,26588600,10391,22151594,60678,2597551,50733,1083491,26248,538572,22996
2014,50,Vermont,54166,1724,29178,770,601819,882,73149,4724,15776,1788,14034,1438,13356,1428,13033,1452,12526,1361,14191,1659,10718,1227,13281,1518,11992,1257,21062,1719,28897,2084,34971,2011,22629,1892,11425,1299,10566,1129,8772,1143,344495,4596,325211,4574,18746,2001,520279,1053,214600,3387,917,26,257229,3177,180184,3423,77045,2927,77045,2927,6557,1287,6089,1108,5676,1092,18057,1945,438279,1113,120115,4165,24586,1878,34024,2292,91472,3360,43653,2698,10253,1456,7523,1019,626562,NA,42.8,0.3,16610,680,10551,648,8115,863,620898,883,536915,4667,44247,3514,15603,2104,22635,2419
2014,49,Utah,60922,658,24877,300,2897762,1930,339900,16334,45108,3199,33755,2735,33474,2858,44100,3047,39647,3142,44314,3384,42693,3015,40582,3047,38064,3136,88754,4012,110337,4218,138512,4117,86316,3951,47752,2685,44739,2823,40223,2673,1439884,7429,1364392,8267,71359,3764,2130444,3007,223200,1922,886,13,918370,4666,635163,6737,283207,6106,283207,6106,26114,2306,18586,2530,24522,2665,54470,3400,1704734,2360,346201,8094,137522,5081,168810,7165,353832,8046,127178,4847,26075,2188,23118,1864,2942902,NA,30.5,0.1,129197,1584,43610,1324,22520,1848,2894001,2899,2407608,16818,280438,13724,94140,8012,90234,8541
2014,51,Virginia,64902,624,34052,240,8080300,3250,953395,25894,181692,6108,133732,6313,117613,4068,138316,6271,127751,4928,126060,4714,127627,5611,125770,5647,117244,5995,233801,7581,302028,8260,397758,8938,292581,7892,197741,6045,213653,6286,250453,6323,4406914,16597,4039684,17684,260537,7376,6664581,5021,247800,1893,1116,10,3083820,12955,2014812,16640,1069008,14859,1069008,14859,96164,5659,63853,4146,96196,4808,242058,7529,5623295,6583,1164037,15591,339427,9497,408872,9709,1173872,15877,655001,13355,137648,5936,99818,4407,8326289,NA,37.7,0.1,259667,3077,125933,4227,84756,3103,8224054,4721,6891144,29452,567550,21505,428272,14564,262477,12503
2014,53,Washington,61366,485,31841,259,6927889,3758,913619,25464,164886,6169,109504,5097,115903,5695,119750,5894,111915,5914,126104,5944,115585,4928,120974,5284,110681,5474,208353,6509,293253,8246,351388,10128,259417,7756,149100,5447,166353,6066,156435,5691,3612893,15781,3331888,17321,232125,9079,5635461,3788,266200,2017,1032,10,2679601,9916,1654620,12782,1024981,13561,1024981,13561,97743,5167,70163,3994,86074,5097,228776,8567,4784484,4372,903776,12893,371353,10802,479799,10338,1005685,15756,410459,9771,100407,4519,68225,3508,7061530,NA,37.5,0.1,226666,2158,93844,3173,77807,3685,6979369,3884,5757065,26180,725257,22555,209665,10544,220259,13044
2014,54,West Virginia,41059,651,22714,391,1792949,2707,327764,12083,72735,4612,49852,2788,53625,3768,53144,3540,44211,3272,45164,3054,40395,2954,36144,2481,34138,2953,61701,3676,71936,3246,74809,4020,42520,3014,22275,2153,19235,1805,13491,1634,804334,8030,748143,9012,55257,3792,1510708,2400,103900,2236,656,11,735375,6298,530755,7300,204620,5954,204620,5954,14568,1986,9096,1376,14356,2020,39483,3729,1296350,2745,444699,7960,74701,4015,84402,5166,152434,5625,70397,3494,14478,1798,10948,1476,1850326,NA,41.9,0.2,51405,1386,25195,1641,25455,1881,1831414,2060,1617510,10136,116795,7773,45545,4488,47957,4807
2014,55,Wisconsin,52622,433,28213,263,5603486,2812,738270,19830,134683,5199,113764,5538,123637,4118,128417,4267,120933,4863,124216,4374,116726,4064,116470,4496,108978,4187,197222,5086,253154,5765,305180,6186,196720,5956,100177,4430,91620,4126,75788,3236,3082532,10720,2916863,11692,163484,5381,4606827,3970,164700,714,782,6,2307685,7753,1536893,11259,770792,9773,770792,9773,63858,3397,46467,3616,61650,3923,171467,6325,3898162,3715,1100818,15127,256185,6839,402829,7874,736544,11569,269393,7536,60549,2863,41608,2769,5757564,NA,39.2,0.2,173403,1756,80600,1593,63066,2496,5692727,3347,4868506,18280,486297,15195,201807,8373,117831,7616
2014,56,Wyoming,57055,1983,29698,823,570149,749,63774,5334,12260,1541,9692,1523,12592,1968,13266,1808,11066,1783,11972,1756,8601,1269,12421,2015,10632,1625,17887,2340,25062,2675,31502,2806,24715,2211,12696,1556,10493,1672,7737,1385,315015,4238,299225,4395,13477,2065,461972,1568,201000,5507,792,30,232594,2987,155617,3486,76977,3496,76977,3496,6151,1204,2900,622,5555,1385,13266,1758,388962,2214,86194,4517,35128,2725,41611,3191,69557,4127,23807,2284,5370,1299,4599,963,584153,NA,36.6,0.4,18697,985,7761,1431,6846,1022,577782,1222,475740,7103,59025,6152,15576,2711,25992,3696
2014,72,Puerto Rico,18928,367,11241,192,3515261,1181,1624453,25674,367015,7800,150045,5855,123624,5231,99633,4212,81022,4200,69962,3724,54298,3771,46297,3545,34420,2868,56995,3951,61041,3779,38539,3090,22680,2414,9385,1493,9023,1158,9511,1289,1281976,12169,1043544,12025,237292,8997,2878013,2575,120800,1298,467,11,1233490,9061,837840,10343,395650,8325,395650,8325,20737,2228,15728,2286,20963,2392,66341,3751,2400677,2961,608205,11020,34815,3365,223726,7213,417133,8916,113643,5769,32070,3094,23866,2826,3548397,NA,39.3,0.2,98195,2357,54383,2740,36455,2673,NA,NA,NA,NA,NA,NA,NA,NA,NA,NA
2015,28,Mississippi,40593,543,21291,339,2896579,1923,637128,21554,126539,5429,76535,4598,81279,4285,76302,5082,65864,4519,62610,3763,54741,4238,55265,3062,48167,3903,80726,4540,102716,4811,119535,5598,69573,4393,33958,3120,27290,2908,23271,2298,1335130,10207,1206679,9825,117629,6392,2345713,3487,112700,1963,724,10,1104371,7926,744203,8716,360168,8053,360168,8053,29029,2835,20337,2647,27397,3139,80298,4260,1952337,5129,478161,11565,109253,5492,179135,7400,253036,8078,111893,6006,24201,2617,17469,2199,2992333,NA,37,0.2,93965,3336,49009,3136,33372,2589,2959289,2681,2554660,15529,224885,15201,102969,8155,69351,6816
2015,29,Missouri,50238,415,27384,271,5901967,3392,875495,21660,166333,6240,133708,5113,129286,5619,138121,5213,127680,5264,136149,5736,120519,5027,121103,5296,108063,5639,194089,6300,249314,7066,285435,7432,186139,6448,98177,4825,93433,4449,86631,4044,3062893,15535,2880309,17578,162229,6576,4851761,4984,147800,1270,763,7,2374180,11426,1570137,13846,804043,12651,804043,12651,62334,4073,45071,3501,62055,4077,167620,6135,4097212,5025,1081298,13328,293251,8349,316815,8772,706922,13550,320428,7202,67649,4267,45861,3222,6083672,NA,38.4,0.2,191272,2241,88361,3393,62388,2902,6015580,3399,5056661,24391,517740,17634,259321,11709,159152,8254
2015,30,Montana,49509,1410,27735,532,1007727,1004,147287,8916,29708,1939,23097,2126,22977,1933,27177,1987,21648,2094,24526,2219,24141,2743,19954,2156,15585,1721,36406,2793,45370,2995,48871,2963,31151,2077,16492,1623,13262,1529,14439,1454,516733,6155,489875,6402,23334,2264,829911,1805,209500,3739,763,15,414804,3749,276490,4576,138314,4472,138314,4472,10381,1638,8395,1486,10223,1418,27005,2571,706329,1934,191118,6427,44316,2851,60796,3184,144135,5843,50044,3458,11866,1614,10129,1438,1032949,NA,39.9,0.4,30602,1059,16088,1567,14673,1360,1019646,1426,855861,9601,84149,6431,34051,4192,42760,6511
2015,31,Nebraska,54996,830,29000,469,1842682,1204,231321,10619,42657,3034,36827,2254,36030,2390,41023,2464,36402,2625,39770,2958,37763,2354,34794,2438,32086,1985,61397,3265,82098,3784,98049,3573,68011,3037,35526,2357,33059,2173,28667,2129,1025079,6286,986789,6867,32754,2446,1476487,2458,141600,1690,750,11,744159,3947,490394,5329,253765,4887,253765,4887,20767,1976,12179,1828,20832,2206,47080,3253,1232583,2867,289281,6659,93577,3668,125055,4502,244556,5820,90029,3893,21162,2326,16541,1813,1896190,NA,36.1,0.2,66216,1329,26676,1775,19238,1335,1869217,1976,1570592,11472,169131,8461,67086,5189,52950,4461
2015,32,Nevada,52431,978,27220,448,2850472,2159,418243,18129,67182,3770,48258,3185,50363,3033,57403,3916,53744,3371,61644,4026,52560,2971,53263,3726,49755,3687,82304,4405,116289,5130,136009,5494,84951,4098,43753,3257,44909,3056,39678,2448,1455305,10116,1331796,11464,115018,6255,2292699,2626,221400,2226,980,11,1042065,7714,562960,8151,479105,8502,479105,8502,40986,3462,33751,3111,42909,3161,106546,5359,1968167,1754,473687,10002,153443,6258,159610,7389,304948,9025,112195,5483,28328,2562,18210,1948,2890845,NA,37.8,0.2,91243,1274,34100,1068,30058,2326,2859489,2806,2291842,18502,389068,16973,24763,3199,135999,9981
2015,33,New Hampshire,70303,1254,35925,648,1288060,1341,106046,8442,20930,2425,17770,1965,20136,2184,22589,2366,17758,2070,21204,2188,20577,2222,21835,2393,19131,2019,38161,3156,53864,3325,75714,4208,56533,3309,33421,2247,40261,2898,37731,2957,746877,6976,713313,7618,31658,2567,1102089,1780,244500,3056,1017,25,517615,4643,366739,5787,150876,5392,150876,5392,14495,1695,8887,1843,12658,1904,30282,2432,937214,1882,225386,6681,58464,3296,91199,3869,205513,6066,97780,4778,17948,1987,13072,1823,1330608,NA,42.8,0.2,33382,567,20550,1202,15830,1449,1318121,1867,1134482,9193,96633,7513,25809,3063,53446,5177
2015,34,New Jersey,72222,610,37245,290,8781575,3097,946114,26304,181016,6253,113703,4527,126828,5317,134844,6112,116420,4436,128446,6004,114396,4514,115216,5518,106666,5308,209122,6595,287857,7569,388168,8775,320554,8823,222369,6728,275874,8027,346484,7639,4693629,19819,4374536,20719,309500,8976,7193921,4401,322600,1769,1214,8,3187963,9239,2009034,12864,1178929,11453,1178929,11453,107516,6179,79343,4702,102030,5520,305895,8086,6166384,2697,1602910,18557,311674,8765,392077,10875,1437307,16909,638113,13514,151341,5541,91312,4349,8958013,NA,39.6,0.2,271020,1794,114064,2163,84165,3702,8854363,4962,7987859,26012,461956,19415,194614,10765,144074,8425
2015,35,New Mexico,45382,870,24388,458,2044431,1676,417834,15720,74958,4137,48455,4020,48997,3424,48855,3320,41571,3408,44211,3102,34348,2832,36755,2940,33615,2879,58969,3742,71076,4186,83907,4049,51752,3283,32084,3000,29416,2847,22828,2117,959937,11157,879807,12325,70505,4343,1642487,3706,164100,2119,783,15,761797,5816,513843,6398,247954,6175,247954,6175,18802,2594,13678,2240,22173,2664,57768,3656,1377548,3020,297144,8710,85843,4541,106315,5362,198116,6168,115927,5229,24107,2701,26312,2487,2085109,NA,37.4,0.2,69734,2068,29552,2222,24768,2122,2060441,2662,1767704,12817,181082,11260,47021,4804,55753,5781
2015,36,New York,60850,306,34297,243,19283776,5245,2970032,47607,563955,12172,359771,10060,349323,9866,336818,7867,306117,8164,316090,8933,292356,8850,276189,8999,257741,7939,502150,11421,676048,12529,852850,13558,645747,12161,416840,10244,496206,9189,585493,10610,10151319,28755,9473337,28678,654885,14001,16066508,7092,293500,2405,1173,7,7233694,15840,3838902,20752,3394792,20532,3394792,20532,298082,8467,197277,6798,275493,8885,934525,15519,13641473,4706,3085341,26035,617781,12208,1155067,17625,2727078,26972,1474536,14998,372093,9632,204756,7032,19795791,NA,38.3,0.2,608138,1997,265499,2657,198159,5938,19570171,7771,17506652,32943,1172634,28807,480634,13330,257611,10637
2015,37,North Carolina,47830,521,26801,231,9790073,3862,1607835,31818,284936,8716,234345,7390,228916,6904,227496,8850,216961,7610,226490,7725,196231,6315,198719,6041,171321,6470,312536,9007,370829,10258,439110,9598,271840,7879,158795,6112,150301,5545,154919,5264,4961798,19918,4550972,20292,335787,12282,8011388,6201,160100,1031,827,6,3843745,15042,2455141,15671,1388604,15481,1388604,15481,117778,6911,84562,5074,117293,6773,303621,8804,6762644,8355,1483455,19936,425005,10723,623813,13772,1277412,14785,511174,12097,110281,4667,92190,4541,10042802,NA,38.4,0.1,307442,4549,148066,4699,108538,3962,9927547,5134,8376304,32816,834982,23110,359175,14429,310612,15103
2015,38,North Dakota,60557,1661,34063,897,731354,783,80170,5329,17358,1449,15618,1857,12933,1675,14698,1789,13075,1845,16325,2132,15446,2089,14984,1589,13002,1853,21822,1878,31842,2409,42072,2823,30483,2320,19456,2006,18496,1862,15865,1660,422055,4341,404589,4603,10886,1787,603014,1809,180900,3683,775,16,313475,3584,193342,4346,120133,4378,120133,4378,7675,1428,7042,1410,9055,1647,19680,1997,492017,2619,117123,4622,30922,1845,64255,3213,105625,4478,24169,2293,7182,1261,6427,1126,756928,NA,34.9,0.3,25737,936,12449,1167,8298,834,745291,1249,608377,7924,66059,6573,24439,2747,42618,5171
2015,39,Ohio,51075,233,28001,177,11295340,4411,1674415,34580,351979,8240,242642,7151,251795,6906,255536,6931,237003,7528,258204,6571,227485,7546,229272,6566,194565,6795,372294,8801,482159,10105,563975,10392,368899,8425,203861,5042,196324,5450,170662,5841,5870498,20337,5489742,20338,373897,9226,9295255,5227,136400,838,746,4,4606655,12584,3013093,17798,1593562,15621,1593562,15621,125694,5417,92403,5167,129825,5651,341488,9252,7896470,5197,2360280,21490,545421,10280,679330,12037,1329009,16436,573041,9686,126835,4931,86231,4684,11613423,NA,39.3,0.1,351987,2419,160823,2696,127082,4129,11482142,4883,9719944,31583,1108440,29193,400449,15604,203475,10154
2015,40,Oklahoma,48568,514,25762,248,3795764,1895,610828,15093,113543,3872,83887,3219,85284,3319,89942,4138,77292,3809,82765,3313,73716,3502,77552,3113,65889,3094,123848,4410,153060,4565,170402,4882,108924,3496,54554,3036,53609,2989,51684,2627,1873166,9585,1753445,9434,101088,4577,3053371,2846,126800,1492,759,7,1465951,6457,957858,7425,508093,7135,508093,7135,39273,2688,26437,2227,39824,2692,96382,4006,2557863,3011,681323,9218,188756,5597,188756,4863,421765,8107,149714,5515,32723,2638,25802,2050,3911338,NA,36.3,0.1,135977,1598,58427,2235,39458,2181,3864908,2978,3202689,16599,363628,14605,169348,7506,110878,6734
2015,41,Oregon,54148,912,29117,339,3952077,2585,607029,22484,104846,5717,75629,4447,78981,4582,82634,4512,83759,4553,81320,4606,70110,4179,77236,3947,63406,3954,123266,6233,168044,6240,196347,6570,123561,5448,79533,4180,71636,3710,72897,3131,2020961,11365,1881255,13069,137739,7121,3268296,3475,264100,2568,943,9,1553205,7348,948891,9420,604314,9054,604314,9054,48445,4027,40291,3516,52242,3792,150262,6591,2804461,2990,525568,10703,238288,7014,245431,8272,566244,11190,233801,7207,59402,3252,42220,3024,4028977,NA,39.1,0.2,117053,1957,49840,2068,46297,2070,3985712,3006,3277453,19786,401167,16395,143609,8633,141162,7834
2015,42,Pennsylvania,55702,377,30384,190,12385716,4035,1629995,31848,329931,8832,242383,7149,259657,7300,250019,6659,242821,6409,248180,8194,224787,6651,229380,5940,203384,6962,398035,9009,514226,9475,636154,13199,421025,7847,246256,7263,256610,6948,253189,5810,6521542,19426,6109670,22411,408542,10957,10429005,5456,170600,718,868,5,4956037,11868,3405756,16407,1550281,14088,1550281,14088,122962,4907,86857,4384,126399,5727,364672,8152,8895727,4102,2814891,21606,487639,8498,739478,13287,1611499,17068,740396,12267,169282,6126,119846,4962,12802503,NA,40.7,0.1,366394,2169,182500,2440,139807,4045,12662192,5055,11109753,32343,925181,24768,333391,12932,232683,11644
2015,44,Rhode Island,58073,2421,31888,712,1016343,626,141035,9670,32681,2732,22733,2601,18779,1717,18949,2354,17824,1923,18069,1937,18072,1926,16752,2116,14504,1672,28963,2278,38446,2984,53412,3150,36742,2583,23669,2136,25147,2334,22742,2255,562201,7148,524975,7017,34758,2973,870136,1701,241000,3947,938,13,407484,4045,240618,5236,166866,5651,166866,5651,13632,1821,10052,1598,12744,1838,37975,3211,730083,1245,171457,6910,41238,3716,62153,3466,141131,6187,69245,3842,15107,1583,13335,1785,1056298,NA,39.7,0.3,28105,711,17563,1014,12366,1373,1045062,1593,901338,9189,81188,7538,16534,3029,38344,4294
2015,45,South Carolina,47238,547,25627,274,4750144,3538,790715,22651,152319,5783,116010,5503,107167,5638,113576,5303,102288,5315,105924,5231,97454,5269,97867,4874,75650,4304,151818,6521,195842,7277,216533,7176,131671,5587,67938,3719,65643,4095,60068,3696,2364295,16057,2165702,18106,170589,6867,3931185,4079,148600,1745,819,9,1857768,9376,1265627,11974,592141,11341,592141,11341,45972,3559,37192,3631,47997,3576,128071,6447,3319832,4393,829223,14501,200919,7015,312720,9477,575843,10818,234180,7643,46010,3334,34208,2807,4896146,NA,39,0.2,148118,3300,73428,3223,52586,3082,4839984,3503,4106166,20224,391364,15803,152124,9534,170366,10880
2015,46,South Dakota,53017,1096,27624,616,829644,1156,114071,7467,20575,1835,18765,2224,15687,1844,18787,2109,17616,1835,18290,2124,16851,1869,16713,1632,16872,1801,28317,2474,38576,2578,48145,2576,27406,2253,13187,1377,11434,1239,12216,1227,457359,5855,436852,6056,18144,2100,671301,1892,152800,2490,675,18,339437,2931,231452,4098,107985,3840,107985,3840,8632,1428,6283,1270,6136,974,19152,1679,563108,2209,150248,4720,37447,2538,62294,3705,110562,4922,30370,2403,6912,1124,7041,1236,858469,NA,36.9,0.3,30412,1333,13818,1363,10365,1245,848285,1092,702122,7738,73424,5730,42919,4091,26962,3687
2015,47,Tennessee,47275,489,26216,274,6440381,3291,1077900,30450,203139,7747,151823,6130,148120,5594,156901,5092,140571,7009,147731,5202,132970,6603,125935,6081,116859,5367,212024,8490,256440,7157,282033,7639,180815,5104,91628,4196,89259,4761,94012,4347,3217464,16458,2998814,17849,199471,8079,5277935,4114,150600,1195,785,6,2530260,10743,1665498,14709,864762,12955,864762,12955,72942,3919,50042,4022,74113,4823,178912,6857,4473487,5733,1204266,16398,275055,9082,300500,10767,719980,12572,306012,8175,70973,3905,54115,3777,6600299,NA,38.7,0.1,202631,2819,89434,3298,67874,3781,6522259,4265,5535963,28320,559000,20070,207524,11652,195923,11637
2015,48,Texas,55653,314,28210,155,26846203,6615,4255517,65900,621647,11139,438819,11770,467876,12487,503866,12128,456219,11344,493549,10969,433421,11298,441776,12866,396895,10464,736484,12090,957115,16835,1127402,16874,792113,14647,481088,11347,510402,11888,562740,10953,13533555,33388,12693901,33476,743232,18947,21043248,10946,152000,782,932,5,9421412,21122,5752826,28478,3668586,28117,3668586,28117,307233,10409,235142,7601,302264,8644,766597,15208,17472861,10241,3639623,33824,1087549,20957,1204220,20511,3266266,31535,1239900,20009,262623,8692,186585,6666,27469114,NA,34.4,0.1,1000580,5278,399672,6143,227050,6736,27092848,11293,22723345,58176,2522075,48670,1072207,27289,553032,19120
2015,50,Vermont,56990,1325,31216,759,600659,867,61314,5009,12426,1450,13462,1651,13876,1739,14177,1501,11282,1508,12076,1487,10634,1269,11377,1295,11443,1397,22296,1987,26926,2034,36269,1875,23963,1677,11881,1227,11978,1276,10799,1243,340945,3400,327841,3836,12848,1899,521616,1142,223700,4508,923,22,254865,3016,180212,3547,74653,3011,74653,3011,7498,1015,3727,904,6227,1207,17104,1982,438654,893,111001,3749,22244,2043,37916,2632,97824,3782,45406,2892,10940,1544,7902,1103,626042,NA,43.1,0.3,15328,386,11665,915,8616,935,619952,781,532319,5199,47340,4334,14727,2160,21232,2519
2015,49,Utah,62912,1223,25816,343,2947861,2168,331854,15217,41482,3015,33009,2695,32743,2523,39078,2830,40510,3403,43802,3224,43294,3293,43596,3229,39756,2903,81324,4077,112784,4954,139642,4247,92603,4107,50551,3442,53165,3221,43641,2625,1475513,11592,1414337,12253,58198,4106,2180281,3049,234600,1959,925,12,930980,5092,641215,6863,289765,7493,289765,7493,23897,2835,17628,2106,23795,2572,55015,4083,1741949,2456,369046,8787,134157,5371,159609,5553,368302,8387,133071,5551,29826,1704,23513,1827,2995919,NA,30.6,0.1,127854,1128,44600,1755,23425,1521,2947423,3093,2435722,19625,302104,15761,88545,8627,97361,7413
2015,51,Virginia,66262,541,34780,273,8131328,3187,909346,25335,179078,6007,117945,5929,120840,5433,130714,5805,128140,5790,130868,4543,125258,6037,135129,5930,112780,5692,233064,7225,307469,7941,399064,8265,302811,8129,193763,5925,229887,6327,260085,6063,4437140,15936,4081600,17473,236298,8488,6721590,5245,257800,2248,1144,10,3106895,11857,2019869,15507,1087026,12936,1087026,12936,98674,5846,69400,4712,96695,5898,235345,8886,5685318,6556,1168567,16303,346176,9486,426955,10499,1209217,15736,651715,13528,137045,4881,104067,5303,8382993,NA,37.8,0.1,262095,3331,121561,4059,83163,3061,8283737,4532,6952362,28986,564790,20740,418779,17307,277715,12444
2015,53,Washington,64129,794,33486,317,7036725,3798,857801,23751,154446,5910,103363,4948,104545,5092,114298,5987,113172,5653,123120,5235,116671,5565,117756,5204,115140,5155,206820,7201,289639,7713,375501,7950,261750,7596,170222,5847,177245,5885,184885,5864,3658933,17466,3397974,18026,215453,7344,5741873,4340,284000,1701,1080,10,2728573,8477,1703269,13837,1025304,13212,1025304,13212,95955,5005,66754,4518,86277,5295,216150,7461,4889314,3630,926068,15791,365062,9459,471400,8773,1059707,14025,435599,10952,101103,5072,74484,4648,7170351,NA,37.5,0.2,226840,1907,92709,2464,77232,3773,7089143,3701,5778806,28406,776027,24282,241194,13185,230907,11515
2015,54,West Virginia,42019,793,23539,340,1793096,1902,321583,14177,71062,4276,48568,3129,52535,3354,49020,3159,45223,2908,41682,3267,42220,2665,38063,2513,34500,2927,56115,3543,70820,3221,79691,4274,45609,2531,24287,2406,18784,1900,16357,1852,797526,7666,738438,8483,58270,4083,1508224,2259,112100,1903,675,12,734536,5346,531151,6909,203385,5884,203385,5884,16566,2003,9738,1616,11971,1952,40454,3307,1300347,2472,441013,10081,76061,3891,90019,5528,152256,6356,74951,3955,15674,1931,11533,1511,1844128,NA,42.2,0.2,50634,1348,25657,1798,22270,1832,1823753,2120,1610407,10957,114561,7759,53070,5177,42078,4511
2015,55,Wisconsin,55638,427,29563,232,5620223,2582,677964,19332,125160,4046,108774,4526,111803,4285,126506,5067,113631,5069,125123,4128,110317,4323,113846,4239,100074,3934,201782,5945,260514,6608,325350,5097,202974,5029,111483,4596,97077,3726,85124,3349,3094071,10765,2959655,11488,131766,5292,4627790,3538,168300,807,792,5,2319538,7046,1549143,11056,770395,9851,770395,9851,65821,4176,45712,3461,61268,3363,158587,6514,3918997,3342,1080781,11195,270878,7162,411400,7889,742544,11028,265265,6681,60698,3011,43951,2917,5771337,NA,39.4,0.1,172242,2117,78534,1597,66390,2750,5708201,3093,4891636,19111,492210,15704,198096,6920,106511,8097
2015,56,Wyoming,60214,1582,31383,1153,572319,727,63425,7239,10739,1739,10223,1455,10838,1599,11033,1492,9492,1417,12208,1758,11043,1385,10479,1449,9241,1555,18701,1921,24225,2247,33062,2498,23271,2380,15786,1972,10752,1745,7844,1421,312541,5457,295328,5477,15041,2490,460730,2967,212500,3739,815,32,228937,3666,155575,3816,73362,3683,73362,3683,6492,1313,3569,1010,4599,1138,11661,1940,388747,2395,94610,5091,31095,2807,42212,2927,67108,4107,25746,2788,5441,1092,3739,939,586107,NA,36.5,0.5,20116,1114,8651,1086,5826,894,579102,1256,474927,7256,48368,5834,17016,2927,35947,4840
2015,72,Puerto Rico,18626,332,11677,238,3443611,865,1586285,22921,367274,8439,149694,6082,123708,5285,100471,4844,69894,4193,67285,3827,55362,3731,46686,3606,36666,2854,55546,3480,55880,3141,44469,3199,19879,2584,9388,1680,10310,1566,9339,1361,1266346,10064,1026611,11627,238625,8401,2833603,2799,114100,1119,433,9,1221851,9077,836820,8764,385031,8035,385031,8035,20909,2613,14232,2065,18350,2295,70975,4209,2382526,3319,582643,10913,40247,3128,228508,7327,424255,9110,115599,6083,26234,2944,24140,2750,3474182,NA,40,0.2,90553,2162,50179,2712,34649,2605,NA,NA,NA,NA,NA,NA,NA,NA,NA,NA
2015,01,Alabama,44765,744,24769,304,4736333,2309,876016,23918,175030,6397,127716,5281,118330,6301,115843,4302,105015,5104,103419,5122,92640,4610,88450,4884,73254,4158,150846,6013,178506,5638,198404,8625,125913,5787,67847,3916,67117,3593,58060,3898,2207097,15696,2040118,14488,157544,6651,3878471,4687,134100,1954,729,9,1846390,11341,1253595,13117,592795,11428,592795,11428,45130,2986,35050,2931,45381,3917,127820,5714,3282252,5930,823871,13502,194514,6701,266452,8223,504626,11402,207767,8234,47504,3227,32979,3050,4858979,NA,38.7,0.2,146407,3025,67288,2945,52587,2638,4801599,3420,4113945,22379,410330,17741,150689,9422,114876,8513
2015,02,Alaska,73355,2316,34352,954,720765,857,74532,5835,9842,1462,8052,1280,8962,1206,7948,1268,9594,1307,9312,1458,10653,1456,11326,1462,7661,1194,17831,1872,26416,2145,37646,3100,28571,2210,18408,1882,21191,1849,16772,1828,402913,4718,354766,5022,30399,2820,571393,1430,259600,5619,1163,25,250185,2685,159922,3409,90263,3323,90263,3323,6957,1486,7814,1467,6826,1171,18005,2027,469523,1628,103684,4654,34279,2908,38113,3276,87869,4250,36260,2506,10814,1644,4473,973,738432,NA,33.3,0.3,27883,946,11287,1500,6592,812,727862,1356,582909,9527,86474,8425,19295,2193,34696,4503
2015,04,Arizona,51492,431,26721,279,6671705,3550,1159043,29822,186362,7582,117941,5061,127312,5515,138715,5511,129829,5304,134024,6320,120831,5162,123438,6005,112579,6258,205224,6742,258631,7369,295729,8236,191438,6553,105972,5146,111497,4095,103486,4728,3171567,18040,2937510,17885,216440,8058,5393214,3898,194300,1518,933,9,2463008,12455,1524828,12566,938180,12431,938180,12431,74391,4577,59686,3615,83690,4284,203589,6810,4536954,2797,923788,15353,340471,8517,382106,9702,788933,13333,339377,9160,74683,4010,54456,3365,6828065,NA,37.4,0.1,219078,1564,97343,1740,69270,2693,6747595,4243,5536087,26178,798972,24968,111939,7650,253281,12395
2015,05,Arkansas,41995,477,23589,374,2887337,2988,550508,17473,103788,4929,80765,4383,74574,4272,79082,3965,71857,3843,72241,4093,61504,3336,58489,4034,51970,3211,91200,4538,111498,5046,118687,4865,67737,3743,38338,3099,28889,2223,34044,2590,1354655,10645,1271063,11142,78751,4965,2352507,3332,120700,1544,695,8,1144663,8300,746000,10027,398663,8123,398663,8123,30007,2949,22877,3049,32433,2964,81361,4904,1987819,4624,550196,9651,137365,5464,135029,6021,278975,7518,109389,5216,25259,2772,19758,2279,2978204,NA,37.9,0.2,94916,2432,45041,2631,30707,2281,2938341,3200,2440359,17443,292271,16473,115081,8813,81594,7126
2015,06,California,64500,395,31587,129,38398057,6625,5891678,66827,714835,11687,618011,12364,560177,10522,610409,13025,535174,12428,568347,11516,509526,11324,524715,10256,476840,10695,910215,17650,1208675,16041,1578811,16822,1189913,17649,779628,11087,963189,14118,1147892,12791,19586686,40832,18045450,43228,1418357,20800,31068647,10008,449100,1441,1311,5,12896357,19487,6910823,27840,5985534,26745,5985534,26745,540601,11054,405980,11163,586811,14056,1633554,17767,26085263,4915,4835298,34699,1482236,18675,1992703,22349,5285754,37074,2116434,23675,593576,10108,419926,9800,39144818,NA,36.2,0.1,1282484,3032,543195,3077,354891,8603,38675135,11051,33446324,47467,3314066,42939,1063601,25940,514477,19053
2015,08,Colorado,63909,891,33563,314,5339618,2635,613549,20501,109740,4784,76242,4962,78078,4511,94793,5372,82041,4374,96000,4392,94658,4985,94464,4961,84216,4393,160123,6245,218560,7355,278937,7119,207223,6355,127008,4510,136241,4787,136411,4987,2947718,15138,2765115,18056,151603,7524,4333738,3353,283800,2168,1111,11,2074735,7548,1322618,9565,752117,9473,752117,9473,73703,4842,46599,3728,70853,4567,169542,5984,3671853,3754,658172,12429,231893,8295,301203,8505,909032,12164,390965,9139,81730,3883,59049,4062,5456574,NA,36.4,0.1,169905,2042,75535,2530,54989,2739,5393067,3719,4404058,21899,464316,16451,263761,11832,227445,12112
2015,10,Delaware,61255,1281,31441,830,920355,878,114360,9567,19146,2304,11772,1776,14735,1963,18128,1812,14881,1576,17395,2218,17887,1965,15329,1930,13379,1723,29418,2706,36908,2908,52486,3040,31945,2630,18796,2003,22193,2058,18197,1625,478082,5623,447516,5855,27693,2475,765250,1688,240200,3936,1049,26,352595,3920,249681,4261,102914,4301,102914,4301,7968,1537,5560,979,8822,1550,22895,2828,652636,1396,171293,5807,41122,3230,52556,3514,117581,4752,60228,3646,13582,1887,10538,1511,945934,NA,39.7,0.4,28449,445,12595,1024,11527,1216,935813,1401,800701,9561,73579,6942,12430,2521,44495,5586
2015,11,District of Columbia,75628,2493,50187,1986,638027,441,110500,8628,24290,2559,12308,1718,10691,1678,9907,1700,10814,1930,9265,1456,7393,1419,8972,1194,9720,1857,15656,2134,20760,2156,31240,2882,25997,2575,18986,1817,24445,2245,41343,2599,393578,5010,361179,4836,28235,2606,564206,1235,551300,20660,1417,39,281787,3030,112555,3556,169232,4150,169232,4150,15346,2106,11002,1803,12641,1844,38220,2935,472884,163,69891,4470,15015,1920,14002,2076,112629,5205,97445,3909,37729,3341,20542,2076,672228,NA,33.8,0.2,22126,448,10034,1340,3500,716,663006,1528,525024,7553,67188,5688,0,200,59905,4750
2015,09,Connecticut,71346,783,39430,434,3480932,2053,366909,15789,76091,3625,52141,3914,53716,3345,54382,3617,48458,3173,48603,3516,48005,3096,49889,3334,54238,3618,88952,4160,124132,4913,167378,5445,136495,4857,91735,4428,110764,4842,138724,4308,1949658,10676,1807098,10291,134494,5344,2922877,2830,270900,2053,1108,12,1343703,6712,889035,8413,454668,8901,454668,8901,38594,3296,27678,3060,37138,3034,119987,5503,2474718,1882,597727,11581,123572,4680,187970,7042,535933,9838,301008,7426,69842,3629,41261,3355,3590886,NA,40.6,0.2,95079,868,53814,1187,36548,2330,3554844,3252,3109580,17815,262279,13041,77847,8338,76997,6705
2015,12,Florida,49426,331,27697,180,19850054,6121,3116886,47330,548613,10837,387849,10598,423590,11145,460310,10122,416306,9950,425260,10565,393918,9691,369770,8921,339181,8272,621336,12946,758970,15040,849139,14819,533357,9575,295708,8493,311201,9195,328676,7334,9722242,28278,8990221,32668,678064,17193,16640196,7825,179800,1270,1046,5,7463184,23147,4760071,23483,2703113,22882,2703113,22882,241113,10062,184730,6915,278270,9192,726932,13846,14394281,8274,3596122,33988,903064,16332,1383565,22092,2620339,25196,1012174,16471,290401,8512,169424,7219,20271272,NA,41.8,0.1,560755,3100,250286,4862,224591,5907,20068392,6492,16832374,48927,1806706,41989,632122,20497,584938,21044
2015,13,Georgia,51244,372,26810,261,9943145,3984,1694988,33156,293023,9406,200297,6329,184142,7525,211837,7735,183111,8079,193294,7022,174441,6089,178544,7963,158032,6541,292329,10505,374255,8975,419540,10456,286175,8458,168794,6228,170612,6610,167981,6198,5005562,21508,4605633,20662,352199,11045,7998548,6350,159300,1021,909,6,3656407,14418,2261166,19480,1395241,15955,1395241,15955,107038,5460,81676,4592,121288,6298,328857,9640,6683767,7806,1560987,24829,368782,12225,496008,13240,1244449,20604,534649,12827,132042,5520,88973,5139,10214860,NA,36.4,0.2,333118,4395,152479,4735,91367,3999,10088525,6934,8489689,34028,782139,28132,476868,15082,283325,17018
2015,16,Idaho,48275,1093,24273,557,1622116,2056,245551,13820,43535,3851,33146,3266,34795,3166,35743,3481,32301,3041,39695,3077,30669,2892,29798,2726,28414,2747,50601,3825,62587,3882,71618,3500,45802,3517,24015,2334,18858,2653,15844,1673,791674,7903,744228,7744,42149,3752,1270851,2653,176300,2572,770,15,597421,4571,411958,6794,185463,6126,185463,6126,14057,2245,10952,1629,15501,2328,38404,3869,1065982,3373,233224,7862,90923,4576,102284,4510,189566,6926,60161,4223,15330,2035,11855,1804,1654930,NA,35.8,0.2,55420,1256,22317,1516,18338,1518,1635366,2042,1333758,15568,168437,11566,50354,5849,73809,7373
2015,15,Hawaii,73486,2012,31052,481,1394121,1528,147984,8530,23431,2192,14298,1623,15293,1813,15164,1845,13731,1840,16542,1715,16852,1945,16700,2095,14892,1754,30955,2817,48599,3045,64879,3801,51173,3017,32445,2664,38040,2859,32942,2147,754691,7151,675214,7765,35025,3151,1152884,1566,566900,8903,1500,41,445936,4817,252435,5537,193501,4944,193501,4944,16959,2272,11288,1812,18380,1991,54679,3025,985914,1476,245751,6789,55400,3747,105951,4655,205033,6153,66761,3486,24187,2015,13213,1627,1431603,NA,37.7,0.2,46558,789,15891,900,16079,1372,1414355,1729,1206066,10201,128513,8991,8283,2581,53742,4403
2015,17,Illinois,59588,511,31867,219,12559422,3422,1703258,35831,326699,9155,205213,6094,229195,6734,238884,7379,213253,6966,224178,6875,209724,7099,212401,6987,183019,6971,365235,7925,474218,7882,607475,11979,433367,9623,270077,7033,292932,8090,308653,6608,6674925,20563,6196524,22814,460831,13244,10240058,5708,180300,1228,936,6,4794523,12954,3129641,16316,1664882,16458,1664882,16458,132159,5778,97981,5284,138434,6175,390667,8625,8661938,4801,2004321,21697,569835,11823,698002,12278,1757697,15944,803408,14204,184590,7258,107845,5086,12859995,NA,37.7,0.2,396335,2261,174474,2859,122558,4054,12706393,5951,11029917,29927,1071716,27137,328113,12954,209828,10119
2015,18,Indiana,50532,387,26396,263,6417418,3611,933181,24656,168008,5755,126383,5271,139691,5535,141379,5544,140982,6155,142433,5875,135739,5467,131206,5055,116651,4707,215360,6267,268904,8136,313960,8446,195160,6383,104528,5420,91187,4977,83572,4469,3315616,16715,3119966,16839,192637,8688,5215392,4548,131000,967,758,7,2515143,11611,1714880,13299,800263,10613,800263,10613,65245,4249,47375,3319,64484,4382,174543,6365,4363573,5516,1274406,16484,288014,7828,364142,10110,697223,12539,286021,7778,61351,3815,43525,3528,6619680,NA,37.5,0.1,211439,2593,95855,3215,66989,3218,6540691,4312,5527512,24338,604567,19966,238643,11224,147529,10054
2015,19,Iowa,54736,787,28628,328,3021823,2361,367414,13279,73157,4013,64033,3518,60543,2970,65270,4497,63398,3803,63551,3575,58372,2891,61008,3749,56127,2720,111835,4559,142918,4805,173284,5928,106610,4866,56383,3110,49121,2906,41639,2930,1670671,10218,1599893,10927,69428,4471,2475140,3231,136100,1245,718,8,1247249,6782,881480,8544,365769,7852,365769,7852,28636,2928,18057,1980,24543,2310,75329,4115,2074504,3958,578730,9143,152488,5024,236728,6452,377035,9018,124708,4386,33674,2506,21174,1869,3123899,NA,38.1,0.2,98619,1902,52603,2893,33092,1944,3081446,2995,2598298,16346,266954,10527,119511,8365,85937,7418
2015,20,Kansas,53906,872,28852,427,2830943,2019,368879,13898,72573,3487,51869,3151,52934,3234,59321,3806,53868,3109,57346,3218,54231,3374,56650,2866,51229,3287,97614,4824,117581,4994,139827,4670,99185,4454,54823,3005,46183,3317,46348,2641,1506093,10150,1417069,10758,69132,4299,2270108,3461,141200,1556,782,10,1111582,6565,738336,7661,373246,7105,373246,7105,28001,2590,23647,2840,24812,2388,68665,4156,1888479,4436,422313,7344,155741,5799,158308,5517,384495,8102,157694,5288,33557,2210,23317,1911,2911641,NA,36.2,0.2,100159,1703,44074,2481,28833,1712,2875640,2522,2405677,14673,262126,11676,98589,6591,91340,7226
2015,21,Kentucky,45215,470,25082,308,4290022,2851,794055,21101,157997,5695,113803,4941,107657,4707,103126,4702,96573,4473,99230,5019,91737,4702,84248,5094,75238,3833,139359,5895,172052,4965,191044,6115,115157,4844,62298,3552,56389,3129,50260,3408,2075620,12621,1928967,13595,133812,5321,3531385,3734,130000,1285,702,8,1716168,8844,1138253,12189,577915,9596,577915,9596,46728,3566,31690,3216,41975,3128,114467,4820,2988790,4406,799916,12670,197430,6292,235061,8413,406865,8649,207579,7610,52767,2903,28963,2547,4425092,NA,38.8,0.3,139784,2011,61282,2173,46780,2547,4373403,3381,3706705,22052,364754,17856,179057,9240,106918,8171
2015,22,Louisiana,45727,670,25456,314,4541688,2472,889946,24422,179819,6991,113176,4267,113940,5508,109293,5042,90990,4790,93235,5043,78660,4442,79058,4264,66643,3538,123620,5377,159380,6299,189912,5770,128857,5878,73513,3813,74921,4459,62891,3538,2208403,15187,2037812,16605,155558,7833,3676681,4816,155600,1445,800,9,1737908,9569,1122294,10824,615614,11160,615614,11160,47511,4374,35622,3148,51908,4216,148311,6656,3095255,5801,884714,14304,161496,6976,189683,7770,470739,10264,170535,6596,49216,3339,27568,2320,4670724,NA,36.4,0.1,158418,3244,66589,3601,48236,2871,4612024,4460,4007364,20659,354502,15741,141721,9236,93321,7854
2015,23,Maine,51494,854,28437,634,1292996,1632,172620,9255,36243,2911,33109,2534,34341,2246,28658,2294,29093,2354,28909,2402,26646,2494,24677,2167,22323,2092,45026,3030,61890,3008,71281,3391,41977,2784,21930,1962,22102,1970,17021,1774,687008,7307,648414,7870,36802,3134,1103834,2110,180300,3031,792,16,545226,5325,387101,5032,158125,4266,158125,4266,14492,2309,8981,1454,13075,2124,34274,2727,961240,2182,265076,7091,58358,3470,93335,4229,187513,5838,71715,3427,18480,1859,11845,1457,1329328,NA,44.6,0.2,32056,966,17329,968,17499,1466,1317444,1397,1127394,9359,114604,7565,41667,4921,30123,2991
2015,24,Maryland,75847,591,37522,295,5863290,3873,570776,21279,107588,5770,68224,4079,69310,3818,73312,4042,75027,4079,82307,4867,73691,4567,82450,4773,72303,3991,156852,5887,215490,7049,292435,7527,229480,7399,163247,5872,207315,6197,208903,5059,3238521,15680,3031466,16026,175802,7499,4814546,3848,299800,2083,1278,14,2177934,7798,1436159,11090,741775,10581,741775,10581,64866,4317,52064,3824,65085,4908,171975,6472,4102486,3202,901946,15393,241562,7412,266499,7943,866352,13975,505272,10918,112754,5380,107236,5057,6006401,NA,38.3,0.2,186793,1726,77913,2138,55907,2633,5934005,4398,5076791,24604,460769,19551,178019,10050,168894,10301
2015,25,Massachusetts,70628,620,38130,335,6558724,2955,752071,21473,154491,6187,124961,5473,105362,4877,98489,4035,92936,4787,101287,5730,88652,4469,87266,4251,84058,4564,172202,5527,230919,6071,309808,8576,264100,8068,176557,5851,213350,6071,255513,6886,3744289,14990,3522203,15903,217480,7674,5578648,4136,352100,2202,1164,11,2559951,9181,1579953,12525,979998,12799,979998,12799,97349,4780,60544,4076,79227,4708,234295,7791,4706644,2304,1051158,16950,227193,7104,362478,9287,1086715,13983,601150,11576,135323,5311,128501,4968,6794422,NA,39.4,0.1,187224,1200,102112,1509,67476,3231,6725678,3740,5893936,18618,443952,16734,190407,10007,132642,7404
2015,26,Michigan,51084,244,27865,185,9698396,3148,1529645,27659,295663,7245,198423,6431,208038,5520,215407,5662,195954,5569,213575,6585,188915,5589,195129,5726,170308,5832,321771,7200,401240,7357,463728,7608,299875,6762,171344,4510,169000,5200,150162,4856,4866118,15730,4512641,16449,349396,8597,7982332,4984,137500,796,803,6,3858532,11041,2717217,13903,1141315,12832,1141315,12832,91552,5080,67590,3674,90466,5092,276164,7522,6728347,3741,1704085,16820,510771,9757,622089,10660,1145546,13438,535769,11486,111288,4649,77870,3579,9922576,NA,39.7,0.1,293168,2059,139641,2308,109378,3489,9811416,4125,8394658,25486,880599,20468,348703,12400,142639,8234
2015,27,Minnesota,63488,669,33425,291,5366594,2516,546431,16392,103958,4533,85245,3925,90590,3832,99911,4393,87855,3933,95514,3683,96033,4000,93558,4175,87188,3907,169795,6061,235451,6503,301391,7203,211598,6785,130076,4892,137225,4496,121874,3833,3041112,9704,2913176,10213,126360,5095,4349038,3497,200000,1224,888,9,2147262,7978,1523273,9834,623989,9511,623989,9511,52228,3871,36758,2595,50332,3621,134965,5204,3700935,3137,823342,12125,254968,6336,413953,8036,847584,12158,305569,7229,78232,3841,52622,3039,5489594,NA,37.9,0.1,181536,2087,73466,1797,55302,2558,5419822,3620,4618325,19800,412063,14616,249320,10106,108476,7030
2016,28,Mississippi,41754,556,22694,384,2892894,2014,602768,21320,113124,4835,87136,5004,71206,4058,70160,4560,59619,4105,62688,4149,55973,4422,57215,4119,41870,3427,86198,4669,98865,5983,117664,5168,68367,4079,37809,2983,34786,3038,28565,2396,1342058,12760,1227812,13279,102894,6069,2349401,4775,113900,2115,728,11,1091245,8803,734114,9343,357131,8635,357131,8635,26698,3261,18047,2168,27493,2906,73622,5077,1957022,5315,477515,11964,111813,6243,177695,7168,264865,8398,113113,5560,27550,2514,20735,2405,2988726,NA,37.2,0.2,94031,3063,49112,4276,30367,2349,2951081,3274,2556013,17776,225078,14208,99499,6802,64639,6777
2016,29,Missouri,51746,374,28406,306,5911040,3431,826954,22623,160615,6705,122649,4654,123789,5201,128270,5714,123224,4726,133429,5639,123373,4564,117476,5796,107254,4130,200473,6468,248099,6281,296437,7492,188700,6361,102034,4905,102670,4935,93698,4434,3063755,16108,2892864,17230,149445,6444,4865244,5197,151400,1188,771,6,2372190,10844,1567597,13680,804593,10768,804593,10768,59109,3734,48205,3611,60617,4158,155297,7200,4121014,6151,1083372,11927,297778,9317,325244,8690,729511,12712,324191,9934,70157,4525,48791,3527,6093000,NA,38.4,0.2,191627,2743,90219,3126,60922,3291,6022165,4040,5078669,22798,513247,18511,245544,10743,162809,8925
2016,30,Montana,50027,1096,28933,749,1018105,1144,135638,7800,26734,2183,24786,2391,22330,2391,22193,2098,22568,2191,24449,2343,22135,2094,22241,1974,20513,1987,33707,2860,43775,3112,50902,2878,29940,2823,18585,1928,15669,1603,15598,1511,532234,5079,503850,5556,25373,2311,838974,2147,217200,3862,741,17,416125,4426,282995,5662,133130,5202,133130,5202,10925,1466,7125,1561,10538,1769,23373,2125,712616,2841,172231,5683,46019,2616,66134,3776,148944,4923,48718,3194,14909,1860,8035,1242,1042520,NA,40.1,0.3,31760,1145,13305,1306,13093,1290,1032794,1223,863174,7519,92044,6758,36256,4092,37775,4095
2016,31,Nebraska,56927,767,29910,389,1851069,1911,211453,10293,45794,3116,33266,2466,31084,2533,37602,2475,38037,3067,40412,2841,36761,2757,35558,2474,33429,2688,57950,3212,83173,4291,99028,4389,69003,3272,37347,2482,37665,2540,31453,2166,1031217,6916,987794,7332,37751,3408,1484034,2270,148100,1675,769,10,747562,4452,488339,5373,259223,5539,259223,5539,22583,2434,15011,1985,19010,2012,48924,3136,1243820,2830,286360,6736,88321,4443,129795,5328,261931,6575,90070,3541,22938,2201,16033,1597,1907116,NA,36.3,0.2,66464,1388,27176,1279,19105,1622,1882987,1995,1573126,12455,177748,10386,70370,4814,51448,5875
2016,32,Nevada,55180,901,28117,399,2896888,3250,399420,18626,68507,4886,42720,3071,53143,3653,53188,3403,56693,3758,57215,3909,50798,4207,53783,3826,44637,3558,87876,4032,116975,4704,135242,4728,88474,4750,54275,3382,45943,3019,45689,3255,1480100,9986,1375164,11820,98389,5478,2339612,2981,239500,2206,1003,13,1055158,6433,578762,7662,476396,8145,476396,8145,41384,3892,30548,2744,47642,3377,105551,5547,2010610,2209,498977,12174,150003,5808,156342,6252,308547,10637,114345,5451,32605,3008,16278,1687,2940058,NA,37.9,0.2,94077,1098,33741,990,30783,2576,2907243,2819,2400809,18901,348406,17387,25652,3143,117899,7370
2016,33,New Hampshire,70936,1422,36320,687,1292255,1106,94289,7685,20890,2566,15933,1908,18190,2315,18067,1841,21680,2292,22695,2067,21064,2112,17717,2340,21086,2454,39534,3108,57994,3587,75337,4214,56445,3069,33685,2445,41092,3028,39234,2925,749509,6907,719923,7174,26942,2926,1108050,2042,251100,3471,1026,23,520643,5191,365021,5402,155622,5342,155622,5342,13216,1863,7568,1367,13022,1867,31264,3127,947586,2249,217686,7141,57739,3922,97488,4243,213461,6630,101003,5085,19392,2099,12822,1653,1334795,NA,42.7,0.3,34168,1032,20070,1537,17121,1399,1322101,1298,1122068,9993,105715,7789,34888,4135,52457,5343
2016,34,New Jersey,76126,701,38911,293,8769487,3021,915913,28791,170029,6836,118862,5855,123335,6065,121889,4670,120881,5562,113762,5328,112003,5795,110312,6000,100527,4994,207103,6096,277719,8225,390127,9002,328144,8879,220764,7203,295764,7663,383298,7529,4702590,21131,4410393,20739,282998,8298,7197473,4317,328200,2191,1244,9,3194519,10274,2019927,14176,1174592,13481,1174592,13481,99605,4947,68113,5105,105981,6394,303045,8573,6171172,2256,1541029,20720,302184,8492,400332,11271,1460518,17545,670786,12006,153171,5541,95327,4593,8944469,NA,39.5,0.1,265092,1319,113896,2302,85954,4096,8852286,5371,7934689,25558,489610,18514,214027,13667,144359,9330
2016,35,New Mexico,46748,826,25146,479,2039449,1699,404463,15353,66983,4439,48930,3220,50025,4091,48054,3477,40353,3418,38164,2931,35107,2934,37564,2815,34581,2684,59437,3388,73011,3581,87486,4182,55708,3629,29307,2585,26732,2351,26922,2608,961252,9346,880676,9063,71339,5029,1650960,2922,167500,2143,804,16,758364,6296,511099,7819,247265,6812,247265,6812,18724,2471,13499,2018,18208,2358,54442,4284,1391381,3935,310743,9173,85075,4264,116674,5835,215691,6623,116006,5227,22128,2022,24408,2371,2081015,NA,37.7,0.2,62926,1761,30557,2379,24354,2234,2057857,2689,1768040,12935,170973,11198,43438,5234,64802,5735
2016,36,New York,62909,631,35534,214,19230198,5205,2832824,38578,543763,12132,352029,9607,322683,7756,327051,8184,297201,8689,316465,9191,285531,8078,277776,8886,239908,8368,485826,10467,648930,12717,864777,14413,646586,12798,432309,11182,521545,11193,646674,9931,10125624,23786,9503468,26542,599965,14757,16048423,7037,302400,2460,1194,7,7209054,17665,3841170,19390,3367884,19924,3367884,19924,292608,9165,203007,7685,272899,8953,907550,14811,13653592,4583,3036385,26917,637569,10073,1191816,17949,2749619,27654,1521940,17492,391676,10635,204577,5851,19745289,NA,38.4,0.1,589598,2271,264735,2759,190733,5372,19526443,6611,17465164,35945,1155869,27030,478618,13059,260723,11746
2016,37,North Carolina,50584,292,28156,285,9886033,3818,1521880,32197,282491,7816,228088,7916,209825,6844,212659,7095,206371,7190,215759,6349,190497,7507,199257,6269,170320,6503,318567,7932,395160,9069,468022,10041,288626,7339,160589,6395,166800,5286,169392,5628,5032174,19158,4646249,20832,309063,9458,8115833,6864,165400,1041,839,5,3882423,16063,2493388,15093,1389035,15637,1389035,15637,114511,5967,83331,4417,109197,6309,284965,8997,6877185,7537,1472415,17405,439327,11303,654866,14174,1345615,18103,543876,12126,114036,4990,87578,5027,10146788,NA,38.7,0.1,304611,3885,149350,5268,105563,4481,10032407,5350,8460264,33199,806732,22672,384240,16217,330896,14462
2016,38,North Dakota,60656,1528,33339,970,731759,1407,78464,6184,19233,2127,13042,1648,14280,1979,14087,1876,14895,2130,13485,1607,12481,1689,13526,1744,13927,1829,26821,2637,34340,2562,42836,2718,33549,3204,18175,1630,15300,1583,15157,1553,425792,4250,407369,4910,11782,1894,600126,1658,184100,3927,776,17,315134,3356,199208,3641,115926,4095,115926,4095,8469,1809,7678,1648,5609,1538,20377,2632,495015,2090,115825,4402,30672,2666,67554,3120,107578,4161,28550,2613,5718,1034,4477,847,757953,NA,35,0.3,29722,1319,12091,1054,7675,810,746271,1202,620891,7724,66890,6070,24120,2937,29655,3868
2016,39,Ohio,52334,275,29164,233,11287401,5000,1645382,32693,348316,9238,239177,7604,242415,7362,247564,7953,226903,7639,241658,8121,220109,7014,230593,7560,196062,7212,389125,8430,485024,9087,569956,11241,371140,9549,222552,6906,202421,5646,191654,5796,5884933,21667,5543802,22436,332095,10111,9318105,5116,140100,755,759,4,4624669,14929,3022809,18037,1601860,14736,1601860,14736,127959,6017,83305,5530,125280,6137,336646,8896,7922061,4787,2333030,21754,530452,11844,682507,11574,1362205,16368,598321,11011,130456,4677,88699,4031,11614373,NA,39.3,0.1,355341,2716,157132,2800,125495,4951,11481752,4551,9755589,33208,1084665,26585,397621,15310,195396,9185
2016,40,Oklahoma,49176,625,25880,271,3809431,1956,620377,15205,115205,4611,83089,3399,85175,3721,82570,3251,81110,3315,83843,3655,76299,3479,72709,3383,62985,3318,118920,4309,154008,4438,173482,5294,110972,4189,60746,2875,56790,2915,51439,2641,1868680,10970,1742747,10428,110892,6032,3063649,2579,132200,1454,744,7,1469342,7193,953552,7733,515790,7857,515790,7857,36213,2843,28775,2481,39304,2932,99049,4366,2571636,3575,674289,9190,186546,5194,203590,6236,432922,9518,157183,5110,35356,2767,23204,2247,3923561,NA,36.4,0.2,135807,1813,57545,2216,38751,2029,3873232,2534,3225478,15384,373578,12470,157192,7416,102000,7094
2016,41,Oregon,57532,855,30822,297,4016520,2426,536146,18071,92835,4892,70974,4046,71622,4734,82751,4122,80628,5557,77257,3885,69794,4012,69584,4538,69560,3931,126752,5267,167833,6330,200748,7055,141726,6433,81530,4444,85302,3851,82782,3492,2061002,13029,1940682,13470,117641,6563,3327652,3040,287100,2326,1015,14,1571678,6691,969579,10315,602099,10324,602099,10324,53546,3964,37268,3360,53168,4073,147317,6729,2857952,3514,526763,12933,235544,7517,244515,8303,572508,9970,247973,7003,66154,3859,47895,3319,4093465,NA,39.2,0.2,121273,1935,51073,2408,53142,3211,4052221,3173,3307805,19198,421818,16591,156132,10429,139334,9092
2016,42,Pennsylvania,56907,360,31272,168,12368256,3787,1592045,30765,317031,9808,232847,6480,246866,7761,253987,7384,235516,6538,240897,6204,223903,7531,224617,7684,198180,6824,396893,8029,508245,10065,619424,11735,430798,8831,271382,6180,271744,6562,265441,5837,6477105,22981,6097349,25060,373872,10663,10427404,5796,174100,736,881,5,4937771,13721,3382514,17950,1555257,14774,1555257,14774,121408,4737,87013,4400,116442,5352,345921,9958,8921975,5062,2787677,22439,480857,9115,730217,11315,1676971,21471,765331,11753,175633,6165,129802,5488,12784227,NA,40.6,0.1,364170,2258,178782,2636,143075,3910,12645493,5619,11016361,36704,957372,28900,350899,13072,252060,10750
2016,44,Rhode Island,60596,1591,33008,807,1015892,798,129932,9143,29613,2919,24059,2619,16734,2036,19759,2539,19046,2283,17225,2120,17184,2083,18697,2285,14313,1760,25511,2480,41106,3166,50094,3570,41210,3070,25642,2380,25913,2224,22133,2024,558273,6541,521879,6844,33014,2940,874310,1685,247700,3609,948,17,408239,4139,236882,4213,171357,5796,171357,5796,12612,1670,12351,1985,14439,1741,38943,3310,734045,1360,167783,7033,42281,3195,60183,3971,151195,5781,70435,4856,17015,2106,11620,1642,1056426,NA,40.2,0.2,27055,829,16924,983,10666,1438,1045691,1810,898574,10119,87786,8359,18939,3441,32800,4037
2016,45,South Carolina,49501,601,27016,351,4820419,2587,735960,23271,154474,6114,106392,5508,97731,5421,106097,5053,102722,4809,105611,4527,91373,4982,94963,4701,87555,4679,156557,6104,186920,7265,222541,7009,144530,6418,74673,3885,75894,3899,69854,4046,2411334,15529,2229274,16653,149213,7050,3986784,4017,153900,1435,841,9,1877887,10574,1288871,12866,589016,11203,589016,11203,48936,3948,36098,3877,44879,4494,124198,6015,3388476,4957,834907,14350,206995,6939,317549,10671,591086,11410,242201,7936,53013,3536,36206,3389,4961119,NA,39.1,0.2,147935,3054,75806,3616,57600,3296,4903788,3376,4176954,27733,375170,16923,167245,12514,165230,10983
2016,46,South Dakota,54467,1289,28585,808,837292,989,110962,6706,22031,2083,15340,1778,15469,1724,15887,1764,15941,1856,19304,1995,15835,1931,17382,1751,15574,1730,29500,2251,37475,2250,48097,2723,26814,1891,14116,1525,12875,1656,12363,1475,457331,5265,437627,4932,17838,1806,673517,1970,160700,2613,706,19,334003,3659,224459,3798,109544,3813,109544,3813,8274,1302,5258,985,8510,1594,18737,1808,565894,2150,139760,4778,36532,2943,65093,3561,111002,4685,35829,2821,9174,1301,7256,1192,865454,NA,36.8,0.3,31203,927,13962,1326,10945,1264,853832,1413,720262,7279,66837,5767,30910,3371,31789,3927
2016,47,Tennessee,48547,675,27087,283,6489032,3408,1023177,25829,201420,7152,136845,5486,145997,6624,157846,7489,141700,6305,143315,6389,131448,5808,134289,6222,114431,5702,213885,7033,256308,8159,298237,7374,177687,6704,102092,5126,102869,4596,97963,3827,3221750,15879,3024597,16851,176743,7489,5320715,5487,157700,1194,806,8,2556332,11690,1664018,15061,892314,14411,892314,14411,71623,4553,53022,4756,75077,4626,176460,8056,4527198,5159,1199477,16467,291978,8004,328595,9621,756055,14474,303704,8740,73385,4931,49711,3216,6651194,NA,38.6,0.2,205836,3053,87114,3020,75148,3612,6580953,4457,5644022,24352,544359,20294,198256,10338,170867,10319
2016,48,Texas,56565,300,28714,144,27236443,6495,4261337,60018,620911,13678,441878,12387,442937,13108,493657,11947,468636,13365,482096,13227,431145,12181,445472,13502,386993,9283,765605,13945,952667,17530,1135586,15388,826591,15373,497891,11571,536320,13530,607227,10948,13777044,36791,12927456,38862,760247,15892,21368307,10314,161500,797,956,4,9535612,20125,5825471,27395,3710141,23471,3710141,23471,304264,9257,236372,7799,322341,10605,764752,16654,17775280,10876,3701336,36856,1073287,20060,1259574,19634,3362678,30607,1281070,17892,295098,9096,196841,8112,27862596,NA,34.5,0.2,1026904,5422,421215,6939,233383,6458,27472626,10409,23105984,50841,2540031,49361,1059866,26452,531996,20183
2016,50,Vermont,57677,1672,31836,740,600077,990,71329,5685,14019,1576,15503,1661,11702,1565,12704,1813,12410,1725,13077,1497,11202,1554,10816,1328,9377,1224,21228,1850,26117,2009,34858,2161,22953,1775,13880,1564,12789,1479,12216,1309,338584,4286,324824,4216,13267,1842,519521,1311,223700,4009,925,21,254851,2815,177772,3783,77079,3456,77079,3456,6158,1352,4210,886,7626,1364,18020,2208,439563,1331,112116,4503,22489,1779,40499,2932,92871,3198,46671,2857,12297,1560,8016,1131,624594,NA,43.1,0.3,16362,661,10977,794,8824,1053,619387,803,535268,5519,46864,4632,13880,2219,21262,2769
2016,49,Utah,65977,955,26993,391,3004148,2144,306902,15189,40059,2948,30734,2732,31314,2944,36827,3278,35216,2754,41991,3323,39723,3142,45254,3707,37757,2914,82108,4296,117782,4989,140905,5364,99298,4830,58652,3838,56377,3037,49150,3235,1520790,10067,1453401,10950,61917,4117,2228666,3273,250300,2721,954,14,943147,4975,659266,7711,283881,7719,283881,7719,23138,3224,19071,2166,22473,2413,55885,3564,1783244,3060,354303,10796,145106,5046,178193,7488,381130,8023,140249,4695,33569,3299,25987,2398,3051217,NA,30.7,0.1,131212,1632,45875,2263,22602,1843,3002244,3318,2474308,19586,291029,13965,104989,9632,107083,9315
2016,51,Virginia,68114,748,36206,295,8158241,3830,896440,28235,174991,7031,120904,5339,119111,5102,123015,6111,115461,5485,135007,6066,123158,5733,127506,6495,117366,5247,228933,7059,301481,7900,400490,9588,299429,6484,205546,6496,237472,6938,290822,6382,4447142,17288,4115486,17774,218154,8946,6761091,5909,264000,2048,1159,13,3120692,13161,2037641,16261,1083051,12975,1083051,12975,94800,6056,68238,4051,89197,4748,241801,8647,5721173,6607,1147310,17427,347347,9486,438669,12167,1241751,18218,695229,11550,142532,5001,99173,4553,8411808,NA,38.2,0.2,256888,3777,124499,4565,80300,3228,8312297,5430,7008805,27572,543822,20532,417181,14152,264164,11923
2016,53,Washington,67106,595,35284,366,7156306,2413,805691,22400,147496,5958,104035,5201,100694,5386,109037,5924,103271,5265,117364,5868,115214,4517,117894,5542,109873,4180,212614,6977,284971,7570,377218,10080,282053,7914,176974,5676,197643,6435,211725,7609,3741765,18093,3496141,19740,200134,7451,5841524,4882,306400,2570,1135,10,2768076,8506,1729320,12424,1038756,12363,1038756,12363,91591,4174,67512,4600,85485,4419,222065,7548,4996555,4070,917047,17127,374392,10042,491450,10500,1098509,13876,472318,10733,109063,5493,75820,4187,7288000,NA,37.7,0.2,230624,2172,92040,2549,78537,3666,7202119,4069,5924723,30369,731854,25560,226472,10743,257728,13383
2016,54,West Virginia,43385,1112,24769,486,1779919,1541,319063,13661,70246,4096,47390,3627,46462,3643,46676,2728,43192,2920,42351,2863,37673,3144,36081,3146,29773,2758,58656,3422,68675,3900,80031,4014,48713,3626,26506,2357,21472,2484,18228,1985,802136,8616,740513,8861,60791,4180,1499100,2646,117900,2342,682,15,722125,5656,523078,7047,199047,6237,199047,6237,14304,2049,11907,1652,13517,1772,39915,3356,1291757,2855,422721,8992,74822,4365,95794,4736,162243,6282,78802,4753,16651,2177,11061,1680,1831102,NA,42.3,0.3,51303,1360,23840,1986,21988,2042,1810709,2337,1582818,10978,127187,8014,49766,4378,47196,5756
2016,55,Wisconsin,56811,549,30902,276,5628565,2951,661565,19715,126514,4425,110661,5306,111164,3697,117376,4895,109293,4652,121366,4352,110720,4366,110657,4710,100956,4543,198037,4667,250919,6662,322089,7152,211568,5536,122298,4655,107245,4477,96135,3476,3091906,12331,2962695,12961,125970,5164,4646895,3578,173200,1053,802,7,2326998,7745,1551232,10480,775766,10523,775766,10523,61944,3744,43912,3111,56446,3405,161615,5746,3933329,3771,1083082,13070,272788,7106,420412,8723,758503,11623,288536,6850,69338,3209,43798,3124,5778709,NA,39.4,0.1,170858,1812,78831,1909,65895,2836,5712104,3128,4876817,20516,483080,15475,213450,9343,118814,6959
2016,56,Wyoming,59882,2214,30042,845,571169,936,64663,5547,11596,1643,10085,1715,10995,1767,11036,1686,11685,1844,8831,1460,11241,1897,11922,1589,8902,1760,15675,1869,25437,2488,30199,2647,23243,2394,12901,1603,11364,1479,8507,1385,306974,4633,287583,4722,17000,1977,459694,2167,209500,6113,840,32,223619,4088,153894,4084,69725,4085,69725,4085,5307,1342,3363,989,4889,1269,12570,1706,390794,2101,93204,4177,30127,2639,45601,3765,67845,3782,26068,2568,6551,1380,5453,1071,585501,NA,37.2,0.4,20532,1363,7349,1175,6626,942,577567,1366,472996,8803,61542,6060,14453,3004,26471,4106
2016,72,Puerto Rico,20078,354,11952,248,3379483,1634,1469382,26573,342334,7352,140713,6002,119556,4904,99169,4913,80696,3785,68840,3929,60951,3885,45868,3225,38249,2886,57530,3737,58494,4314,45000,3311,21829,2149,9981,1582,11004,1682,8224,1424,1256664,11328,1052154,12753,202760,8681,2809340,2920,111900,1100,463,12,1208438,9900,821672,8711,386766,8157,386766,8157,16106,2016,13700,1797,17996,2020,62625,4234,2372197,3159,591067,14291,41330,3649,237746,7256,433120,11357,112925,5908,26678,2967,27168,3374,3411307,NA,40.7,0.2,82575,2463,50958,2605,36481,2747,NA,NA,NA,NA,NA,NA,NA,NA,NA,NA
2016,01,Alabama,46257,677,25810,318,4741329,2442,810231,23417,176641,6328,120590,5347,117332,5956,108912,5308,102080,4740,103366,5246,91011,4699,86996,4418,74864,4210,149568,6892,172123,6491,210500,7253,131506,4899,72234,4037,73159,3975,61636,3326,2232663,14866,2078325,15275,140963,6314,3897741,5319,136200,1645,743,8,1852518,12189,1268138,12239,584380,11458,584380,11458,40487,3342,34557,3418,46251,3447,123220,4999,3300713,5481,831521,12112,201485,6430,271030,6698,506680,11497,226164,6511,48931,3306,33747,2934,4863300,NA,39,0.2,143427,2872,68900,2735,50538,3028,4810126,3913,4141850,18249,383582,15840,146412,10428,122220,9811
2016,02,Alaska,76440,2230,34187,844,723968,1193,71566,6534,9066,1377,7301,1240,7545,932,8611,1079,8600,1529,8473,1159,8481,1245,8641,1304,8927,1607,20236,1870,26130,2303,35805,2520,30674,2987,19356,2281,22973,2070,17649,1810,403778,4904,357098,5742,30964,3145,575088,1406,267800,5996,1208,34,248468,2841,160215,3268,88253,3611,88253,3611,7281,1416,5052,1139,6038,1068,15352,1868,478951,1792,107185,4057,34525,2823,40819,3685,90861,4162,36182,2838,8730,1355,5804,1279,741894,NA,33.5,0.3,27162,995,10746,1204,7545,1078,731760,1282,593897,7921,78966,6119,21038,2800,31300,3641
2016,04,Arizona,53558,634,27997,288,6771098,3965,1107464,27786,184109,6989,123141,6489,116678,4765,130098,6069,130486,5512,123857,5885,124089,6284,128122,5561,106138,5649,218352,7180,253777,8268,315958,7243,199132,7314,118826,5184,124871,5471,121418,5454,3259425,16706,3031781,16699,210851,7306,5483490,3781,205900,1953,976,7,2519052,11479,1593014,12380,926038,13205,926038,13205,71296,4804,52436,3780,80343,4634,206380,6987,4626409,2850,924912,17080,344919,8422,390843,9507,835779,13503,359075,9336,84523,5192,56517,3204,6931071,NA,37.5,0.2,222819,1782,100530,2084,72081,4055,6851836,4173,5586753,30225,811714,24479,126363,8411,273257,14805
2016,05,Arkansas,44334,921,24264,375,2898630,2550,499225,17721,101085,6031,75579,3958,71364,4519,73293,4690,67142,4264,68962,4048,59857,3585,60179,4458,53457,3591,98492,4975,110734,5136,118374,5054,75019,3999,40069,2962,35574,2858,33538,2717,1355985,12446,1282676,11717,69030,4808,2358465,4617,123300,1740,701,9,1142718,7341,737632,8928,405086,8913,405086,8913,28782,3044,20729,2790,29329,3174,80009,4725,1990448,4903,552084,8641,135748,7000,133315,5681,282608,9219,118134,5826,26203,2376,18888,2380,2988248,NA,38,0.2,100122,2367,48382,2642,30712,2443,2949650,3135,2484705,17957,276078,14350,108733,7972,71083,6657
2016,06,California,67739,356,33389,138,38513258,8112,5525524,66544,699927,11559,584989,11873,526006,9875,581059,13320,495728,10465,539507,10981,498105,12317,515009,10363,457955,11042,890403,13192,1219707,16817,1574447,19640,1228401,15370,805397,14330,1019268,14059,1308270,14617,19744389,43347,18343258,42810,1277331,20520,31191530,9769,477500,1663,1375,5,12944178,15703,6943428,26799,6000750,23585,6000750,23585,542685,12826,407614,10120,580503,12562,1624062,14784,26304241,4823,4784486,35035,1494632,19918,2031775,21426,5426164,33141,2203376,25030,622302,11977,408628,11194,39250017,NA,36.4,0.2,1268309,2629,533249,3921,365885,6103,38783436,10247,33594813,62303,3252953,51100,1084298,27912,514758,19678
2016,08,Colorado,65685,636,34542,325,5420327,2295,598736,17942,108697,4740,80074,5196,81207,4568,90408,4111,84492,5128,88961,4492,89926,4993,90355,4678,81731,4939,167806,6211,224015,7495,287881,6606,205649,6336,126674,5114,148964,5145,152152,4761,3002644,15022,2827340,15935,140434,6702,4417829,3311,314200,2358,1171,10,2108992,7767,1365832,12605,743160,11239,743160,11239,66721,3991,54392,3990,67492,4590,180757,5844,3745506,3766,673089,12227,218245,7658,322529,8734,934273,12936,409712,8569,87779,3527,61117,3462,5540545,NA,36.7,0.2,171169,1919,73792,2466,59445,3055,5476928,3255,4466067,27786,478923,19422,275789,13523,223260,12315
2016,10,Delaware,61757,1492,31712,745,926864,1051,108211,8223,20673,2300,12893,1730,12843,1915,16476,1834,14993,1766,18790,2416,16634,2173,14516,1822,15046,1901,26974,2382,37988,3000,48649,3271,32836,2470,22554,2336,19635,2066,19585,1840,473528,6501,444321,6807,26678,3236,771059,1606,243400,3741,1048,25,351085,3936,245005,4786,106080,4864,106080,4864,9979,1936,6242,1298,10948,1923,21152,2603,662547,1199,188694,7699,44010,3925,52228,4128,121717,6057,58672,4302,12881,1971,11799,1751,952065,NA,40.6,0.4,28376,934,12994,987,12140,1318,942073,1325,817779,9121,76715,8070,8432,1845,33400,3275
2016,11,District of Columbia,75506,3416,50567,1813,647654,966,120308,9084,30145,2839,14621,1941,9700,1694,9692,1576,8825,1752,9203,1856,6917,1296,7421,1363,7168,1494,14804,1989,21465,2395,28086,2230,25982,2393,18094,1834,26539,2543,42579,2536,395244,5295,364797,5549,27119,2646,569932,1139,576100,17732,1376,32,281241,3152,110376,3494,170865,4218,170865,4218,13780,1967,11088,1767,10115,1564,42843,3070,480158,376,73974,4472,16770,1890,14086,1780,115097,4458,98988,4741,38236,2985,20554,2188,681170,NA,33.9,0.2,22166,182,9419,1208,5116,934,672022,1765,538547,7335,64166,6120,0,203,58154,4335
2016,09,Connecticut,73433,1059,41087,491,3469514,1932,339128,14645,70599,3625,49894,3580,49971,3798,52631,3377,49020,3112,54231,3669,53814,3873,49576,3161,45788,3196,90352,4717,123237,4615,173563,6247,133351,5863,99783,4344,111347,4524,150112,4844,1943614,11044,1811769,12265,123884,6343,2919678,3102,274600,2322,1115,11,1357269,7141,879073,9745,478196,9202,478196,9202,43434,3355,26647,3260,43224,3099,116806,4974,2467737,2128,597334,12616,120316,4979,186288,6606,541369,10224,297488,7945,74865,3938,39866,3159,3576452,NA,40.9,0.2,94249,900,55223,1504,38186,2523,3541758,2975,3116440,16535,256713,12982,66603,5925,75586,6930
2016,12,Florida,50860,241,28621,196,20191342,6143,2973512,48474,540162,12814,380118,9799,396960,10214,439214,12261,412385,10018,420447,11390,400969,10663,390918,10337,330999,9063,635701,13313,767782,13663,880905,17230,556443,12112,325589,8776,326855,9098,368009,8539,9868010,34864,9219488,34405,585900,13381,16950176,9323,197700,1318,1086,6,7573456,23478,4857125,26450,2716331,20401,2716331,20401,235917,7517,191519,8333,263978,9959,724989,12676,14703671,8103,3629364,31191,937204,17250,1429121,24027,2675907,28563,1061264,17354,307323,10789,163962,7648,20612439,NA,42.1,0.1,571177,3793,251999,4826,235653,7288,20401575,7828,17176492,49542,1773135,38274,614092,20470,605018,21606
2016,13,Georgia,53559,710,28183,279,10040201,4550,1603013,34382,277504,9245,186590,6710,181811,6989,199645,7881,176851,6411,189701,8726,169644,6544,176921,7927,154377,6743,296332,8191,380388,12158,448149,10784,298285,8591,171992,6825,182522,6766,195423,6575,5085287,22117,4735947,23311,300529,11741,8085411,7721,166800,1113,933,7,3686135,15528,2268606,20528,1417529,16560,1417529,16560,116408,6607,87764,4881,121769,6512,311768,10607,6785395,7007,1550795,23977,372145,9189,518208,14034,1270275,16078,560593,10446,145085,7067,90323,4720,10310371,NA,36.5,0.2,335338,4728,157075,5573,96436,4439,10179860,6234,8514847,32855,792954,23003,497678,20562,305040,15456
2016,16,Idaho,51807,963,25678,644,1652592,1607,237445,15728,44642,3581,30409,2991,30516,2832,31791,2904,28162,2820,34272,3578,33305,3419,29576,2726,31127,2663,53795,3321,71316,3873,73915,4304,47953,3721,26672,2460,24339,2464,19082,2435,803382,9225,762788,9836,37503,3734,1296599,2599,189400,3057,790,17,610872,4143,418217,6970,192655,5870,192655,5870,13487,1795,10788,1813,16584,2501,38685,4069,1087265,2780,243314,8048,91151,5262,104375,6190,203363,7001,65673,4443,17642,1958,13732,1752,1683140,NA,36.1,0.1,58216,1458,23434,1667,18987,1685,1663756,2007,1369449,15368,156143,11559,58079,6087,71556,7065
2016,15,Hawaii,74511,1776,32634,478,1389442,1866,129569,10361,25137,2416,16648,2221,11893,1763,16616,2104,13662,1660,16707,2053,16293,1560,16772,1901,14658,1851,31912,2803,48932,3598,62561,3736,50444,3133,34713,2309,37177,2631,41743,2482,756610,6865,686487,8024,31796,2920,1152321,1857,592000,8539,1483,28,455868,4824,260626,4898,195242,4348,195242,4348,14814,1896,13753,2256,20831,2682,51070,3664,990937,1287,255380,7353,53877,3667,104261,4400,211850,6366,67803,3870,21989,2370,14951,1932,1428557,NA,38.9,0.3,47084,902,15260,1019,18744,1781,1410258,1894,1217704,11310,109709,10770,8185,1712,57229,6791
2016,17,Illinois,60960,389,32849,226,12502057,3937,1621508,35297,337376,8945,207545,7178,218520,7029,230530,7331,204542,6067,221396,7790,205960,7519,207969,5875,179736,6060,357549,8131,466236,9622,616501,12199,453179,8776,273401,7176,312819,7668,328787,7722,6668355,19051,6231419,21051,419099,9953,10222986,6129,186500,1417,950,6,4822046,12932,3146858,18286,1675188,17617,1675188,17617,140141,6011,102806,5619,128940,6292,386492,9045,8665219,5171,1942508,21493,559821,9832,682989,11928,1813840,18696,830129,14153,188580,7028,109736,5086,12801539,NA,37.9,0.1,394782,2654,173399,2772,123115,4205,12654142,5822,10996695,35598,1054837,27544,333011,14338,203713,9123
2016,18,Indiana,52314,371,27464,247,6432804,3045,906077,22930,169319,6144,120810,4775,128712,5999,140106,5527,132682,5077,135528,5767,133535,7479,129908,5517,110596,5583,216221,6339,284279,8004,323239,8343,204822,6261,110106,5239,105506,4590,87901,4091,3335703,13968,3165016,15333,167215,6252,5239497,4973,134800,990,768,6,2533270,10440,1731421,12509,801849,11165,801849,11165,65549,3791,47775,3710,63936,4443,162244,5798,4392576,5286,1250854,14078,291768,8690,374136,10901,716293,12562,301847,8620,64188,4197,42518,2834,6633053,NA,37.6,0.1,215599,2600,95216,2892,67434,3178,6554084,4241,5580090,26152,556696,21456,244729,11693,145782,9568
2016,19,Iowa,56247,695,30047,380,3031338,2083,356378,12582,72996,3853,54335,3022,58382,3241,64916,3787,63190,3319,63714,3704,57855,2927,62133,4259,55490,3317,106820,4426,135524,4760,173355,5031,109741,5035,63823,3599,56555,2724,49103,3144,1681455,9415,1613618,9455,66229,4180,2489194,2704,142300,1521,741,9,1247932,7106,881435,7975,366497,6811,366497,6811,28070,2437,20526,2304,25361,2487,74569,4043,2087020,3608,569965,9618,150902,5514,234055,6212,398242,8617,135083,5328,35270,3213,24567,2609,3134693,NA,38,0.2,101624,1663,51206,2187,34165,1920,3097283,2760,2622577,14595,270269,12047,113251,6681,78263,5607
2016,20,Kansas,54935,893,28950,338,2825864,1863,342544,14393,68603,3681,51932,3006,49696,3148,59233,2976,57524,3705,59547,3635,55667,2989,57728,3592,48542,3442,91758,4284,120538,4869,139810,4707,96217,4571,54318,3330,50333,3133,48961,2465,1508145,8677,1426134,10043,67003,4789,2273338,3474,144900,1865,789,10,1110407,6778,729392,8711,381015,7352,381015,7352,30958,2295,21961,2525,30941,3216,70809,4019,1891936,3942,419534,10229,147685,4977,157030,5732,390861,8760,170982,5866,37627,2756,21956,2373,2907289,NA,36.5,0.2,102723,2358,45709,2666,30809,2150,2870529,2533,2394351,14952,269550,12338,100421,6322,88830,6459
2016,21,Kentucky,46659,600,26046,323,4298953,3416,794060,24195,164883,6076,107718,5265,105699,5442,96037,4138,93583,4911,94616,4669,86913,5236,83909,4712,71296,4364,134990,5563,173468,5514,196195,6773,120968,5567,69774,3851,59053,3598,58604,3822,2093294,14365,1954642,14368,124677,6146,3542057,4236,135600,1429,707,8,1717706,9131,1148175,11051,569531,9504,569531,9504,41552,3752,31638,3242,42413,3987,113145,5838,2995509,4084,769421,11453,196649,6100,256369,7708,419081,9942,202997,6861,51228,3344,29035,2568,4436974,NA,38.7,0.2,139265,2235,64028,2990,47502,2968,4385213,2955,3698797,19715,389651,17961,164067,8418,113238,7668
2016,22,Louisiana,45146,776,25664,351,4546017,4194,918187,25851,177657,6483,111597,5758,116369,6120,105727,5200,91499,5043,89807,4586,84156,4445,81454,5109,69419,4595,124751,5691,155107,5703,178891,7190,119432,4685,74537,4856,75391,4988,65007,3836,2188407,13167,2020951,14211,151211,6553,3690800,4784,158000,1441,808,10,1720801,8997,1105710,12317,615091,11467,615091,11467,46540,3646,38483,3678,51868,3841,154947,7594,3115020,6064,891304,16092,168026,6184,187288,7089,473299,9993,169554,6784,56083,3918,28970,2526,4681666,NA,36.5,0.2,154248,3991,64783,3725,45632,2981,4622042,3291,3994321,24494,376645,19871,149735,9588,85371,7322
2016,23,Maine,53079,1379,29604,536,1295971,1363,161749,10063,32918,2836,29965,2731,29553,2747,28398,2468,28149,2334,28435,2441,24679,2594,23358,2160,23218,2227,43005,2754,59421,3810,67780,3492,45198,3591,25675,2104,22109,1830,19799,1810,690870,6603,658476,7614,30560,2838,1108711,1960,184700,3005,797,23,531660,5774,382116,6101,149544,5077,149544,5077,13832,1780,9231,1569,13103,1579,27781,2921,966569,1470,272769,7530,57718,3385,94984,5205,181434,6126,79538,4145,18162,2222,12004,1191,1331479,NA,44.5,0.2,32762,886,17552,821,18840,1700,1319292,1668,1146220,8252,93532,5726,36360,4036,38590,4947
2016,24,Maryland,78945,737,38662,328,5875026,3123,567715,17097,114351,5271,63035,4026,69100,3977,73594,4285,72097,4535,74650,4203,73947,4297,77376,4152,71426,4454,152637,6725,207214,6120,296394,7286,237121,8329,171453,5766,208856,6812,231406,5608,3277687,12922,3073923,14327,175235,6635,4819956,4066,306900,2670,1314,10,2194657,9484,1445953,10330,748704,12039,748704,12039,64643,4229,45934,3541,59801,4343,176451,7544,4122508,4229,914616,15381,237805,7543,268485,7818,860491,13680,528502,11492,128976,5097,103160,4815,6016447,NA,38.5,0.2,186614,1523,78898,2231,58715,2843,5949566,4278,5140378,24631,434640,20220,171783,9937,158647,9687
2016,25,Massachusetts,75297,771,39771,315,6574249,2698,686597,20435,150324,6485,111493,4870,99450,4867,96097,5201,86177,4036,97932,4837,94390,4172,89361,4660,79520,4744,158994,5517,221610,7160,321572,7404,263456,7682,193846,6703,235468,6330,279708,6476,3775369,17142,3571010,18934,198840,7675,5601991,3487,366900,2249,1179,12,2579398,8290,1598930,10736,980468,11621,980468,11621,91499,5073,63923,3832,76793,5534,226368,8152,4727515,3062,1023967,14708,222787,7714,363356,8695,1124295,12174,629351,11631,140558,5149,126142,4739,6811779,NA,39.5,0.1,183091,1533,102655,1876,69388,3060,6745441,3674,5866016,20917,481509,15060,175513,8780,149408,9363
2016,26,Michigan,52492,402,29128,183,9702321,3906,1451936,23392,282702,7382,192393,6499,204042,5478,210055,6095,191279,5085,212988,6199,186744,6092,189850,7017,168833,6407,317209,8614,400421,8137,469989,9357,317278,7624,186785,5892,180780,5728,172805,4943,4894621,18389,4586513,19403,304288,8049,8002285,5668,147100,933,818,6,3884153,13696,2731283,14647,1152870,14709,1152870,14709,91220,5155,65855,3398,95314,4984,275100,8793,6760402,4180,1702082,16930,516290,9896,626128,12084,1162737,15121,547241,11010,119229,4842,80623,4121,9928300,NA,39.7,0.2,292094,1844,138388,2618,116125,4008,9813772,4749,8362412,27022,865726,23819,374907,12648,155874,9738
2016,27,Minnesota,65599,606,34515,297,5396363,2285,533276,15913,99348,3597,88525,3662,85744,4230,95223,4327,84498,4075,93089,3794,93567,4249,91328,3719,86602,4152,166874,5477,225942,6497,298663,7102,217427,6371,137087,4612,146364,5129,138444,4228,3040524,9621,2921646,10886,116518,4890,4375523,4084,211800,1337,912,9,2148725,7378,1532031,9426,616694,8476,616694,8476,56580,3575,34488,2333,48955,3628,127070,5660,3725283,4171,821200,12811,246325,6821,429762,6577,860125,12101,304937,7754,78752,3847,53170,2817,5519952,NA,37.9,0.2,181046,1754,71270,1878,59193,2248,5455904,2872,4669227,18130,389889,13616,255275,9185,111307,7183
2017,28,Mississippi,43529,855,23121,402,2889851,1968,571219,15607,118702,5385,74766,4316,67881,4892,71416,4487,58955,4248,59856,4000,54016,4215,53330,3604,46298,3144,87993,4911,101643,4643,123694,5867,72090,4664,38013,3432,34602,2917,28725,2854,1329899,13076,1226975,13805,92744,6010,2351836,3809,120200,1849,742,11,1091980,9693,748055,10139,343925,10085,343925,10085,24947,3055,18437,2659,25443,2977,69553,4751,1959341,5822,474462,11709,115046,5976,198080,7386,265220,9234,117007,6605,27568,2968,18702,2327,2984100,NA,37.5,0.2,92776,3372,54315,3918,29199,2832,2946971,3473,2553271,15365,201092,12130,112581,7593,73549,6399
2017,29,Missouri,53578,629,29438,295,5928516,4473,795732,21880,154176,5799,113274,4334,118982,5548,136287,6630,119551,6141,122480,6233,119987,5799,119267,5664,104649,5353,198841,7421,254310,7872,302218,7361,193207,5953,116227,4726,110749,4967,100930,4606,3078317,14731,2920301,16939,141163,7206,4885700,6327,156700,1203,800,9,2385135,13054,1596870,15553,788265,11974,788265,11974,59910,4925,44250,3619,62494,3958,156903,7427,4150275,6313,1085755,18205,286651,8113,326430,8282,743797,13029,333121,9451,74909,4292,54012,3566,6113532,NA,38.5,0.2,193698,2979,86732,3158,68271,3763,6039877,3888,5108238,22203,491377,17506,250828,11303,164957,10094
2017,30,Montana,53386,1427,29428,662,1024513,1940,127777,8406,27449,2775,19463,2304,21243,2527,24639,2320,23556,2468,24667,2372,19695,2045,18254,1875,18492,1806,37241,2444,44324,3025,53046,3114,36523,2557,19965,2121,19798,1820,14736,1776,540463,6144,519277,6932,18844,2148,846678,1924,231300,3808,759,20,423091,4068,292585,4359,130506,4275,130506,4275,10539,1715,7960,1885,9184,1447,24838,2347,723666,2332,169931,6006,48038,3099,65772,4226,157326,5731,53533,3861,13596,1747,9362,1467,1050493,NA,40,0.4,31592,1010,12289,1098,14379,1468,1039170,1406,883342,6867,83667,5723,32733,2979,35456,3743
2017,31,Nebraska,59970,1014,30915,433,1865038,1585,200909,11487,39314,2710,28420,2116,32931,2553,36833,2637,29959,2304,38999,2950,37886,2313,38085,2362,31630,2205,63314,3309,88007,4196,105880,4597,70339,3462,40844,2378,39056,2569,32993,2141,1048598,6719,1008952,7706,34967,3601,1496751,2116,155800,1954,801,13,754490,4583,500086,6928,254404,6618,254404,6618,19849,2074,16491,2181,17474,2204,39925,2852,1259254,3118,287016,6327,94422,4236,128547,4616,263330,7089,95439,4473,23353,2115,16658,1864,1920076,NA,36.5,0.2,67956,1431,27317,1522,22343,1959,1894217,1845,1586729,11557,174670,10132,69122,5413,52507,4964
2017,32,Nevada,58003,947,30166,489,2954279,2075,384120,18511,68407,4773,41810,3571,43830,3253,53034,4201,49265,3510,56256,4010,51270,2953,55763,3322,45300,2867,98766,5601,120144,5507,145001,6261,101430,4636,55544,3093,56747,3661,52046,3086,1522722,10190,1424856,10598,90032,6064,2390188,2895,258200,3014,1051,13,1094613,6821,619309,7889,475304,8814,475304,8814,39678,3307,32029,3088,41533,3548,102818,5654,2063180,2367,511692,12715,144751,5669,165508,6838,340110,9439,120878,5016,34858,2776,17434,1971,2998039,NA,38,0.2,94073,1375,34027,1150,32982,2837,2963456,3069,2430163,15771,357716,15708,25351,4242,133074,9455
2017,33,New Hampshire,73381,1694,38237,723,1298898,1427,99966,7412,22100,2530,16244,2058,18021,2048,22193,2803,20351,2631,22662,2312,17920,1585,17959,2178,19076,2311,38247,3338,54370,3277,74074,4134,56366,3827,40856,2789,44483,2936,43778,2785,759219,6404,728045,7121,28888,2682,1118608,2030,263600,3064,1072,21,528700,4349,369037,5901,159663,4888,159663,4888,13666,2089,10153,1702,13511,2382,33722,3292,958005,2078,227076,6882,59536,3774,97978,5219,216750,6656,104196,5687,18725,2136,14221,1717,1342795,NA,43.2,0.3,33146,711,18982,1148,17927,1754,1330742,1551,1134244,9693,101474,6491,35738,4400,52893,5645
2017,34,New Jersey,80088,672,40567,329,8831200,2566,882673,28071,172726,7271,103134,5256,112359,5534,116516,6124,105488,5357,119977,6152,103462,5924,107939,5105,97780,4940,200495,6875,280754,8893,400052,9651,330279,8325,238366,8812,310082,7948,419389,10143,4755006,20709,4493519,20800,252810,8826,7265350,4893,334900,1880,1284,11,3218798,8951,2053929,12820,1164869,11609,1164869,11609,103838,6438,74962,4616,102812,5918,289538,8470,6234538,2703,1542650,19141,300563,7868,418148,9946,1506899,18697,712061,9977,161480,6008,96267,4633,9005644,NA,39.8,0.2,264596,1615,117931,2947,86562,3783,8910191,5107,7968039,30575,489886,20846,220921,12741,152106,10356
2017,35,New Mexico,46744,1195,25311,467,2044187,1832,401755,16280,74415,5089,44272,3856,44267,3748,44888,3965,45885,3597,44267,3933,38069,3015,36865,3338,31578,3065,61647,4301,71048,4726,83354,4585,60362,4051,29205,2258,31778,2846,25805,2211,939545,11038,870092,11980,61065,5208,1654690,3340,171300,2181,813,18,767705,6614,521450,7322,246255,6801,246255,6801,18341,2304,16307,2559,19122,2265,52765,3795,1391475,3298,306790,8388,86940,5133,117531,5836,211995,6750,115804,4818,25580,2649,23121,2465,2088070,NA,37.7,0.3,64752,2391,33250,2714,21385,2044,2062628,2509,1801560,14081,146350,11502,46875,4710,57255,6560
2017,36,New York,64894,507,37156,270,19337685,4757,2722257,47366,539861,12778,344117,9974,318605,7942,324836,7534,287841,6682,295232,10482,274367,8468,280334,9768,248659,9305,497724,10801,651489,12851,865908,14258,655983,13453,446175,10941,555089,12654,718112,10237,10218721,31103,9634437,31037,560001,15070,16178211,7699,314500,2313,1226,8,7304332,18884,3930033,20800,3374299,21042,3374299,21042,283782,9107,204160,9072,291917,9562,898008,16077,13821132,5048,3078045,25810,637249,12596,1218132,18772,2794920,26765,1592075,19765,391553,11247,201614,7129,19849399,NA,38.7,0.1,593162,2656,266786,3285,206966,6003,19638923,8149,17553033,35651,1171150,30307,484002,14028,285252,11214
2017,37,North Carolina,52752,510,29560,232,10009042,3839,1471339,35219,272834,8558,209337,8014,203207,6445,216835,8048,199697,7612,208202,8579,190186,7073,199310,8435,169249,6563,319960,8517,405994,10724,476266,10945,306991,8970,188166,7746,195515,6838,193320,6653,5143222,22743,4783062,24982,266777,10545,8248651,6068,171200,1016,861,6,3955069,14774,2586616,16311,1368453,16087,1368453,16087,104040,5967,84642,4211,109516,5884,281392,9418,6991185,8361,1508979,18511,427470,10152,658224,13640,1406739,17830,571243,10296,121058,6047,91639,4747,10273419,NA,38.8,0.1,305480,4416,147615,4938,107528,4487,10158556,5686,8649400,35788,782485,28617,356775,12949,313834,13762
2017,38,North Dakota,61843,1052,34041,847,729355,1188,75279,5405,19934,2030,12052,1254,13328,1996,15073,1644,14433,2069,15008,1668,12702,1575,13878,1910,11446,1684,23336,2227,34546,2728,47485,3601,30131,2388,18805,1835,17844,1571,16305,2039,426288,4169,406875,4621,12307,1886,599020,1466,194700,5102,785,19,316306,3300,200554,4137,115752,3667,115752,3667,6818,1500,6287,1427,7333,1360,21969,2284,495904,1865,111058,4691,30031,2395,66236,3734,108045,4628,30784,3011,7948,1473,5662,1366,755393,NA,35.4,0.3,27657,1237,12387,1407,8231,1041,744641,1446,609017,7590,63752,5992,28684,3442,37315,3906
2017,39,Ohio,54021,411,30038,224,11330762,4496,1582931,31003,331728,9565,227476,6527,229748,7833,246686,8575,229240,7345,250708,7727,220574,6262,227150,6920,196561,6257,374897,8394,487157,9991,595751,9089,391930,8426,234417,7070,221825,7118,201344,6593,5894531,19979,5582008,22592,303348,9053,9366669,5590,144200,1015,772,5,4667192,13650,3070181,16573,1597011,16099,1597011,16099,121454,6741,85989,5541,118725,5564,330999,8717,7981885,4550,2350637,19034,532897,11606,698820,14563,1381934,17454,626841,11145,134913,5757,87662,4494,11658609,NA,39.3,0.1,354428,3006,162914,3485,133078,4711,11520109,5548,9822847,30854,1046545,26564,406200,13422,198929,10839
2017,40,Oklahoma,50051,575,26472,279,3814990,2186,603864,16323,107019,4123,82384,4133,80987,3888,88532,3335,83748,3960,82224,4024,71256,4177,74518,3995,63715,3225,121494,5049,150077,5045,177890,5508,111723,4570,62242,3325,59707,2942,52848,2729,1874308,12618,1758402,13181,99619,4761,3075002,3013,137400,1523,780,7,1470364,5913,962483,6980,507881,7566,507881,7566,39336,3336,30807,2294,40383,2717,95098,3908,2586414,3402,677688,11375,187202,6158,208717,5295,437243,8868,161597,4908,35948,2652,25748,2044,3930864,NA,36.6,0.1,136674,2221,58593,1998,39865,2301,3875922,2998,3216306,16831,377231,13735,165493,8823,101961,5461
2017,41,Oregon,60212,796,31950,360,4064467,2475,537974,19115,102403,5187,68783,4194,71532,4368,72833,4522,69648,4200,76959,4257,72554,4275,69155,3974,65719,4008,129368,5139,170472,6834,212326,7048,149666,6384,85088,3748,96480,4254,90649,3405,2102930,14148,1992899,15346,107100,6294,3370795,3901,319200,3313,1079,12,1603635,8695,1007015,9420,596620,10301,596620,10301,51301,4278,38784,3712,50700,3778,149326,6901,2901195,4079,547333,12934,223542,8516,255783,8450,609160,10201,260431,6861,63263,4125,45563,4121,4142776,NA,39.3,0.2,118268,1603,53649,2330,49838,3166,4102048,2613,3405784,21975,380687,18316,140060,9698,149513,8993
2017,42,Pennsylvania,59195,443,32711,207,12398112,4585,1548720,31552,361529,8860,225094,7449,234138,5988,245062,8095,230004,7205,230583,7621,210767,6404,215378,7278,193032,6557,384089,7478,514097,8479,645417,10442,443136,9798,280173,5844,291842,8180,304410,6268,6524656,22895,6173143,22722,345226,11856,10459220,4797,181200,1167,893,5,5008751,12653,3421017,18098,1587734,16243,1587734,16243,125903,6317,84044,4623,115757,5888,349765,9264,8960842,4623,2789937,22499,479282,10636,747997,14883,1697397,16085,800211,14807,184166,6893,135462,5555,12805537,NA,40.8,0.1,361258,2016,179832,3191,148407,4510,12674642,5854,11072942,30451,938502,25215,353887,13178,250120,12213
2017,44,Rhode Island,63870,1861,34511,701,1018556,943,118367,9887,25342,3015,21960,2363,20684,2333,19771,2137,16557,2199,16087,1990,16869,2306,15567,2372,12856,1996,26853,2538,40014,3139,53632,3326,40499,2883,26792,2646,28002,2601,27263,2191,574161,5734,537914,6855,32751,3235,877959,1866,257800,5409,941,19,408748,4427,248723,5299,160025,4702,160025,4702,15229,2295,9501,1871,11375,1638,32728,3095,736969,1733,185518,6114,39926,3097,58876,3992,149699,5754,68812,4377,14606,1779,13407,1629,1059639,NA,39.5,0.4,28026,629,16681,1150,10827,1561,1048549,1369,922210,8302,66586,6427,16854,3105,36850,4029
2017,45,South Carolina,50570,532,27909,349,4882720,2812,751907,19900,154048,6449,99344,5567,99758,4943,112719,6445,104445,5089,107655,5140,88949,4324,91468,4441,82640,5390,153322,5346,197621,6602,223616,7538,146519,5738,80756,4962,81969,4621,80271,4251,2444647,15640,2272475,16852,139747,7533,4049809,4460,161800,1398,848,9,1905100,10277,1309670,12305,595430,11967,595430,11967,47459,3960,40312,3550,49028,4234,130249,6422,3443851,5552,861201,15321,199848,8541,330153,10013,607024,11807,262659,8899,53525,4184,41132,2871,5024369,NA,39.4,0.2,148358,2897,76657,4424,57415,2811,4966211,3526,4248517,21416,368434,17410,162881,10341,166573,9580
2017,46,South Dakota,56521,1314,29611,762,838991,1814,109099,6423,20228,1810,15472,2002,17132,1962,18003,2198,17173,2185,20122,1876,15462,1665,16372,1773,13270,1434,27534,2243,38738,2706,47574,2954,31112,2353,18094,1771,14826,1507,13148,1525,461825,5289,442470,5157,16208,2173,679688,1591,167600,2519,722,18,344260,3147,233092,4186,111168,3817,111168,3817,8373,1550,5480,1231,6556,1698,21606,2222,574559,1740,152075,5809,38089,2963,62204,3855,109803,4940,35691,2949,10754,1418,5490,1389,869666,NA,36.9,0.3,30609,1488,12575,1318,10366,1369,856726,1949,723740,7648,61658,4578,38123,4052,26106,3529
2017,47,Tennessee,51340,410,28764,333,6555389,3060,980284,25177,187701,7516,143824,6698,139647,6224,140979,6307,133815,5567,142134,6045,133304,6032,123902,5297,113266,5921,220455,7583,270899,8503,305317,8136,198044,7536,114047,4498,107322,4973,113999,4985,3311043,16408,3130088,18518,162289,8277,5385691,5626,167500,1112,833,9,2588655,10916,1693790,16621,894865,13978,894865,13978,72891,4528,53458,4161,71538,5170,168218,6386,4588453,6112,1220422,17620,292456,9453,332593,8648,790840,14517,327029,11198,78860,5067,57433,4255,6715984,NA,38.6,0.1,204882,2922,93849,3535,72414,4232,6642072,5023,5675990,26239,541230,18647,207682,11572,191909,10150
2017,48,Texas,59206,490,29525,142,27676343,7676,4076905,62508,640979,15416,403244,12761,424262,10338,484266,13641,436832,12899,467654,12574,424377,10973,434375,12042,384691,11901,756169,16771,969716,16498,1179445,20530,856153,14001,541828,13512,585220,13527,634663,11922,14001860,37078,13201891,38871,716417,19631,21761733,11356,172200,747,987,5,9623874,22217,5964183,30479,3659691,28117,3659691,28117,314096,11138,228134,8385,311346,9923,776666,15186,18149346,10783,3765663,43479,1093468,17767,1323957,21807,3510311,35839,1371324,24099,290221,9345,199633,8030,28304596,NA,34.7,0.1,1034131,5441,416503,6240,239876,7907,27924632,9989,23534387,67754,2542017,61639,1101316,28433,524511,22790
2017,50,Vermont,57513,2088,32443,856,599862,654,67841,5946,13260,1619,13032,1788,12873,1966,13569,1745,11818,1300,14024,1880,10222,1307,11773,1689,10051,1208,21659,2100,28153,2474,34502,2466,22266,1805,14896,1627,11231,1317,13300,1489,339579,3865,326155,4032,12759,1669,519579,1423,226300,3464,950,28,256629,3631,178405,3788,78224,3675,78224,3675,8237,1420,4437,1032,6046,1215,17993,2238,439267,1408,113275,4826,24114,2285,37360,2661,98774,4432,48963,2824,11366,1443,9063,1421,623657,NA,42.6,0.3,15637,720,9750,811,8040,1055,619089,948,536390,5931,43147,4536,14441,2573,21868,3314
2017,49,Utah,68358,1229,28085,410,3052633,2684,296557,16717,40816,3587,29862,2173,30285,3176,36636,3169,37060,3187,41322,3122,40640,3150,43738,3050,36690,3085,80996,4071,118947,4393,145310,5100,112462,4648,61756,2971,63276,3814,55652,3537,1564636,8158,1505003,8816,55695,3929,2278695,3141,275100,2649,986,15,975448,5045,681563,7026,293885,6727,293885,6727,27027,2991,19822,2207,23089,2500,52700,3819,1827035,2825,354114,11456,138241,5323,172999,5896,416804,9087,157207,5747,33505,2478,24926,2195,3101833,NA,31,0.2,129268,1376,47413,1652,23873,2027,3056193,3007,2532858,16462,292853,12404,105753,7864,99584,7531
2017,51,Virginia,71535,544,37442,357,8221024,3096,874483,27673,164966,6681,115141,5905,112507,5642,118982,6240,110755,5894,120403,5485,119135,5689,116512,6110,114215,5049,225466,6504,303003,9621,412608,9261,312358,8109,205749,6516,259987,6874,309093,8044,4478943,19180,4164930,19608,200754,7156,6813344,5649,273400,2310,1179,11,3120880,13665,2077417,16923,1043463,11870,1043463,11870,86968,5027,64703,4794,84239,4856,220259,6750,5779221,7685,1171892,18422,342500,9495,456210,10095,1270190,18538,712006,13071,145034,6899,109986,4927,8470020,NA,38.2,0.2,257526,3480,119623,3686,89655,3912,8372522,4750,7089782,25415,550015,18107,408252,14668,250490,10432
2017,53,Washington,70979,583,36975,305,7273713,3235,802159,24114,149484,7375,98698,5596,95900,5585,107546,5134,97868,5027,112870,5769,108141,4927,112406,6066,110336,4574,211994,7045,291076,9246,387052,11181,296780,8382,197783,7111,220067,7393,242376,5595,3834306,15696,3599753,15471,186414,7156,5939508,5088,339000,2463,1216,13,2840377,11168,1783549,14805,1056828,14219,1056828,14219,99249,6091,67322,4631,86776,5271,224367,8602,5101968,4672,939483,16319,376181,10735,514987,11273,1130392,15951,492107,9402,112889,5311,75731,5090,7405743,NA,37.7,0.2,231620,1571,90922,2378,77301,3716,7318811,4011,6016482,24671,729061,22617,248996,13303,260787,14178
2017,54,West Virginia,43469,1393,24478,478,1762467,2041,336301,14216,70097,4126,46980,3242,50633,3978,48781,3582,39103,3047,40101,3357,35968,2985,34256,2499,28292,2671,58907,3488,69641,4357,77770,3788,46350,3469,25578,2231,23678,2494,19173,2135,778673,9748,725200,10323,51986,4693,1485052,2794,119800,2297,690,15,715308,7000,518882,7414,196426,6466,196426,6466,15262,2609,10883,1780,11105,1739,40626,2981,1279350,3222,443031,8652,75084,5033,90494,5147,156378,7086,77079,3917,15623,1839,9376,1460,1815857,NA,42.4,0.2,51869,1913,27535,2372,26046,2182,1798306,1891,1589833,9253,118279,9009,47096,4623,40007,4327
2017,55,Wisconsin,59305,587,31998,286,5645194,2570,639564,18029,117923,4610,108087,4129,106724,4371,119466,4933,108995,4606,112016,4762,112026,5117,112221,4283,100033,4171,188290,5880,259494,6079,326881,7076,220739,6393,128692,4915,125514,4422,103192,3807,3089775,11364,2979203,11574,107459,5010,4662901,4542,178900,1377,819,6,2350293,7563,1565599,10504,784694,9580,784694,9580,63945,4210,46333,2978,56689,3395,154447,5952,3958231,3518,1077466,12008,258668,7134,433324,7548,782676,14060,301195,7112,70544,3540,48115,2775,5795483,NA,39.5,0.2,171191,1978,78360,1740,70091,2775,5731549,3294,4908638,17520,488110,16818,199175,7522,112519,6909
2017,56,Wyoming,60434,1759,30883,1045,565242,890,64054,6154,13938,2149,8496,1496,10043,1886,10973,1769,9472,1445,12083,1935,9321,1494,9948,1588,9259,1697,18344,2123,24816,2600,32394,2532,24702,2316,13153,1827,10926,1578,7928,1321,301010,4453,282202,4728,15376,2432,456056,2011,214300,5510,832,26,225796,3968,159792,4280,66004,3869,66004,3869,5725,1192,4044,1073,4343,957,10999,1966,387700,2182,93973,5034,29457,2643,40340,3377,67312,4431,30847,2840,5754,1128,3184,765,579315,NA,37.5,0.3,18810,1350,9051,1245,7392,988,573483,1042,481231,7380,57526,6447,13812,2238,18511,2739
2017,72,Puerto Rico,19343,404,12279,311,3306715,1129,1468798,31819,349478,9899,139534,6196,122356,5606,98984,5375,72554,3968,65333,4745,50837,3904,45550,3770,39152,4043,62286,4582,53520,4839,44733,3615,18963,2334,10806,2069,7293,1287,9926,1627,1201605,17497,1002763,16743,196859,8771,2771523,3026,109800,1476,453,11,1191305,10722,802024,10541,389281,10101,389281,10101,20897,2548,13835,2102,15317,2291,61192,3960,2343675,3831,593528,15111,35698,3597,242776,10524,428558,12172,121293,6814,28569,4107,24099,2751,3337177,NA,41.4,0.3,82207,2747,52033,3564,34045,3458,NA,NA,NA,NA,NA,NA,NA,NA,NA,NA
2017,01,Alabama,48123,768,26498,301,4752560,2493,802656,24897,158986,6213,119369,5456,114097,6521,110413,5404,92766,4826,100521,5135,88245,5001,88401,4938,73345,4802,145832,5828,179351,6957,207158,7633,141606,5628,83325,4835,71675,4152,66575,3144,2207208,16177,2065885,17766,128302,6480,3906384,4456,141300,1758,750,11,1841665,12421,1253199,12678,588466,10414,588466,10414,41781,3490,31170,3224,44723,3819,122592,5829,3309607,5907,850231,15526,194458,7524,278878,8974,528019,10136,228314,6902,51819,3781,36552,2923,4874747,NA,38.9,0.2,147385,3027,71934,2942,52960,3252,4819343,3710,4158224,20321,387796,17237,147853,8260,111803,8786
2017,02,Alaska,73181,2628,34222,942,720472,1555,80012,7303,11015,1729,7426,1071,7176,1222,9512,1525,10415,1701,9318,1469,8583,1308,9266,1613,8733,1474,20084,2013,26500,2483,33858,2373,29474,2427,19934,1813,21169,2106,18278,1948,389858,4919,344982,5496,28267,2745,573196,1289,273100,5087,1201,41,250741,3074,159344,3559,91397,3639,91397,3639,8323,1618,5997,1292,6910,1297,17168,2307,481561,2194,105599,4656,36507,3244,42724,3095,86444,4760,37005,2673,10673,1723,4562,974,739795,NA,34.5,0.3,26064,1147,10731,1466,7785,1203,730874,1438,595804,9147,81244,8051,16924,2747,30199,4584
2017,04,Arizona,56581,516,29420,258,6856067,3981,1018935,28419,171864,6814,108607,5368,115412,5196,131184,6196,119655,5562,123962,5385,121381,5234,127430,6609,109353,5062,209144,7296,267825,9676,323345,7889,223765,7970,130907,6163,132235,5162,136903,5543,3337245,16047,3125954,17075,192721,9109,5571583,4735,223400,1876,1020,9,2552972,11005,1652321,12356,900651,12842,900651,12842,69909,4272,57911,4025,77334,3841,198635,7824,4711362,2707,949695,15841,351294,9103,408070,11594,863062,15327,373079,9412,90457,5301,56494,3946,7016270,NA,37.7,0.1,222039,1311,100172,2359,75489,3402,6935358,3888,5717189,24333,782513,20899,128607,9918,261727,11986
2017,05,Arkansas,45869,760,25316,356,2916321,2511,478365,17030,94234,4790,76067,4173,67167,3712,74447,4630,71075,4442,65007,4221,57268,3825,62106,3929,51609,3452,92950,4723,116995,5842,126196,5349,76726,3910,41405,3184,45642,3391,34188,2569,1378801,12131,1296881,12974,76495,4752,2375324,3142,128500,1841,711,10,1153082,8560,752399,11287,400683,9039,400683,9039,34123,3600,23309,3244,28551,2922,72328,4310,2008398,4671,557166,12777,133435,5579,143522,6298,301294,8647,116823,5615,30772,3043,21225,2331,3004279,NA,38.1,0.3,96956,2561,43306,2685,34043,2750,2968395,3103,2509717,16654,253819,13710,116490,8062,79411,7492
2017,06,California,71805,294,35046,168,38793027,8845,5160208,71947,659187,15104,560260,11390,482569,8670,545801,12195,471499,11982,517269,11977,476861,10625,497501,13145,441583,10478,870473,16857,1205037,15738,1602652,21975,1272738,17876,863160,13003,1097134,15284,1441373,17926,20064003,43637,18757501,47615,1178551,20290,31510759,11155,509400,2199,1447,5,13005097,17539,7125090,26839,5880007,28546,5880007,28546,546051,13197,404527,9770,568613,13552,1567368,20220,26679273,5961,4937316,33486,1489912,24900,2070661,22126,5616449,40234,2286009,24642,649019,14445,424770,10352,39536653,NA,36.5,0.2,1259243,2975,530927,4078,371916,8543,39085984,10045,34009331,68358,3153923,52596,1080847,29010,523131,20053
2017,08,Colorado,69117,780,36345,369,5483104,3121,564312,17223,110134,5948,71861,3621,70348,4345,78795,4839,79471,4623,87540,4640,91614,4742,89530,4409,86726,4881,164099,5959,219255,6978,290530,7437,220777,5875,147368,5340,163468,5627,167691,5010,3061921,16229,2899926,17053,127259,6272,4488813,4636,348900,2122,1240,13,2139207,8774,1394824,10847,744383,11664,744383,11664,73811,4958,50156,3958,71926,4787,170704,6574,3822068,3950,665293,12629,229050,8791,313309,8942,994894,11943,421760,10057,91918,4622,66125,4602,5607154,NA,36.8,0.2,170238,1930,77374,2601,55069,3333,5542282,3414,4546729,22932,456750,17287,277432,11203,226933,11475
2017,10,Delaware,62852,2464,33887,1011,934947,1486,126986,9341,25688,2524,15113,2243,12419,1836,15207,2169,14389,1844,18798,2647,14436,2030,13327,2097,13692,1681,25865,2034,38165,3476,48224,3630,31982,2787,20333,2196,25921,2750,24378,2411,463756,6371,436376,6831,24300,3055,781963,1680,252800,5052,1086,22,357937,4266,253948,5292,103989,4386,103989,4386,8469,1604,6579,1384,7557,1528,22741,2460,673686,1263,196249,6987,36066,2866,51777,3569,121442,5053,65823,3892,12528,2114,12290,1997,961939,NA,40.1,0.3,28071,798,12512,986,10998,1480,952449,1698,830905,8792,68559,6552,10439,3028,38532,4552
2017,11,District of Columbia,82372,2651,52500,1360,660642,544,109920,7135,25954,3101,12839,1746,9387,1533,9790,1421,9291,1629,6905,1525,6410,1206,6532,1334,6944,1397,13646,1745,22675,2467,31279,2463,27131,2558,19177,1978,26481,2333,47034,2492,408910,6211,378780,6053,26726,2853,579654,1066,607200,19159,1499,35,281475,3302,118805,3235,162670,3861,162670,3861,15065,1905,8802,1614,11224,1737,37916,3154,494614,192,72373,4602,17444,2080,15722,2793,118172,5279,103144,5381,39893,2834,22310,2391,693972,NA,34,0.2,22795,4,9229,1144,5187,899,684810,1664,554225,7670,64013,6510,0,208,56231,4393
2017,09,Connecticut,74168,1345,42029,612,3482584,1446,334128,18741,66601,3839,49375,4251,45026,3253,51725,3425,47653,3429,53010,4176,48045,3749,53022,3241,50037,3917,97066,5224,122375,5812,170883,6157,132752,5069,97256,4752,118196,5300,153740,5007,1931298,13346,1805023,15003,117360,6268,2937891,3242,273100,2088,1125,13,1356762,6513,898234,7622,458528,7656,458528,7656,40973,3866,28550,2783,39463,3320,112411,5837,2493854,1813,599504,14457,131870,6080,201193,8317,533791,10420,311043,7706,76815,3821,42958,3508,3588184,NA,40.9,0.2,94460,1388,52754,1358,37132,2751,3556297,2701,3136666,16246,243216,12272,68510,6358,83325,6561
2017,12,Florida,52594,364,29838,193,20569920,5871,2889506,57828,530728,12859,360687,9019,392120,9647,420934,12443,390980,11501,409671,10864,393791,11016,390552,10057,337451,10051,640154,12790,775966,13930,924971,16144,592451,12263,347442,10269,367632,9539,414434,10444,10093485,32463,9488742,34438,552245,13813,17280632,7551,214000,1255,1128,5,7689964,22835,5010187,26720,2679777,21534,2679777,21534,238288,7825,184761,7883,265280,8977,717202,14018,15020177,8023,3711112,37825,927715,14920,1507434,20651,2839500,31510,1127371,18713,315744,8694,171877,6541,20984400,NA,42,0.2,576007,3848,257292,5160,238242,7439,20772371,8045,17554348,46036,1746306,41479,656075,21858,566476,18973
2017,13,Georgia,56183,572,29668,249,10154747,5504,1517702,49244,263743,8034,173611,7417,179219,7129,193125,8088,176823,6994,187913,7545,174848,7611,174420,8562,153438,6835,288810,10100,384654,10414,466089,11033,311558,8823,195726,8228,204692,6596,216405,6886,5185489,26167,4841845,25084,296040,11224,8196727,6599,173700,1013,958,8,3745074,16431,2354922,19925,1390152,18759,1390152,18759,119453,6876,81364,5422,120349,7338,295601,10234,6896026,7876,1607824,25483,373094,10743,540564,13524,1311611,19917,585455,14496,147724,6921,86688,5177,10429379,NA,36.8,0.1,337570,5070,154709,5453,91087,4262,10299497,6400,8760762,36118,723011,21638,479576,17845,278889,16483
2017,16,Idaho,52225,871,26386,625,1686491,1808,216309,12513,37996,3603,29599,3112,26252,2765,35162,3245,33106,3132,36094,3550,32900,3131,32472,2584,30916,3064,56060,4106,71609,4713,78785,4290,50721,3815,27918,2882,25116,2901,20429,2199,825230,8921,786913,9714,34000,3496,1328549,2458,207100,3368,822,16,625135,5980,435493,6933,189642,6433,189642,6433,14517,1876,13600,1715,16589,2568,34448,3058,1111788,2996,248246,7935,93270,6391,107505,5708,202800,6832,66560,4250,14146,1978,14152,1961,1716943,NA,36.3,0.2,60820,1546,26740,1971,17600,1836,1694182,2325,1405344,15502,156668,13499,53642,6238,71899,7189
2017,15,Hawaii,77765,1795,33882,639,1388550,1566,132549,8537,28417,2771,13429,1630,13464,1662,14330,1785,14242,1745,14594,1815,15836,2204,17186,1873,15690,1877,30533,2866,43069,2418,67589,4127,51085,2836,34245,2676,42481,3069,41888,2571,753340,7524,680505,8766,29762,2742,1153457,1583,617400,9241,1573,36,458078,4221,268078,4714,190000,4482,190000,4482,17033,2221,14074,2096,18569,2076,48554,3381,997744,1487,258133,7160,56498,3970,106987,4425,216993,6938,77325,5259,21497,2037,12865,1604,1427538,NA,39.2,0.2,45962,505,16545,1034,16211,1716,1410750,1722,1231340,10978,108377,9733,7306,1638,46457,5358
2017,17,Illinois,62992,544,34196,207,12503720,3612,1569753,35647,321801,9428,195408,6175,211286,7518,218293,7099,193876,6675,209919,7098,196505,7381,191460,8050,181499,5980,361495,9244,477448,10240,618164,12485,451768,10859,290602,7397,330380,7868,358768,7621,6660640,23417,6234854,24364,407967,12216,10249521,6130,195300,1257,974,6,4808672,14430,3182232,18239,1626440,15529,1626440,15529,130857,6369,90673,4442,131113,5758,381980,9707,8707057,4107,1956954,21746,557926,12770,692672,13641,1829903,18718,857509,15987,195094,6962,115299,5680,12802023,NA,38,0.1,393722,2405,175723,2996,129883,4582,12659328,5300,11026895,37393,1031520,27905,334402,16902,195092,11000
2017,18,Indiana,54181,658,28323,286,6463636,3761,871247,27337,168681,6580,119206,5179,125049,6247,136473,6602,126858,5969,135060,6283,128051,6008,128258,5216,104650,4986,216393,6725,276065,7815,337628,8627,215666,6708,123654,5103,115350,4655,100257,5619,3346097,16495,3184244,18566,158556,6552,5275305,4784,141100,1049,793,6,2557299,10669,1765500,14956,791799,11302,791799,11302,62134,3969,43264,3348,61672,4213,163176,6128,4435317,5484,1216294,14727,288975,9415,394092,11562,753268,13970,320548,8855,65072,4763,50570,3910,6666818,NA,37.7,0.2,217518,2388,99967,3506,72988,3374,6591598,4170,5633171,21965,546402,17976,246085,11325,142290,8504
2017,19,Iowa,58570,851,30865,360,3044685,1941,326636,11546,64217,3297,54969,3083,60428,3509,63139,3268,54974,3487,61465,3686,60300,3753,63434,3256,54997,3555,102707,3879,139679,5916,175576,5676,121816,4822,66138,3428,62762,3217,50904,3377,1681435,8547,1619600,9100,60190,4018,2498697,3204,149100,1674,760,9,1257505,6773,900362,9741,357143,7725,357143,7725,26873,2669,15481,1801,29285,3029,66978,3976,2093909,4112,554936,8998,153863,6180,242738,7470,406630,8590,141796,5114,32274,2699,25120,2483,3145711,NA,38.3,0.2,100627,2280,50827,2448,36224,2269,3106880,2770,2654666,12669,251167,11089,111738,6644,77072,4978
2017,20,Kansas,56422,702,30146,383,2827376,2621,336487,14398,64465,4181,50454,3346,53198,3454,53601,3395,56194,4134,57111,3200,57234,3672,55267,2963,51568,3243,96740,4321,121200,5222,145930,5997,100362,5270,58837,3358,54354,3081,52468,3175,1516538,8937,1436801,9220,63084,3642,2279858,3698,150600,1802,815,11,1128983,6821,743508,8948,385475,6561,385475,6561,34074,3253,22773,2593,29337,2776,71723,3741,1904528,4714,418378,8404,146845,4758,167548,5899,403542,8004,180331,6208,35827,2951,23042,2025,2913123,NA,36.7,0.2,98170,2381,43561,2194,30025,1847,2876925,2252,2413141,16713,260147,13342,106000,7217,86154,6863
2017,21,Kentucky,48375,630,26779,293,4316917,3015,744239,20861,155432,5369,103602,5579,97907,5146,99928,5059,87129,4599,96695,5097,86605,4901,85486,4155,72900,4062,133826,5369,166474,6913,202536,6594,129818,4988,78362,4133,66346,3893,61988,3310,2106749,12987,1976688,13422,115271,5126,3553101,4391,141000,1619,724,8,1725034,10346,1146668,12735,578366,9268,578366,9268,43398,3589,30837,3295,37874,2816,109837,6207,3018953,4219,794365,13691,193533,7636,241585,8983,423916,10015,213672,8277,56806,4240,29158,2942,4454189,NA,38.9,0.2,144843,2500,66699,3359,46873,2856,4404279,3412,3721100,18613,390671,14096,173050,9113,103985,7510
2017,22,Louisiana,46145,634,25885,335,4553037,2611,899039,27219,179246,6638,113290,5726,108649,5545,108497,5354,99756,6007,90523,4960,73505,4637,78271,4252,68796,3960,123816,5964,160887,5594,180683,6853,134618,5278,72792,4271,74132,3979,69662,3756,2180136,16672,2022766,18157,141608,7237,3699819,4896,162500,1272,836,9,1737123,11255,1132229,12824,604894,11475,604894,11475,46531,4804,42236,3582,51230,4638,147551,6851,3120277,5335,896962,17068,173073,6825,185409,7926,482439,11918,178692,8592,53635,3500,27759,2659,4684333,NA,36.8,0.1,156873,3696,69268,3654,48052,3197,4629962,4671,4030674,23379,349374,16701,164302,12115,72836,6749
2017,23,Maine,56277,1168,31088,623,1301216,1023,144012,7961,31370,2707,31431,2675,28538,2824,24385,2279,27078,2301,26876,2466,24641,2226,25543,2229,22285,1990,43522,3119,60753,3615,72727,3467,46824,3282,27961,2656,24942,2246,22083,2344,702420,6896,671486,7484,29493,2870,1114189,1976,191200,3252,806,22,540959,6050,395809,5987,145150,5231,145150,5231,13185,1961,7942,1642,11010,1807,26438,2253,971740,1752,252708,8506,59969,3814,100214,4145,193860,5884,84719,4533,20094,1821,12934,1865,1335907,NA,44.6,0.2,32516,824,17567,924,19075,1705,1322591,1567,1140136,8998,99353,6301,44833,4627,34252,3384
2017,24,Maryland,80776,707,39960,384,5915309,2385,549171,21371,105373,6063,63271,3684,66598,4184,68617,3799,73095,4827,76966,4130,73702,4135,81827,4989,70999,4263,144383,5354,209053,6730,286855,7927,248420,7325,166866,6553,222192,5897,249126,6247,3294443,13016,3098182,13207,170419,6439,4855374,4269,312500,2817,1337,12,2207343,8135,1472500,10315,734843,11524,734843,11524,62956,4473,48226,4534,67318,3975,170878,5109,4167604,3603,891835,14229,243873,8018,285379,7347,889090,13074,534613,11605,123599,5072,105278,4325,6052177,NA,38.7,0.2,184790,1510,76226,2336,61348,3338,5988007,3186,5168350,22507,440573,18974,165312,10738,165654,9442
2017,25,Massachusetts,77385,907,41821,392,6622444,3515,692201,22499,146695,5298,117447,6061,99743,5707,93592,4603,85846,5469,97377,5599,86672,4820,86521,5273,79403,3692,146772,6833,226525,8029,311027,8274,268559,8526,190631,5775,250456,7726,317688,8499,3776331,17158,3599534,16976,172091,6738,5660731,3845,385400,2465,1208,12,2604954,9148,1623515,11340,981439,10805,981439,10805,90537,4669,55648,3596,81074,4863,229411,7595,4788573,2290,1033358,16702,231470,7645,360700,9740,1146586,15427,653567,11646,146185,5996,132333,4995,6859819,NA,39.5,0.1,186169,1311,104057,2290,72916,3498,6789798,4401,5888011,21681,477834,18069,200001,10776,146299,9016
2017,26,Michigan,54909,440,30488,200,9730205,4206,1377766,28586,266732,7555,181943,6616,185038,6068,208507,5270,192691,6496,198317,6150,194607,6521,192123,5841,172863,6022,321965,8244,402118,8904,491937,8129,337427,8617,194272,5666,201685,5410,187792,6327,4949724,19116,4654612,18869,291020,7831,8052502,5426,155700,757,835,6,3930017,12926,2803372,15813,1126645,12484,1126645,12484,91362,4881,62050,3930,90445,5546,259146,7148,6819310,4660,1705561,18452,509987,9681,649916,10958,1201375,16053,588250,11085,119225,4902,76714,3852,9962311,NA,39.8,0.1,292245,1807,138285,2326,112555,3304,9851330,4904,8450559,29643,820211,24768,383325,11800,148787,8966
2017,27,Minnesota,68388,658,36156,307,5450582,2783,517476,15252,96694,3887,78536,3651,77881,3544,87273,4099,81852,3989,90441,3383,85292,3822,92625,4082,86173,4024,169417,5798,230529,6077,302058,6338,228686,6612,141109,5089,158260,4489,155385,5771,3073117,11167,2960124,11625,110757,4979,4422835,3762,224000,1281,939,10,2162211,7968,1547594,10546,614617,8292,614617,8292,54788,3943,35184,3196,46067,2790,132405,5960,3778416,3685,821473,13278,252166,8214,426760,8069,888880,12034,330787,7214,86812,4273,55647,3854,5576606,NA,37.9,0.2,181921,1739,75471,2069,57512,2862,5510902,3342,4728748,17295,401563,15092,241709,8407,115623,6938
2018,55,Wisconsin,60773,391,33032,308,5665153,2578,625826,17423,118890,4397,104567,4588,93784,3783,115125,5016,108320,4335,116722,4591,110209,5122,108686,4443,100963,4465,190119,5511,267222,7169,328085,7746,229061,6699,140465,4637,127171,4201,112571,3735,3096515,11997,2993716,12072,98228,4756,4693498,2902,188500,1266,847,6,2371960,6714,1592440,10546,779520,9259,779520,9259,63711,4215,42118,3631,61133,4316,152930,6060,3992022,3923,1087175,14206,264158,6368,438602,8587,775533,10334,299862,6813,70906,3780,51775,3257,5813568,NA,39.6,0.2,170352,2392,78036,1947,68695,2597,5751525,3027,4960260,19314,453364,15205,205795,9094,114613,6968
2018,56,Wyoming,61584,1401,33522,1242,563374,898,62301,6775,12176,2009,7762,1324,11095,1706,10441,1522,10415,1571,12385,1727,10571,1830,8790,1555,10640,1438,16797,1676,25209,2616,31893,2739,23509,2551,13801,2165,13524,2068,11244,1597,302831,5420,287436,5151,11684,1906,460122,1622,230500,4260,818,32,230252,3746,161812,3934,68440,3943,68440,3943,4369,1088,3281,1064,5267,1368,12511,2304,393136,2589,92312,5152,34425,3406,44089,3390,66449,4630,28596,3003,5523,1067,5015,1271,577737,NA,38.5,0.3,18356,1365,9941,1336,6647,1168,570867,1239,479561,7122,47173,5541,15784,2567,25734,3856
2018,72,Puerto Rico,20296,426,12805,270,3165711,1397,1363666,23647,317019,8389,144175,5999,122517,6393,100602,5737,75656,4207,64454,4074,56826,4237,47885,3289,40672,3260,58875,4488,54787,3276,44369,3511,22355,2480,9560,2086,8143,1572,11742,1756,1184158,12934,1004429,13869,178219,8193,2684285,2522,110800,1053,484,10,1179637,9819,793791,9316,385846,8055,385846,8055,18473,2240,12875,1865,20442,1956,63579,4421,2288030,2377,593674,12984,35044,2810,241678,8641,430692,10597,120713,6497,32733,3322,26565,2950,3195153,NA,42.9,0.2,64214,2049,46416,2737,37209,3010,NA,NA,NA,NA,NA,NA,NA,NA,NA,NA
2018,28,Mississippi,44717,793,24160,450,2886448,1942,567645,18752,117300,6250,71010,5435,71976,4690,68810,3954,62732,4346,59787,4228,52261,3975,53030,4150,49011,3917,78607,5138,110274,5341,131216,5998,67746,4170,41019,3407,40305,3902,33546,2926,1336759,11799,1231410,12050,94796,6019,2362681,3923,123300,2586,777,12,1108630,9460,756195,9817,352435,9380,352435,9380,25500,3329,21747,2769,26639,2632,76435,5457,1977283,6540,475011,12640,128440,6739,200375,8743,284701,10263,122992,6959,31636,3132,19365,2430,2986530,NA,37.7,0.2,89992,3444,52463,3866,30904,2599,2955717,2710,2582347,16553,203255,13966,94533,8112,68000,7708
2018,29,Missouri,54478,751,30498,313,5943658,3566,786330,21180,153553,6114,118186,6315,118905,4700,126566,6021,118065,6389,134751,6253,116695,5317,122846,5963,110011,5404,197449,6970,254528,7892,303086,9200,203045,6423,119451,4465,116628,4848,121041,5057,3066200,15242,2921599,15183,127857,6162,4907003,4497,162600,1170,830,8,2434806,10407,1625854,12819,808952,10736,808952,10736,64390,3852,47964,4162,63321,4536,166504,7304,4182787,5593,1080418,14159,313408,8319,341000,9295,754906,12690,351868,9048,77529,4293,51591,3489,6126452,NA,38.8,0.1,187719,2275,81935,2936,63733,3410,6053109,4138,5161553,20177,474316,16208,246310,11569,152326,8935
2018,30,Montana,55328,1172,30680,719,1037462,1216,135114,8427,27366,2758,21951,2284,18131,2095,24157,2405,22396,2161,21901,2302,19036,1740,20672,2024,19942,2273,37350,2842,48702,2832,56953,3280,35936,3003,19158,1789,20393,1953,17377,1584,545240,5852,523058,5868,19003,2111,857868,2302,249200,3832,811,19,431421,4444,291018,4709,140403,5561,140403,5561,10076,1694,7140,1654,9313,1584,29277,3179,735761,2290,170480,5482,56499,3709,71397,4448,152448,5193,57723,3337,14939,1794,8295,1373,1062305,NA,40.1,0.3,31809,1215,16262,1403,14273,1488,1051757,1381,891554,8487,79289,5783,34404,3584,43375,4560
2018,31,Nebraska,59566,1072,31771,468,1875342,1788,206341,9787,38361,2945,33679,2087,34686,2756,36439,2407,35126,2346,36755,2611,36267,2570,33679,2344,34989,2319,64936,2942,82701,3143,102838,3643,74856,3387,44015,2451,40328,2467,35835,2367,1040627,7240,999347,7730,35872,3241,1506189,2281,161800,1688,830,11,765490,3878,505666,5197,259824,5116,259824,5116,18351,2046,14211,1710,17184,2068,49571,3233,1266440,2568,283093,6367,94598,4922,137646,4696,269675,6477,100126,4411,23436,1958,17493,1685,1929268,NA,36.7,0.2,67328,1604,28651,1841,20920,1488,1905843,2229,1602056,12636,166696,9458,73157,5293,54579,5668
2018,32,Nevada,58646,1133,31604,531,2991978,2471,387327,14864,74368,4418,41667,3657,44630,2754,53460,4030,47139,3345,58742,3867,51823,3771,59290,4325,50181,3890,92355,4245,115225,5152,150362,5591,103695,4878,60008,4195,66152,3733,60713,3745,1539795,10088,1446090,11002,85276,5122,2420990,3306,292200,3090,1108,12,1129810,6479,641551,6758,488259,7615,488259,7615,42740,3711,33067,3499,47649,3177,112176,5055,2096574,2299,496764,12226,161243,6339,176618,5900,339675,9217,124305,6404,36387,3133,21467,1882,3034392,NA,38.2,0.2,94188,1083,35282,1085,28878,2488,3003761,2581,2495398,19156,339040,16215,27589,4689,127362,9279
2018,33,New Hampshire,74991,1555,39521,761,1312006,1622,100220,6538,22512,2562,17139,2119,20855,2228,20039,2245,20846,2440,21696,2255,17850,1752,21780,2439,16577,1511,36323,3017,50014,3206,73167,4102,57624,3891,41832,2930,44619,2654,48339,3572,757313,7075,729001,7362,26906,2510,1129682,1937,270000,3971,1090,23,531212,5670,378742,6605,152470,5181,152470,5181,13892,1624,9063,1653,13020,2237,33217,3331,970748,1700,228576,6590,57874,3384,99230,4596,217282,6339,104805,4545,20170,2001,15322,2113,1356458,NA,43.1,0.2,32106,1205,20295,1144,17783,1909,1344750,1556,1170412,9723,85531,8027,34405,4370,48367,4520
2018,34,New Jersey,81740,687,42815,321,8739304,2908,832133,26316,160863,6475,100237,6264,114845,6619,119681,6279,105619,4733,113081,6012,106240,5151,101910,5101,94438,5655,196703,7401,285234,9282,397522,9980,326712,8121,243495,9364,329913,8936,453074,8260,4729209,19324,4487823,20860,230383,10087,7183569,5033,344000,2091,1336,9,3249567,9867,2078948,12237,1170619,12338,1170619,12338,93155,6094,71272,4697,98667,6118,305721,9579,6189243,3000,1481835,20131,318012,9531,409253,10705,1535321,19376,707352,12368,176756,6899,105563,5553,8908520,NA,40,0.1,262379,2268,110980,2657,90810,4134,8815804,5090,7870909,27774,485970,20086,236650,12888,159846,11726
2018,35,New Mexico,47169,900,26529,484,2051759,2065,399456,16659,76947,4616,50055,3934,42745,3498,50641,3728,44145,3403,42909,3312,37283,3326,37196,3703,33655,3181,59049,4048,78823,4029,85598,5076,58218,3924,32477,2760,33728,2800,30624,2662,941259,9745,875151,10010,56803,4132,1673778,2565,174700,2990,830,15,794093,5137,525349,7517,268744,6808,268744,6808,23058,3045,15925,2587,20156,2649,57439,4300,1416481,3727,303375,8200,87087,5008,113481,5219,221735,6481,119066,6100,24619,2390,26292,2468,2095428,NA,38.1,0.3,60108,1601,31582,2210,22230,2246,2072546,2647,1797834,15105,156297,11756,47802,5692,60068,6617
2018,36,New York,67844,637,38884,241,19037564,4341,2591391,46405,503909,11540,357629,10370,310940,8834,325741,9472,277816,8562,293279,9221,263872,9466,264265,8340,245075,9433,486211,9752,636270,14494,879308,16812,673922,11534,478113,9068,585743,11445,784922,13051,10026845,26874,9504716,27594,499801,13111,15945017,6563,325500,2465,1274,8,7367015,16617,3953785,20790,3413230,20193,3413230,20193,289240,8299,209369,7986,269624,9629,907890,15921,13672343,5323,3003726,26803,634663,12629,1193573,18275,2846770,26540,1618369,20822,412115,10737,214212,6414,19542209,NA,39,0.1,582392,2655,258428,3010,200421,6083,19329704,7489,17327068,36048,1123506,28785,490999,16080,254447,9994
2018,37,North Carolina,53855,573,30737,288,10100431,4443,1417873,35989,259160,9807,196205,8049,194513,7884,219228,8167,202213,7078,208949,7840,205633,7829,198629,7203,168462,6769,329455,9694,400895,10213,487763,11124,326305,9293,195603,7890,192509,6325,225940,7105,5216053,24935,4870838,24880,254808,8541,8352567,6453,180600,1360,900,8,4011462,16617,2612904,19709,1398558,16379,1398558,16379,118819,7581,90175,5528,114819,6012,288102,10133,7102144,8585,1504782,18837,436118,10872,701016,12285,1454678,19604,585019,12460,126564,5847,100540,5017,10383620,NA,38.9,0.2,306886,5208,154468,5338,105110,4816,10274540,4937,8723401,36579,784750,27758,394134,14996,318681,14755
2018,38,North Dakota,63837,2324,34848,956,736671,693,78676,5987,18381,2333,12933,1622,13222,1879,12498,2135,13048,1584,13015,1910,13109,1689,13518,1654,15369,2098,24677,2470,33698,2892,43633,2915,35916,2736,19893,1978,20234,2517,16211,1885,418771,5388,400818,5548,11691,1830,601874,1455,198700,4472,808,19,319355,4442,199467,4766,119888,4888,119888,4888,8247,1630,6444,1284,8573,1853,19227,2558,500779,2565,111463,4110,31351,2775,74715,4721,110664,4910,26850,2229,6960,1290,4136,865,760077,NA,35.4,0.3,26887,1450,12083,1085,9163,1041,749825,1391,623183,7019,64273,5657,24955,4098,33735,4338
2018,39,Ohio,56111,425,31293,210,11362304,4398,1578673,37243,330132,10058,220602,7880,223073,7685,235211,8001,223840,7060,236388,7518,215081,6765,218978,6686,196246,6089,373260,8096,482444,8433,603015,10730,419339,9449,242667,7493,238864,7026,226307,6552,5938035,22151,5637441,21644,292570,8820,9407612,4742,151100,792,797,6,4685447,12486,3086226,17899,1599221,15627,1599221,15627,121715,6150,85190,5374,118313,5957,332890,8925,8027035,6123,2307090,21622,558156,11139,690735,12659,1431014,18320,660793,14777,142671,6278,91132,5000,11689442,NA,39.5,0.1,352425,2852,163849,4146,134119,4734,11555163,5668,9892715,29438,1034554,25218,392405,14680,198026,10200
2018,40,Oklahoma,51924,450,28011,356,3825027,2627,596949,16807,105449,3928,76081,3421,75801,3486,83436,4122,72644,4015,82739,3624,74624,3183,73946,3841,66839,3949,122187,4269,157398,5441,182783,4725,116656,3816,67424,4099,64313,3275,62990,3693,1891713,10322,1791438,10371,81669,4421,3089116,3282,140000,1621,808,8,1485310,6108,971990,7832,513320,8077,513320,8077,34459,2774,30056,2537,37797,2599,97921,4506,2607613,4266,687231,11591,202655,6438,207381,5789,434570,9174,167497,6919,41277,3407,24817,2433,3943079,NA,36.7,0.2,132651,1808,60177,2293,38647,2084,3895983,2671,3226343,19150,387869,15203,160624,8158,106943,7091
2018,41,Oregon,63426,1056,34058,416,4113142,3089,516570,19440,87029,4271,65916,4591,68119,4420,72004,3922,72315,4665,74113,4863,73532,4306,70618,4396,66481,4071,124516,5312,173116,7426,222273,7758,154589,6915,99252,5040,106788,4997,109309,4958,2138616,12716,2029021,13461,106955,5508,3417703,3522,341800,2876,1130,13,1639970,6988,1024853,10325,615117,9709,615117,9709,48952,3875,41938,4403,55228,4777,142198,6510,2952380,4092,534813,12434,236970,8377,269508,10161,621190,11857,266350,7715,65460,4018,49543,3456,4190713,NA,39.6,0.2,117907,2166,51654,2412,51774,2713,4152756,2818,3438653,21057,398509,16222,155588,10626,140627,8621
2018,42,Pennsylvania,60905,315,33960,208,12394000,4366,1517870,30308,323468,8896,222113,7561,236265,7215,236328,7919,231346,6704,238866,7174,215296,6817,206570,5610,199994,6962,383925,7838,521111,8782,647732,10421,470594,10142,293297,7344,313969,7958,330057,7818,6576258,20431,6248945,20258,321234,9682,10470798,5368,186000,1108,927,7,5070931,12151,3478645,18096,1592286,14831,1592286,14831,132570,6467,90291,4489,117798,5676,363866,11437,8994627,4700,2761942,21519,498757,9659,773645,13161,1723226,17394,808356,13447,192203,7331,138697,5601,12807060,NA,40.8,0.1,356108,2234,177886,3038,153160,5116,12674699,5544,11119060,29386,878079,23635,361775,13299,253520,11151
2018,44,Rhode Island,64340,2058,34999,858,1016469,1124,131205,9492,27723,2957,21024,2595,18233,2377,16063,2131,15711,2566,16487,2576,15664,2423,16304,2205,11939,1712,31954,3300,38585,3200,49257,3594,44217,2916,25366,2594,29440,2676,28606,2206,562393,8095,527497,8056,30862,3253,881487,2582,273800,4578,998,28,406573,4965,251354,5065,155219,5238,155219,5238,13918,2216,10760,2126,11534,2205,32568,3350,740695,1717,176913,6894,48185,3463,61601,3874,147507,5576,78052,5106,16840,2297,12262,1895,1057315,NA,40,0.4,28267,975,17042,874,13235,1341,1047975,1870,928114,8740,59701,7193,18824,2916,32841,3919
2018,45,South Carolina,52306,631,28957,350,4944754,2221,755215,23160,146174,6717,98335,5330,98970,5144,105352,5139,98060,4996,106616,6016,89956,5269,89166,5541,84302,4277,153639,6751,204249,7672,240687,7690,151985,6492,83136,4673,89476,3965,87888,4431,2475682,17316,2315748,17749,128847,6618,4105778,4034,170800,1570,892,12,1927991,12233,1335486,12405,592505,12606,592505,12606,46930,4057,31898,3189,47900,3976,129229,5981,3492355,6015,882586,16937,202018,7133,354718,9742,627144,14001,268230,8114,54446,3575,39515,3712,5084127,NA,39.7,0.2,147612,2841,84963,3921,55936,3177,5029034,4100,4309043,19661,355003,15409,156150,11547,186505,10214
2018,46,South Dakota,56274,1454,29953,800,852419,1438,111626,6667,19810,2307,15170,1570,13864,1524,15293,1952,17024,2125,20878,2273,16522,1827,17793,2369,17637,2263,27562,2197,37876,2918,51063,3340,32766,2393,14480,1469,14742,1677,12969,1719,470490,6188,453723,6188,13845,1915,690183,2661,171500,3010,734,14,345449,3406,234487,4225,110962,4183,110962,4183,8870,1470,6511,1515,8535,1521,17244,2172,582850,2487,152145,5446,35843,2350,70838,4163,117943,4944,36966,3191,10011,1586,5478,1025,882235,NA,37.2,0.3,31161,1362,14064,1732,11826,1321,871271,1414,740970,7483,61767,5746,38410,4441,26775,3764
2018,47,Tennessee,52375,489,29284,363,6603013,4007,1011016,27948,186723,7819,135643,6706,143510,6942,134076,6064,132513,5453,139633,7180,132401,5903,123990,5545,105926,5495,212194,6479,265872,8623,322410,8252,212572,6497,120758,5469,115243,5185,119676,5274,3330964,17392,3133153,20537,181951,7816,5431337,5984,177500,1856,861,7,2603140,11640,1723984,15594,879156,13188,879156,13188,77902,4990,55654,3881,72430,4433,181672,7721,4640823,6486,1213413,17405,301224,9544,348066,9895,801616,13331,328826,10234,86098,5772,58885,3953,6770010,NA,38.9,0.2,206896,3097,93096,3683,76181,3630,6692936,4573,5706212,25189,528587,20385,220204,11120,209377,12422
2018,48,Texas,60629,279,30641,164,28074573,7348,4180675,65525,632765,12943,416618,11822,413164,11679,468286,11603,429986,12177,463483,13783,423227,10748,422627,12294,393871,10422,764659,15766,965677,15661,1197757,18488,883315,13857,562096,14301,632119,12683,706433,13318,14266767,36411,13491168,36714,694485,16706,22117923,11043,186000,1168,1046,5,9776083,21679,6034082,27745,3742001,25752,3742001,25752,313730,9368,242330,8757,326954,10495,807503,14578,18477097,11694,3801672,37632,1136683,21081,1334999,18479,3627047,31015,1438527,23390,313592,10870,221611,8767,28701845,NA,34.9,0.1,1024376,5207,430689,5820,245888,7359,28333482,10498,23992374,61744,2504551,48304,1071053,30908,563945,24840
2018,50,Vermont,60782,1551,33956,989,601261,637,66013,5347,15364,2296,12536,1615,10652,1446,11410,1343,10330,1303,12942,1394,12530,1637,11122,1502,9003,1113,23187,2272,25316,1968,38452,2270,26920,2055,14957,1513,14117,1512,12535,1275,344832,4752,330947,5124,13128,1549,525088,1400,233100,4924,969,29,261373,3502,188798,4006,72575,3626,72575,3626,5455,1041,4936,1159,4987,1091,15993,1661,445824,1565,111598,4496,24420,1827,38133,2682,103068,4007,49452,2775,10821,1437,9248,1358,626299,NA,43.1,0.3,15078,535,12038,1190,8556,1065,621681,937,542177,5046,37669,3961,13149,2223,26306,3523
2018,49,Utah,71414,741,29756,381,3110944,2668,280773,15853,39247,3387,27620,2655,27765,2350,34046,2940,37955,2903,38845,2906,37980,3776,42904,3677,43265,2949,78883,5019,115948,4346,153401,6059,117578,5452,71425,3511,68509,3767,63520,3248,1587453,9044,1533562,9406,50175,3854,2329530,2979,303300,3085,1043,15,998891,5079,703983,7745,294908,7126,294908,7126,25179,2817,18836,2440,23718,2629,55851,3839,1871902,2744,367329,9733,148992,5844,191808,7136,427561,9394,160409,6293,36599,2867,27876,2176,3161105,NA,31,0.2,128310,1135,47924,1456,24653,1833,3114717,3345,2583764,17461,308234,14587,99799,7867,100824,7505
2018,51,Virginia,72577,686,38900,398,8264095,3584,884647,27692,166161,6825,115412,5232,114457,5255,121666,6441,117078,5470,119690,6278,115397,4911,124891,5785,117099,5308,215019,8814,302261,8752,406431,9592,308544,7856,222485,7561,267953,8219,340980,7871,4482124,18780,4180915,20665,183221,7622,6857913,5817,281700,1804,1215,12,3175524,13138,2093205,14799,1082319,13343,1082319,13343,96096,5502,74039,5059,92448,5483,226563,8092,5822007,7375,1168982,17582,349941,9439,453566,10132,1296041,21309,731653,15812,153341,6404,109422,5488,8517685,NA,38.3,0.1,259000,3706,123123,5044,87777,3696,8424340,5001,7142767,30604,528830,23769,418645,17054,274003,13094
2018,53,Washington,74073,697,39119,347,7400557,3213,759013,23800,134537,5374,87576,4768,94801,5592,104171,5599,98670,5623,106507,5161,111311,5302,115731,5865,104777,4998,207383,7870,298579,8482,390219,12131,306373,8317,205508,6320,247929,7111,281503,7586,3908438,19170,3692600,19704,166229,6968,6052827,4721,373100,2028,1316,12,2895575,9139,1818988,12964,1076587,12122,1076587,12122,97368,5710,67479,5189,89987,4996,232491,7573,5215063,4902,945747,15473,386584,10901,533450,12073,1187508,17071,524199,12480,115719,4022,85678,4533,7535591,NA,37.7,0.2,236309,2009,94868,3272,85068,3883,7453439,4565,6101533,28433,781578,24914,247076,10421,260906,14324
2018,54,West Virginia,44097,1016,26179,513,1753476,2196,312188,15244,66891,4430,46072,3826,49729,3178,48260,4101,43092,3300,44204,3279,40921,3329,34440,3448,32177,2973,56557,3706,72132,3693,72450,3962,55793,2923,27394,2837,23453,2270,21138,2405,788509,8605,741817,9426,45639,3675,1487470,2858,121300,2213,735,12,734703,6052,532674,7982,202029,6481,202029,6481,13452,2135,9183,1576,16083,2267,41853,3578,1280781,3158,426284,9369,79975,4231,96253,5008,163614,6306,76634,4381,18825,2172,14030,2055,1805832,NA,42.8,0.2,47646,1950,24673,2212,23776,2143,1787630,2061,1585832,8806,108316,7471,48104,4487,43841,4205
2018,01,Alabama,49861,783,27525,341,4763828,2786,800422,20616,169158,6450,110519,5827,110325,5456,109568,5797,91725,4341,96535,4571,87783,4716,82019,4617,71749,4321,143962,6035,178002,6439,222472,7095,142340,5723,82380,4021,82375,4600,74272,4540,2231613,15833,2094271,16868,124835,7615,3930579,4602,147900,2304,788,9,1855184,11821,1262257,12735,592927,12136,592927,12136,46340,4157,30309,3305,43018,4567,124235,5892,3337464,5727,848061,15231,201877,7917,288285,9242,536086,12549,229484,8225,50881,3702,35586,3479,4887871,NA,39.3,0.2,149436,4319,72354,3271,52413,2869,4832358,3328,4173026,19530,381301,16678,153613,10575,109301,9827
2018,02,Alaska,74346,2288,35735,936,720869,846,78620,7217,11444,1645,8384,1413,8000,1335,8322,1205,8725,1521,8058,1084,9890,1734,8058,1175,8305,1199,18403,2372,30848,2940,34149,2544,29872,2641,18533,1948,21159,2185,22401,2272,388885,4603,345769,4933,25410,1930,572880,1180,276100,4365,1177,31,254551,3266,167108,3496,87443,3493,87443,3493,8608,1674,4172,868,6184,1261,15113,1697,485353,1509,111553,4606,37391,3074,39938,2719,89635,4239,38582,2278,10849,2077,7362,1737,737438,NA,34.9,0.2,26424,811,10021,982,9264,1421,727164,1214,608707,7474,64118,5634,17111,2417,32099,4643
2018,04,Arizona,59246,732,30530,318,7013444,3179,983499,28300,157644,6603,94826,4341,116666,6503,131479,5927,116211,5669,127277,5268,127296,5993,118412,5281,107985,6020,221756,6542,278318,7355,342393,10631,227627,6436,144280,6082,149497,6371,152631,5875,3415877,17235,3215136,18672,181757,7248,5714007,4931,241100,1921,1036,10,2614298,11305,1694367,13678,919931,14039,919931,14039,81974,5235,55618,4249,77613,5483,189585,7679,4840304,2472,970146,15823,360418,9188,428422,10128,898032,13525,389350,10817,88079,4744,63032,4734,7171646,NA,38,0.2,223034,1512,101362,1949,78383,3850,7090137,4507,5887700,28309,772032,24252,116420,7956,273714,15128
2018,05,Arkansas,47062,713,26626,522,2925448,2347,504504,19795,94571,5636,70128,3895,67127,4015,74669,4525,65034,4350,65082,4116,61532,3639,56945,3437,57006,3857,95318,5201,110606,5432,122162,5888,84215,4050,46656,2955,43601,3708,41695,3566,1382752,12021,1317275,12542,61872,4357,2389608,4168,133100,2166,731,11,1156347,7393,760401,8395,395946,7521,395946,7521,31329,3425,23438,3322,29408,3385,78211,4831,2021939,5228,570551,11428,133319,5571,154143,7102,296422,7793,125495,5589,30069,2816,19289,2334,3013825,NA,38.1,0.3,96447,2414,44653,2810,30948,2188,2975961,3093,2539294,19535,245956,13756,108818,9061,73179,7023
2018,06,California,75277,317,37124,161,38818454,7167,4969326,62249,670677,14291,515804,12594,456076,8960,520133,11648,458689,10254,485094,11025,458942,11905,477566,11998,425951,10985,840945,14764,1203718,13374,1601641,17119,1297651,15660,878474,12996,1166279,17444,1614482,19554,20169143,38173,18930012,36894,1108664,18963,31575203,11276,546800,2008,1520,7,13072122,21485,7165664,30156,5906458,34788,5906458,34788,517772,13769,399194,10778,574884,13284,1573818,21853,26815644,5670,4932237,34478,1500321,20560,2140543,20435,5704852,36697,2365794,28463,654240,14143,446190,9941,39557045,NA,36.7,0.1,1243103,2841,531593,2876,381346,8364,39114889,11156,34232867,55636,3012230,44483,1080158,25651,501023,17029
2018,08,Colorado,71953,655,38057,390,5577020,2234,537492,18885,105586,5632,70926,4825,72175,3888,83876,4016,74956,5007,87127,4889,84288,4468,86907,5069,82438,4730,158913,5609,222283,7151,297089,8579,229270,6130,151981,5988,179501,6362,189441,6218,3138416,16157,2982794,18123,122498,6891,4570149,4715,373300,2652,1289,12,2176757,7548,1417981,9500,758776,10471,758776,10471,69497,5131,51931,4077,73109,4912,176706,7289,3900287,4963,661387,14708,245372,8103,329255,11244,1013989,14602,444914,9007,98977,4662,67669,4160,5695564,NA,36.9,0.1,173224,2157,79834,2449,59712,3396,5633029,3632,4626834,24416,442917,16982,285813,14321,239153,15015
2018,10,Delaware,64805,1570,33745,758,940786,1409,117242,9236,22040,2559,14567,1725,12155,1904,18515,2251,17266,2228,17000,2106,13796,1953,14614,1879,13958,2021,27049,2663,39991,3469,50462,3511,35909,2590,21962,2350,24090,2354,24297,2193,489706,6921,458434,6653,27858,3093,788299,1405,255300,5345,1108,25,367671,3933,261145,4466,106526,4571,106526,4571,10172,1859,5530,1315,9998,1935,26834,2833,679700,997,206004,7948,39185,2971,51648,3385,124178,5383,66391,4020,10766,1524,11657,1742,967171,NA,41.1,0.5,27611,929,11902,694,11520,1538,958770,1413,853523,7519,58690,5872,9294,1878,34451,4392
2018,11,District of Columbia,85203,3414,55328,1285,669031,717,108055,8920,26780,2560,13332,2083,7625,1526,7998,1460,7778,1338,9161,1706,7109,1488,8411,2008,6921,1525,13113,1726,21919,2449,30730,2843,26516,2358,20875,2456,26259,2040,52949,2950,414568,5658,380983,5579,31074,3282,586358,881,617900,17497,1516,45,287476,2752,121540,3817,165936,4411,165936,4411,13453,2091,11787,1951,9808,1763,37550,2446,500176,606,67855,5026,17992,2575,13948,2384,129782,5128,109855,4834,42734,4106,19799,2225,702455,NA,33.9,0.2,23932,1339,9543,1072,5362,1021,693798,1873,568201,6930,68603,5579,0,213,47555,4011
2018,09,Connecticut,76348,921,44026,575,3468263,1416,361377,14037,73192,4213,53662,3334,46881,3686,52633,4035,49654,3417,49303,3761,45363,3256,51532,3723,41750,3455,91721,4126,122197,5447,168673,6483,134641,5863,97632,4931,128226,5260,171031,5199,1936101,12283,1822551,11469,106371,5408,2933506,3056,277400,2057,1171,14,1378091,6923,906771,8038,471320,9219,471320,9219,39385,3376,28254,2480,45730,3627,120803,4889,2493396,2471,594528,12420,131873,5866,195971,7807,544028,9883,325902,8349,75528,4095,41772,3130,3572665,NA,41.1,0.2,92409,800,54254,1451,36861,2504,3538203,3043,3102312,17295,247229,13112,73019,5826,84718,7195
2018,12,Florida,55462,384,31359,232,20882651,6372,2840977,47549,511203,12704,351037,10384,377751,11970,413800,11611,381721,11675,404479,11115,378096,11534,365568,10129,339901,9474,636955,13555,800117,15862,947939,18711,646465,11736,384194,9351,403407,10119,466725,11234,10316295,39016,9734940,42750,530845,13804,17561780,7945,230600,1248,1182,6,7809358,20825,5148242,25213,2661116,24600,2661116,24600,241560,9062,186059,7367,266198,10335,711827,13727,15302125,8947,3752049,39292,992488,19916,1489510,27713,2920459,33508,1190545,17768,354163,10164,182063,7517,21299325,NA,42.2,0.2,575452,4491,266279,5284,249068,6825,21092877,8313,17863603,57744,1753709,45425,666776,21068,587261,22336
2018,13,Georgia,58756,711,31187,330,10238658,5792,1468642,34068,268881,9261,157261,6263,170884,7823,192147,7233,178532,8041,183149,7313,157073,6613,175543,6871,154010,7170,290492,8802,386250,10056,467779,12010,340039,9909,201312,7824,224434,8761,255226,8249,5245825,23780,4953466,24667,249896,10738,8312043,7020,189900,1427,1008,9,3803012,14400,2426435,18052,1376577,15458,1376577,15458,116579,7457,86412,5720,127080,6776,299002,11215,6978172,8431,1612167,21998,386817,11961,562774,14849,1362317,19680,606345,15022,156547,7547,98824,5055,10519475,NA,36.8,0.3,330060,4310,158963,5688,92178,4554,10410462,5598,8909803,34965,680865,26760,493658,19936,274273,15590
2018,16,Idaho,55583,915,27816,645,1723154,1641,203264,12603,35130,3338,27612,2797,28601,2701,36436,2902,26828,2720,33413,3219,32798,2672,34868,3425,30196,3100,57852,3653,77036,4898,79485,4270,55652,4174,28503,3054,29123,2708,26737,2378,843615,8389,806802,8736,33438,3293,1357737,3179,233100,3293,848,16,640270,5214,452916,7633,187354,6717,187354,6717,14471,2175,13981,2261,16496,2340,33841,3200,1143747,3457,256141,9207,95336,5088,113323,6166,213462,7584,72465,4968,16764,2146,13571,1798,1754208,NA,36.8,0.2,59181,1733,25176,1628,21226,1840,1734756,1843,1438727,13783,150883,9702,58657,5876,79765,7651
2018,15,Hawaii,80212,2020,35255,701,1382448,1809,122143,8890,24091,2685,9842,1354,14171,2001,13740,1942,14803,1933,17909,2200,14612,2089,18829,2077,14371,1886,29884,2787,40807,2536,60450,4002,53504,3260,37961,3028,43919,2944,46416,2965,752795,7793,684905,7650,27230,2685,1147756,1858,631700,7721,1613,40,455309,4541,265364,5773,189945,5617,189945,5617,15862,1975,10608,1886,18124,2026,47549,3631,995589,1657,244008,8205,58960,3504,110557,5480,218828,6969,79475,4256,21301,2259,13969,1772,1420491,NA,39.3,0.3,43861,1236,16295,1040,16762,1613,1403653,1798,1211015,10611,116126,8132,9046,2242,54074,5497
2018,17,Illinois,65030,500,35801,248,12447271,3849,1509247,32779,309799,10278,187148,7230,196778,7935,230715,8107,199822,6392,212845,6564,191290,6602,198978,6706,174986,6363,348760,7947,488167,10271,607741,11135,465929,10108,297668,8644,352091,9015,402147,8753,6676623,20867,6294086,22560,368739,11752,10216304,5459,203400,1452,995,7,4864864,12677,3210113,17405,1654751,16516,1654751,16516,128193,5586,96026,5552,136578,6602,369525,9327,8706376,5516,1954212,20569,574145,10956,704851,13834,1833666,19837,887459,15355,206789,7980,124770,5156,12741080,NA,38.3,0.1,390783,2204,172181,3880,127293,4417,12599244,4929,11029483,28667,977256,25592,318340,13194,206620,12209
2018,18,Indiana,55746,522,29369,290,6489261,4578,852638,24677,159391,6516,114524,4782,125482,5934,134723,5971,121949,5311,139083,5175,123745,5423,129561,5407,112909,5549,219818,7089,281837,8563,355463,8546,223160,8131,135223,5173,121121,4921,101180,4772,3391849,15917,3238769,17111,149266,6791,5303153,4569,147300,1112,820,6,2599169,10447,1791749,12877,807420,11150,807420,11150,62856,4072,47947,4225,67725,4789,168437,6066,4467893,5468,1255109,16431,308980,9389,397824,9531,771811,14407,325867,10346,65283,4892,48105,3840,6691878,NA,37.8,0.2,215131,2456,101273,3527,73648,3608,6612948,4582,5614432,25211,570401,17567,250712,11094,145256,9569
2018,19,Iowa,59955,877,31559,345,3055939,1516,343504,13910,69432,3804,54690,3324,55490,3530,58727,3080,56864,3548,62828,4004,57372,3319,60604,3816,53825,3196,104449,5166,139857,4455,181944,5667,118937,4348,71122,3745,62459,3797,59273,3087,1678071,9434,1615999,9976,60717,4056,2506580,3373,152000,1552,777,8,1267873,7772,903751,8439,364122,7753,364122,7753,25903,2627,19698,2459,24261,2154,72009,4281,2104792,4251,566515,10425,153714,4636,247997,6992,413442,8907,133905,6234,35684,2789,27509,2792,3156145,NA,38.1,0.2,101085,1958,51260,2980,36271,1943,3119306,2428,2662849,14455,257959,12028,113326,6321,74199,4846
2018,20,Kansas,58218,773,31456,438,2825680,2043,338175,14157,64305,3794,49887,2968,52039,4056,56065,3291,55828,3537,58414,3835,50222,3273,55902,3840,48537,2857,89838,4564,122077,5053,149661,5394,102620,4772,55233,3479,64408,3487,58372,2996,1515474,10040,1442550,10817,57197,4104,2284670,3399,159400,1838,840,9,1133408,7193,749821,8328,383587,7870,383587,7870,30962,2923,23629,2480,28989,3108,77493,4357,1911426,4027,407584,7899,151384,5403,170965,5965,402368,8632,179315,6623,36989,3183,27471,2539,2911510,NA,37.1,0.2,95765,2083,45423,2574,31919,2285,2874208,2798,2392841,17716,266060,15928,104965,7408,95748,7841
2018,21,Kentucky,50247,567,27823,388,4326305,3844,730408,22182,145630,6384,96738,4039,93999,4944,94964,5010,92196,4954,95711,4520,86612,4597,82543,4568,73744,4309,138742,5451,171351,6316,204609,6485,134610,4711,81981,4511,70071,3528,69212,3848,2117233,12704,1995789,14195,109879,6710,3572054,3865,148100,1710,779,9,1732713,8718,1167729,12565,564984,10983,564984,10983,43840,3687,32304,2859,37924,3175,107792,5656,3039414,5069,788407,12269,203891,7392,261964,6595,442090,9338,226181,7601,53628,3679,31886,3005,4468402,NA,39.1,0.2,139724,2265,61513,2804,49750,3044,4414714,3279,3744188,18273,385723,14419,161812,10445,110456,8385
2018,22,Louisiana,47905,740,27274,414,4529028,2896,843626,23603,162460,6730,103020,5395,107839,5440,112377,5965,94200,5366,92737,5393,83101,5193,71996,4509,66803,4521,123309,6036,152877,6628,192211,6571,131968,6562,81551,4460,83523,4664,77248,4283,2168385,17086,2015672,17879,137130,7422,3682861,4138,167300,1737,854,9,1737220,10627,1137524,12385,599696,11233,599696,11233,50040,4429,36982,4261,55509,4650,148160,8231,3125733,6646,903233,18831,170595,7433,203074,9044,496634,11075,183295,7087,49150,3046,29574,3005,4659978,NA,37.3,0.2,153089,3936,68763,3580,51672,3547,4603081,3921,4033845,20655,333806,16572,141037,10177,81355,7131
2018,23,Maine,55602,1326,32095,480,1301941,1553,151541,7765,35502,3161,31599,2762,29359,2193,27172,2501,25364,2054,28161,2341,30294,2637,22854,2320,26240,2778,45310,3417,58087,3241,76941,4213,49339,3289,31241,3085,28110,2313,24734,2106,704960,6593,678540,6859,24865,2462,1120239,2344,197500,3603,839,18,570307,5261,406226,6154,164081,5651,164081,5651,15472,2051,10557,1545,12339,1573,34216,3737,983382,1922,258061,6700,61554,3841,95274,4400,197489,5530,79762,3887,19204,1944,13595,1736,1338404,NA,45.1,0.2,32681,772,17187,1070,21161,1765,1324095,1563,1143612,8051,105328,7229,37125,3446,34706,3872
2018,24,Maryland,83242,1022,41522,420,5899819,3071,528203,21054,107054,5211,65054,4103,63403,4489,66516,3691,62510,4132,70470,4922,74763,4222,77450,4844,67634,4357,148530,6628,198444,6386,292683,8276,243745,8425,173348,6175,226406,7787,277925,7554,3283636,15449,3090469,17099,160777,7617,4852950,4661,324800,2183,1371,12,2215935,9432,1482669,11111,733266,11942,733266,11942,64100,3997,50732,4204,60983,4238,170699,7360,4167339,3377,878231,16276,255053,7990,281787,8802,911761,15049,546260,11798,133920,6708,108754,4973,6042718,NA,38.8,0.1,185415,2092,78500,2390,60226,2996,5974521,4649,5133916,25668,444563,19022,186392,11768,163216,10535
2018,25,Massachusetts,79835,970,43349,382,6665083,2673,663918,20551,141341,5244,113278,6143,95986,5062,96255,5189,87057,4565,88043,4503,80962,5451,86603,4157,77419,5046,156649,6166,227769,7987,310924,8277,265004,7855,194103,7075,257603,6562,345298,7439,3807761,15564,3622984,16868,180720,7759,5703665,4253,400700,2804,1295,16,2624294,8879,1620712,12401,1003582,12125,1003582,12125,99309,5537,57789,4024,80254,4529,232757,7379,4832728,3148,995993,18431,236723,8608,366687,9131,1178868,15996,681633,11772,150773,6217,140736,5753,6902149,NA,39.5,0.2,182455,1164,103995,1642,70517,3261,6834364,3940,5970065,27037,463600,19922,190340,11202,144042,7468
2018,26,Michigan,56697,406,31508,244,9774124,3126,1373349,26495,270623,6508,176624,6926,178250,6887,200691,5717,183883,6538,204608,6454,187589,5964,187862,4975,162068,5499,312973,8907,413704,9248,504604,9490,341456,7722,209169,6218,219321,6863,204041,5237,4977773,17638,4708456,17829,265532,8679,8092018,4711,162500,780,861,5,3957466,12369,2817484,14245,1139982,13162,1139982,13162,93935,4761,64561,4011,97259,5205,253817,7790,6869846,4618,1695003,16705,526294,10176,657727,11716,1239251,15860,590176,10478,120783,5298,81683,4067,9995915,NA,39.8,0.1,292256,2079,137584,2286,117273,3461,9891083,5094,8562101,27627,789291,22737,355549,13520,139276,9581
2018,27,Minnesota,70315,539,37192,290,5488344,2504,529077,16528,97476,4203,83144,3593,75410,3919,85693,4009,82942,3709,91403,4287,91921,4182,89222,4140,84109,3604,160285,4766,222344,6568,303312,6682,231763,5090,159943,4523,168197,5415,167288,4596,3080480,12370,2973535,12514,104622,5217,4451949,3463,235400,1474,969,10,2194452,6925,1567939,9341,626513,8243,626513,8243,52617,4071,41349,4194,49409,3527,129519,5079,3809229,3716,805258,11764,249936,6359,445513,8899,920850,12643,337189,7914,86399,4635,53690,3140,5611179,NA,38.2,0.2,181160,1814,71688,1551,62416,2515,5543490,3354,4781432,18432,380857,16654,255071,11838,100270,6150
2019,28,Mississippi,45792,1184,25301,568,2877843,2543,564192,24018,102072,5891,72195,5563,74167,4559,63780,4127,64942,4703,58033,4432,55748,4483,51897,4901,43423,3597,86214,5966,105304,5907,122825,6357,72151,4143,47726,3282,44171,3353,35581,2826,1342991,14754,1240752,16665,87817,7259,2360508,4269,128200,2821,777,12,1100229,9887,740651,11056,359578,8258,359578,8258,27935,3365,17812,3191,24780,2745,74186,5288,1979664,7223,470174,10500,110712,5974,207448,7499,270712,9718,124266,7494,26929,2909,19844,2828,2976149,NA,38.3,0.3,90762,3806,51201,4477,31890,3345,2943737,2940,2583691,16717,189981,13277,101498,9365,61683,5919
2019,29,Missouri,57409,642,31756,326,5953025,3642,770175,23258,155827,6687,111813,5577,115140,5621,122095,5489,111981,5528,121608,5756,113730,5553,116231,5683,104380,4723,198458,7477,260646,7646,318344,8489,216220,6681,135532,5371,129949,6087,126383,5183,3078235,15999,2942459,16387,116062,6720,4918035,5687,168000,1365,834,8,2458337,10406,1650019,13455,808318,9887,808318,9887,64286,4896,47858,4146,62966,5066,153604,6918,4206162,5377,1108345,15125,297889,7976,333721,9722,775808,12972,361205,9031,78328,4373,55940,3741,6137428,NA,38.9,0.1,186251,2227,84563,3906,64475,3071,6069697,3822,5200465,21972,462080,18796,232223,12324,152345,7192
2019,30,Montana,57153,1205,32625,908,1042682,1320,131882,8022,23489,2194,21550,2415,21335,1726,23022,2418,18577,1955,21148,2408,20959,2769,21917,2316,20023,2670,36769,3056,44994,3051,58858,3855,39064,2723,23818,2653,23210,2351,18918,2211,545370,5673,520261,5885,22004,2812,869402,2312,253600,5097,831,25,437651,4637,301456,4542,136195,4810,136195,4810,11949,1971,6337,1179,10415,1796,27245,2668,741950,2690,175333,7053,50303,3485,69400,3590,171309,5235,52425,3639,14847,2358,10567,1758,1068778,NA,40.5,0.3,31120,1261,17109,1539,14173,1677,1056994,1671,882156,9661,88015,7017,41764,4999,40862,4320
2019,31,Nebraska,63229,936,33272,481,1877629,2210,185761,9589,37219,2805,30395,2679,26514,2433,35113,2753,30390,2643,36654,2792,32908,2509,37925,3333,31514,2681,64039,3492,86318,3863,111438,4655,75244,3690,47119,3029,47279,2722,41375,2731,1049680,6750,1008957,7438,34133,3095,1509290,2423,172700,1716,859,12,771444,4475,511370,6253,260074,6224,260074,6224,20514,2399,15122,2185,20892,2516,43288,3020,1271770,2860,282195,6589,94746,4228,141189,5378,277159,6885,104377,4623,24092,2027,16959,1905,1934408,NA,36.8,0.2,67748,1445,29070,1534,20225,1547,1910711,2177,1622237,11308,162303,9096,72019,4922,46064,5500
2019,32,Nevada,63276,1021,33575,531,3037199,2456,379564,19019,68825,4164,45099,3502,39946,3403,50808,4299,44720,3607,48167,3496,46762,3920,51108,3854,51006,4531,90046,5207,123473,5807,159361,6715,116598,5686,64746,3977,69365,4085,73527,4035,1568228,12829,1479868,13620,79000,5738,2465233,3752,317800,3094,1168,12,1143557,8281,647518,9457,496039,9108,496039,9108,46523,4097,35625,3423,43912,3521,112823,5599,2136466,2821,501540,11910,157547,5246,187469,7581,355837,8906,132910,6089,35939,2910,24233,2709,3080156,NA,38.4,0.2,94610,1337,36663,1421,33871,2524,3048602,3454,2510591,20990,353223,17342,31453,4762,132950,9071
2019,33,New Hampshire,77933,1994,41241,810,1316495,2112,95711,7285,21229,2566,16539,2663,16216,2271,19054,2165,18377,2294,18368,2010,15983,1838,22257,2391,21203,2169,39230,3351,52252,3758,76433,4378,61021,4132,40422,3563,49858,3039,52954,3332,759931,6658,735493,6921,22609,2470,1137316,1928,281400,3663,1147,27,541396,5389,384166,6112,157230,6110,157230,6110,15077,2717,10184,1643,11556,1697,32770,3316,979750,2122,232289,8160,58054,3832,96658,5354,224636,6793,109702,5662,20508,2144,13391,1737,1359711,NA,43,0.3,32816,993,18863,1142,16969,1560,1350155,1461,1173997,9472,86191,7866,32998,4025,50288,5067
2019,34,New Jersey,85751,760,44888,352,8712974,3246,798262,25821,154374,7219,95123,5069,91608,5576,113018,5398,96889,6271,112428,6077,98003,5978,104770,6257,93426,5753,202459,7998,290552,8825,401067,11429,343771,10134,250060,8064,338989,9700,499727,8735,4731226,16614,4496699,17221,220476,7471,7168432,4559,348800,1764,1376,9,3286264,9466,2081798,13118,1204466,13665,1204466,13665,100503,5668,71299,5245,106447,6960,283102,9244,6191229,3082,1518321,22646,300667,8323,398984,11321,1555781,19254,720869,14788,167040,7272,108075,4650,8882190,NA,40.2,0.1,261545,2329,112327,2668,95868,5161,8791672,5050,7888800,24045,457891,20189,231554,12808,149260,9572
2019,35,New Mexico,51945,969,28423,541,2053305,2388,373230,15038,65613,4413,42519,3479,41543,3752,48909,4239,41728,4027,39967,3532,32647,3073,37765,2701,28960,3159,63845,4301,79144,4473,96945,5032,60173,4229,38540,3416,39437,3428,35685,2595,972732,10063,907775,10713,52489,4562,1678187,3068,180900,2783,847,14,793420,7074,540052,7811,253368,7508,253368,7508,19067,2721,12335,1898,25270,3544,49086,3658,1425988,3263,309449,8520,88210,4978,129531,6330,221281,6835,119825,5841,25708,2575,27784,2391,2096829,NA,38.6,0.2,60204,2346,33797,3060,24618,1809,2073628,2569,1816418,14704,146358,10222,43347,4991,55545,7590
2019,36,New York,72108,452,41857,295,18932499,7626,2467006,45734,497771,10405,329325,10854,288805,8790,286239,9953,261940,10138,277219,9361,246739,9135,268533,10075,242835,9161,472300,12232,658024,13405,883154,14989,709376,12558,488838,11556,634178,12227,901536,12818,10085219,29418,9611029,28019,445165,14421,15895561,6654,338700,3182,1309,9,7446812,13820,3985516,23397,3461296,23015,3461296,23015,291524,10403,210754,8292,275873,9653,859159,14837,13664734,5751,2981084,27438,640783,12265,1204588,19809,2898440,28311,1633516,21787,421631,11575,212631,7396,19453561,NA,39.2,0.2,573384,2258,254957,3586,208469,6492,19240920,8850,17213380,32096,1147587,26906,490785,18127,254806,11785
2019,37,North Carolina,57341,611,32021,259,10199239,5394,1386122,34891,251158,9332,187653,8080,187757,7905,200849,7810,196035,8288,194732,6745,187488,8731,195142,7604,176142,7460,317444,9175,412432,12009,513941,13478,350665,10038,207679,8060,224461,7108,242770,6452,5272092,21839,4937837,21707,236872,9383,8457219,7206,193200,1582,931,8,4046348,15467,2642709,17920,1403639,16837,1403639,16837,120092,6854,79131,6119,119098,6616,279586,9603,7187077,8518,1537065,23138,435870,10475,727882,16073,1471420,19100,615828,14005,131379,6375,102558,4564,10488084,NA,39.1,0.2,308544,5127,158488,5142,110628,4121,10371906,6477,8834381,37378,759234,25301,410966,18396,315215,16391
2019,38,North Dakota,64577,3011,36611,1136,738814,672,78112,6057,17538,2083,14453,1993,11616,1788,13643,1826,13292,2164,15401,2280,12756,2060,13584,1914,12172,1800,27485,2849,32565,2672,42595,3330,35067,2702,21819,2067,18358,2393,21175,2214,424480,5344,405699,5519,10920,1826,602982,2714,205400,5446,804,22,323519,3879,198411,4256,125108,4384,125108,4384,7333,1630,6482,1534,9392,2216,21174,2879,504375,3241,112015,5363,33313,3001,70716,3894,108527,5087,31714,3416,6772,1415,6384,1314,762062,NA,35.5,0.3,26786,1526,11315,1283,8596,1114,750501,1733,615450,9766,70638,6492,23775,3497,36668,5643
2019,39,Ohio,58642,563,32780,257,11362386,4412,1484862,31837,299030,7964,202612,7331,212685,7378,235628,8220,217636,7170,240209,8782,207009,7750,216696,9000,188733,7415,386396,8708,503071,10729,613563,13112,423111,9684,259854,8146,269173,7377,254934,7273,5976393,21964,5692943,22047,272654,10309,9407641,5848,157200,827,813,6,4730340,12955,3123733,17226,1606607,17557,1606607,17557,128608,7791,92645,5437,110036,5536,317910,9542,8049805,5770,2314611,21090,546790,12857,702601,12812,1464945,16618,660656,11526,139616,6891,91368,4443,11689100,NA,39.6,0.1,355506,2776,162586,2953,136875,4636,11556037,5443,9891733,33048,1017139,28452,398046,15250,205542,11006
2019,40,Oklahoma,54449,599,29666,356,3841763,2141,583029,15382,103143,4566,71318,3328,70635,3069,80547,3387,75149,3400,76028,4322,74641,4583,72254,4091,61618,3450,124248,5380,156132,5160,186534,5457,123225,4534,77775,3757,71804,3134,70100,3481,1895848,12202,1791228,13049,81705,4228,3110626,3610,147000,1597,814,10,1495151,7032,979898,8350,515253,8107,515253,8107,39128,2944,29674,2801,40602,3539,93943,4317,2619244,3562,685190,10518,186398,6899,207896,6126,447888,7515,166623,5883,43315,3373,28683,2602,3956971,NA,37,0.2,130048,1869,59643,2587,39602,2367,3907258,3062,3282746,16542,350493,13382,158644,8644,101844,8145
2019,41,Oregon,67058,873,35531,407,4136542,3140,470643,17376,88539,5520,60952,3926,61558,4409,62561,4332,67042,4121,69946,4621,69123,5613,70599,4590,62736,4410,122836,6844,176696,8132,223055,7528,161315,6631,112016,4832,123842,5280,116536,5830,2158612,15138,2045338,16337,107991,7321,3451654,3757,354600,2994,1185,14,1649352,8550,1037125,9401,612227,9135,612227,9135,49034,4248,41767,3948,51021,3639,136729,6141,2988118,4526,561087,11419,234012,7599,269102,9721,627911,12081,278908,8695,67715,4207,57782,3938,4217737,NA,39.7,0.2,114965,2196,51381,2606,53199,3097,4178578,4124,3527178,21443,356636,16679,145044,8556,129921,8055
2019,42,Pennsylvania,63463,429,35804,222,12387178,4860,1489333,38199,306937,9846,208953,8452,214745,8095,224684,7579,220173,8599,232076,8377,218197,6622,212889,7330,196703,6290,384490,9946,514142,9735,680462,10391,481120,9235,310544,7819,341460,9453,371674,7976,6592650,22460,6285109,22043,295633,9174,10474419,5664,192600,1105,951,7,5119249,11502,3501824,16898,1617425,16685,1617425,16685,131115,5746,98846,7026,124311,6355,351292,10169,9028036,4983,2758116,23292,495732,10605,775694,13549,1761627,19057,827626,12217,189863,6617,138286,5560,12801989,NA,40.8,0.1,356756,2520,172053,2704,153870,5112,12670245,5785,11092255,37657,894162,27701,364941,14554,267465,13835
2019,44,Rhode Island,71169,1559,37525,910,1018586,1047,110244,9715,22810,2869,18403,2559,14167,1886,17155,2736,14641,2164,16537,2358,16308,2530,13996,2096,12932,1881,26534,2825,41661,3436,57136,3801,42954,3507,28689,2870,32977,3097,30274,2569,575681,7866,547914,7421,24199,2783,880978,2150,283000,3445,1043,29,407174,4739,251146,6589,156028,5612,156028,5612,16283,2651,9855,1861,12765,2587,32642,3474,746952,1820,178974,7288,42163,3908,64204,5024,156087,6965,72512,4097,18950,2703,12726,1649,1059361,NA,40.1,0.4,27943,894,17309,1046,12100,1388,1050602,1636,930406,10263,63956,8109,16730,3219,34984,4117
2019,45,South Carolina,56227,835,31295,413,5003235,3802,692744,27058,141931,7410,85070,5309,97622,6151,92835,5493,91318,5033,97230,5944,93669,5602,98268,5805,83655,5420,157376,6942,201429,8360,248230,9127,162778,7136,106491,5630,111249,4831,106764,5972,2513088,15364,2359714,17495,116037,6642,4158317,4297,179800,2141,922,12,1975915,11292,1388492,13753,587423,11958,587423,11958,48608,4101,31102,3196,45946,4966,121187,6856,3563204,6215,859406,13493,218906,7518,352549,9077,656496,13607,302770,9690,56354,4418,38939,3652,5148714,NA,39.9,0.2,146505,3838,79108,4060,57541,3486,5092727,4254,4414770,17856,319219,16086,159673,10983,176008,12536
2019,46,South Dakota,59533,1949,31550,839,854648,1432,101946,8090,16727,1879,15252,1702,12750,1706,19576,2246,15418,2187,19322,2205,15115,1724,16023,1870,14601,1697,33085,2629,39039,3024,48104,2978,33240,2620,20941,2150,18784,1843,15822,2024,469624,5298,452975,5361,14033,1754,692113,2208,185000,3869,769,24,353799,3905,239931,4242,113868,4043,113868,4043,10443,1812,6237,1588,7910,1664,16308,2332,588029,2632,152869,5442,36972,2672,69831,3731,121231,5603,38132,3804,8827,1235,6594,1187,884659,NA,37.7,0.3,31899,1590,11475,942,12421,1365,872708,1720,739009,8766,58547,5551,43586,5057,26934,3576
2019,47,Tennessee,56071,658,31224,306,6656385,3422,922176,25901,164481,6450,131682,6890,124022,6371,134192,5654,130229,6911,135432,6233,125867,7278,130790,6304,115979,7726,210395,7824,280302,10113,334559,10968,229058,8213,130690,6293,134618,5288,142441,5591,3387696,19882,3215401,19930,152373,8381,5487875,6599,191900,1785,904,8,2654737,12964,1765720,15733,889017,13816,889017,13816,76289,4692,50609,4283,66089,5269,181291,8774,4693962,7052,1214437,17986,298703,9582,348886,9969,845100,15296,351914,9898,82800,5054,68410,5153,6829174,NA,39,0.2,206720,3507,93918,4090,70901,3233,6754461,5775,5782145,24958,530719,23305,224464,11425,196765,12436
2019,48,Texas,64034,500,32267,223,28361423,8554,3865010,70183,592805,16877,372516,10365,389613,14819,455747,12694,411562,12721,441822,13842,427610,11354,417596,13847,384153,13400,775885,16470,1010395,19333,1264129,19514,930664,18428,614409,14065,707336,16646,788884,15472,14574146,39860,13830576,41164,635077,15643,22425612,11166,200400,1201,1091,5,9985126,25440,6179278,31366,3805848,26478,3805848,26478,334100,11811,255943,9576,322712,12266,792406,18199,18772550,10843,3924228,44864,1149880,22636,1402600,25106,3750797,35494,1484968,25378,318581,10463,222187,9261,28995881,NA,35.1,0.1,1009343,6201,437750,5947,266962,7152,28642658,11223,24347958,68604,2422091,50520,1095863,28817,559661,22968
2019,50,Vermont,63001,1755,35702,938,599030,710,60897,4517,13617,2057,11629,1745,9371,1410,11185,1541,12120,1500,11976,1826,12096,1693,10844,1491,9407,1394,21543,1975,28430,2319,35909,2641,26640,2396,16312,1657,15969,1734,15719,1951,343455,4237,331247,4634,11552,1656,525153,1269,233200,5016,980,25,262767,3459,186252,3534,76515,3648,76515,3648,7924,1365,6635,1416,6597,1352,17582,2091,445558,1567,115058,4916,22935,1853,38706,2542,101015,3722,52196,3020,11739,1630,7322,1253,623989,NA,42.8,0.3,15010,410,10570,1113,7791,883,617560,1135,536752,5121,43107,4571,14669,2036,21212,2444
2019,49,Utah,75780,1093,31771,477,3157996,2043,281279,15513,36408,3152,28407,3048,29587,2988,31755,3103,33072,3164,39723,2998,31195,2695,40628,4332,36932,3054,78622,4283,119938,5712,162387,6130,122117,5297,75432,4690,82782,3997,74870,4212,1656987,10052,1598530,10329,52422,4796,2378652,2790,330300,3196,1098,15,1023855,5773,723288,7875,300567,7817,300567,7817,24487,2414,18796,2149,26720,3119,55701,4508,1911592,2475,384357,11355,143885,6100,184777,6297,448109,11721,156469,5531,32681,2878,27402,2374,3205958,NA,31.2,0.2,126468,1836,48002,1675,27778,2739,3162102,3623,2661654,18895,286021,16240,103036,8123,95608,8887
2019,51,Virginia,76456,842,40635,381,8279357,4204,822775,24460,153926,6531,101392,5624,103801,5704,119189,6978,104759,4640,125062,5304,111368,5629,118000,5797,111017,6012,217878,7811,301681,9712,413879,12448,319472,9526,221928,7475,288495,8540,380000,8591,4537998,17227,4229399,18239,175528,8599,6880704,6309,288800,2150,1254,16,3191847,12998,2110713,17300,1081134,13919,1081134,13919,89062,5676,69173,4948,90315,5504,214783,8940,5872757,7277,1156419,16574,354535,11030,468107,14037,1312800,16892,743676,13499,153224,6024,115370,5631,8535519,NA,38.5,0.2,257151,4210,128275,5012,89071,3773,8439982,5417,7201805,28265,487919,20343,415816,17509,264855,11921
2019,53,Washington,78687,923,41521,361,7470152,4462,730240,26102,128566,5644,87160,5285,82672,5157,106508,6543,92639,5142,100138,5434,100527,5135,107367,5365,101208,5924,207747,7582,288011,8151,391406,10077,321370,7910,216619,7392,267383,7259,333156,9033,3988571,19526,3749409,21936,179353,8082,6128444,4603,387600,2320,1359,14,2932477,11062,1849692,14564,1082785,13114,1082785,13114,98398,5405,77237,5884,93140,5699,221537,7622,5290324,4383,955541,15936,395512,10481,527524,11609,1204728,16387,538939,13043,122253,6574,89712,5563,7614893,NA,37.9,0.1,233396,2618,95063,3817,85265,4181,7527366,5600,6253469,28478,750012,24057,227916,11164,231956,14786
2019,54,West Virginia,48850,1131,27446,558,1739050,2527,278734,14047,61766,4723,43216,3790,41653,3500,41274,3011,41148,3158,37222,3059,36261,2960,36751,3771,32433,2908,59808,3810,69002,3938,88424,3971,54472,4043,33604,2713,26562,2543,24579,2332,795104,9948,744981,10669,47424,4747,1476688,2866,124600,2889,727,14,728175,7273,534568,7050,193607,7630,193607,7630,12426,1988,8098,1361,12781,2018,36919,3511,1281086,3403,431856,8517,76158,4204,101267,5844,161686,5922,80380,5029,15831,2273,11809,1556,1792147,NA,42.9,0.3,46664,1869,22433,1697,23376,2187,1773280,1883,1563611,12229,113710,10320,51029,6034,39548,4719
2019,55,Wisconsin,64168,600,34568,310,5675557,3164,591486,18294,104969,5282,96151,4850,94902,4803,105826,5380,101190,4667,107039,4003,100969,4676,112338,4698,99877,4347,187511,6371,266506,6692,338536,7267,250552,6288,149335,5126,146292,5134,124630,4932,3104192,12552,3002074,13543,98873,5053,4707424,3512,197200,1492,867,6,2386623,7340,1603906,11260,782717,11060,782717,11060,59138,3924,45102,3464,59407,4252,149447,5584,4015285,4143,1081686,14337,262972,6888,438381,9220,829878,14357,307952,7586,71262,4236,49287,3206,5822434,NA,39.9,0.2,167449,2292,80098,2102,66644,2610,5760481,3237,5001140,19911,437906,15805,196826,7773,107973,7285
2019,56,Wyoming,65003,2118,34104,1283,563528,1747,56945,5626,11707,1905,9486,1853,9205,1682,9935,1621,10628,2111,9368,1714,7003,1352,9527,1554,7986,1451,19725,2311,27967,2749,35493,3298,23647,2587,14963,1979,14838,1892,11650,1656,297245,4914,283750,5185,10539,1720,458477,2011,235200,6203,822,33,233128,3322,167582,4047,65546,4070,65546,4070,5850,1388,3035,984,5675,1453,11355,1820,389847,2859,95667,4769,31190,2898,44034,3480,73183,4387,29454,2832,6035,965,4885,1303,578759,NA,38.1,0.4,17807,1236,8617,1488,7597,1201,572884,1076,473128,8091,53920,5820,14207,2989,30247,4333
2019,72,Puerto Rico,20474,382,13345,270,3167190,936,1376809,24017,314185,8721,137740,4083,124103,6173,93564,4485,79556,4969,66805,4569,53971,3902,44493,3317,35864,2990,58187,3734,55245,4494,49955,3546,22122,2688,11560,1724,10760,1659,12872,1654,1217280,13841,1043560,14534,171370,8258,2699404,3210,110300,1108,482,11,1170982,9101,803460,9338,367522,10101,367522,10101,16247,2050,13630,1862,15949,1677,54109,3528,2301735,2950,595413,11591,35498,3913,258905,10642,443589,12354,124314,6744,27969,2996,30708,3557,3193694,NA,43.1,0.2,57254,2643,46598,2541,39806,2959,NA,NA,NA,NA,NA,NA,NA,NA,NA,NA
2019,17,Illinois,69187,585,37728,260,12373209,4984,1420542,37778,289515,9500,178230,7552,183540,7592,206595,6895,189948,7371,197382,6397,186475,6024,197027,8242,170536,7120,338947,9644,465073,10099,622878,11460,485409,11851,335706,8103,379693,8588,439052,8929,6628213,21241,6286647,21029,320069,10531,10184783,6628,209100,1514,1020,8,4866006,12627,3211867,18521,1654139,15588,1654139,15588,126702,5811,97706,5796,131157,6693,346525,12309,8694694,5650,1935552,24393,564910,13560,710058,10012,1886240,19881,892226,14876,206788,8768,123718,5917,12671821,NA,38.6,0.1,378778,2643,168973,2876,135354,5323,12536539,5997,11014059,33734,948464,28466,325627,14079,190627,9364
2019,13,Georgia,61980,437,32657,329,10332523,4968,1373909,35565,237054,8319,163741,6674,166221,7842,173428,7666,169736,9173,174416,8422,160146,8450,168658,9366,148721,7865,286625,10319,417847,13725,490823,11586,345431,8991,224841,8362,243294,7657,281732,8944,5308730,24358,5002153,25004,251981,10147,8394269,8568,202500,1708,1049,9,3852714,14425,2470572,20049,1382142,18815,1382142,18815,113933,8338,88546,6023,123748,9034,292949,11328,7080222,10041,1611419,25594,405768,12545,568130,14442,1410395,21510,640949,17679,152402,6921,97822,5448,10617423,NA,37.2,0.1,331929,5663,159920,4814,102855,5033,10499808,6442,9034705,37468,633474,23187,496594,19798,284541,17311
2019,16,Idaho,60999,1070,29606,557,1753946,2128,195984,13818,27773,3127,24498,2683,30937,3245,28519,2743,29674,3382,33553,3043,29333,2652,28390,2763,28771,2955,59944,4165,75990,4653,93083,5688,62355,3869,36160,3380,34280,3485,32599,2923,881838,7866,848223,8632,29127,3307,1386665,3018,255200,4009,880,16,655859,5316,469387,6634,186472,6390,186472,6390,14063,2206,14102,2027,17170,2686,34203,3759,1170997,3639,252180,8511,99106,5010,124584,5893,220189,8394,81863,5129,19503,2495,15100,2370,1787065,NA,36.9,0.2,59022,1766,24078,2048,19851,2146,1764327,2658,1478739,13896,151114,11276,49263,4952,78730,8348
2019,15,Hawaii,83102,2138,36989,762,1379078,1654,128722,11476,23344,2470,12238,1722,12277,2332,15179,2454,12991,2087,16607,2164,12211,1880,14811,1770,13260,1601,31700,2968,46591,3741,62750,3941,54269,3256,38537,3111,47879,3352,50655,3266,745236,7641,671768,8560,27112,2589,1147569,1894,669200,10116,1651,49,465299,5012,279960,5288,185339,5180,185339,5180,14531,1736,12398,1992,18544,2235,46646,3900,996668,1193,245865,7672,60763,3392,106096,5328,219979,5955,77835,4239,22345,2240,15050,2040,1415872,NA,39.6,0.3,43752,927,16080,1147,18140,1878,1396819,2070,1215974,11310,109655,10620,6911,1816,49708,5198
2019,18,Indiana,57603,680,30988,355,6517430,5728,775823,24457,153355,7188,104333,5489,114209,5524,130573,6385,119781,6143,134479,5695,119809,6480,126321,5521,112198,5822,225269,7454,278719,8045,335223,8714,239586,7242,142304,6171,139536,5495,122070,5142,3419651,18902,3272727,20045,142084,6776,5346452,5965,156000,987,840,7,2597765,12716,1800483,13175,797282,12807,797282,12807,64234,4389,47220,4486,66856,4403,153940,8047,4502015,6141,1286464,16149,308841,9010,397627,9854,777771,14728,318939,8673,65304,4432,50812,4277,6732219,NA,38,0.2,213705,3336,98634,3291,72868,3908,6656971,4247,5735703,24925,496934,19378,246158,11465,151443,10303
2019,19,Iowa,61691,750,33107,451,3058938,2317,341613,16006,65503,3958,52788,3671,51996,2979,55813,3597,53262,3656,64428,4104,55396,3239,64728,3751,53469,3312,106115,4657,145070,5722,181075,6372,129838,4739,73169,4237,70712,3654,63859,3712,1682701,11442,1618556,12600,62357,5020,2516898,3434,158900,1544,808,9,1287221,6606,907880,8960,379341,7989,379341,7989,27338,3180,19089,2609,27565,2768,72520,4396,2123004,4325,575335,10785,149482,5400,251578,7047,420199,8221,141152,5437,33335,3148,27567,2566,3155070,NA,38.5,0.2,98537,1823,45527,2123,35105,2354,3121385,2383,2686528,13620,241792,10551,106290,6551,72651,6363
2019,20,Kansas,62087,692,32885,508,2826818,2181,323189,13737,57967,4269,49134,3808,47555,3760,46910,3061,45121,3036,56401,3843,52296,3277,54980,3076,44142,3229,91195,4413,128644,4856,154883,5325,109663,5628,65709,3518,66556,3704,67173,3598,1533054,8815,1455746,10583,56737,4201,2292476,3701,163200,1834,862,10,1138329,6595,756566,8850,381763,9288,381763,9288,28885,3060,23161,2561,28427,2855,70448,5192,1918081,3470,424095,11122,148250,5575,173251,6135,414851,8710,176966,6141,37264,2998,23408,2435,2913314,NA,37.2,0.2,92742,2101,42158,2360,32567,2045,2879518,2733,2426897,15581,252789,12901,92214,7485,94648,7695
2019,21,Kentucky,52295,625,29029,351,4326675,3335,703627,22815,137394,7450,96775,5086,91258,4652,97164,5289,87632,5571,87383,4678,79311,4462,82031,4207,72412,4349,138478,5578,184006,6505,217584,7666,144784,5547,79088,4307,81644,4722,71788,3720,2112749,13966,1997773,14115,100537,5586,3581569,3669,151700,1390,773,10,1748732,8789,1171824,12237,576908,9700,576908,9700,41638,3360,31156,3642,38614,3756,109834,7126,3048442,5245,814916,11960,202203,7380,260188,7964,453040,10322,221989,6703,57552,4154,33342,3156,4467673,NA,39.2,0.2,142045,2377,61517,2732,50803,3265,4421512,3469,3792437,21452,347431,14187,169697,10616,100057,10239
2019,22,Louisiana,51073,586,28662,383,4515876,2937,857894,28695,175845,7581,98971,5899,97475,5590,99805,5982,88474,4877,83914,5559,70704,4746,72587,4875,63870,4467,128702,6506,155489,7022,201402,8214,140783,6002,85631,4712,90875,4979,86549,5284,2179183,15554,2040325,16990,118011,7965,3684053,5584,172100,1937,866,10,1741076,11011,1157652,13899,583424,12755,583424,12755,41823,4137,29560,3528,45139,4382,142368,7015,3140201,5912,893425,19206,178661,8411,202310,7135,503947,13683,194070,7357,55742,4392,30516,3404,4648794,NA,37.7,0.2,151967,3477,67567,4242,50093,3327,4595111,4260,4018892,25759,339338,20683,152003,11359,67640,7320
2019,23,Maine,58924,1758,34078,675,1304100,1939,141803,9329,29156,2776,26772,2777,25944,2377,28416,2447,28655,2930,26975,2342,26704,2811,26591,2634,25016,2747,46421,3543,59465,3659,78301,3996,54158,3091,29796,2141,31446,2540,29802,2666,711235,7263,684413,7119,24471,2757,1128168,2087,200500,3246,870,16,573618,4999,414119,6272,159499,6711,159499,6711,14653,2256,10492,1808,11544,2127,26836,2851,991152,1709,264179,6808,61146,3654,99008,5239,205722,6564,87322,4513,21060,2187,14895,1782,1344212,NA,45.1,0.1,32093,913,17053,899,18742,1662,1331656,1983,1162558,8967,91772,7065,36333,4234,36129,3260
2019,24,Maryland,86738,934,43325,422,5898360,4973,532241,20417,107286,6135,58002,3509,57579,4657,66120,5459,68305,4529,72323,4417,64806,4783,70000,4675,65778,4570,138120,7500,201418,8399,292625,7790,250738,8633,179658,6140,230504,7787,303505,6357,3279799,16469,3098870,17785,147356,7573,4862424,4514,332500,2266,1401,12,2226767,9709,1488168,12986,738599,11862,738599,11862,65209,4763,47807,4238,64729,4586,172268,8847,4183858,3738,903664,15486,244221,8368,287293,11224,911781,15792,553133,11949,131090,5152,114226,4868,6045680,NA,39,0.2,182785,1686,80072,2713,62432,3651,5979602,4528,5224363,24311,384905,18230,184483,12660,141766,8795
2019,25,Massachusetts,85843,991,46241,464,6656430,3580,625763,19408,136022,7119,103250,5916,83554,4800,89008,4871,75702,4673,85547,4969,77658,4871,78474,4407,76630,4840,149805,7484,222834,8502,317741,8822,266628,7059,213046,8555,286667,7250,388114,8570,3857469,14700,3700243,15695,151812,8390,5707254,4141,418600,3128,1360,15,2650680,9065,1647747,11356,1002933,11167,1002933,11167,85643,5446,68695,5115,80118,4852,229529,9055,4850576,2517,1015844,15799,229385,7492,360810,11254,1197208,19004,692415,13069,149956,6306,142164,5966,6892503,NA,39.7,0.2,181456,1651,102478,2104,78053,4300,6828110,4238,5975607,27342,443885,20869,200650,10935,144079,7664
2019,26,Michigan,59584,572,32892,256,9772151,3221,1269062,30302,244230,7996,161953,6462,164837,6814,190565,6454,190137,6671,196909,7247,182827,6843,182058,6999,163305,5656,318380,7824,418953,8808,520933,10004,349044,8834,225347,7525,233324,5647,227078,6468,5010213,20079,4755016,20119,250252,8145,8095913,5042,169600,893,888,7,3969880,12901,2841195,16275,1128685,13745,1128685,13745,94599,4544,63524,4520,91180,4663,250507,8820,6894627,4818,1732283,20151,515815,9715,648794,11173,1252685,17909,606220,10551,126447,4163,85443,4475,9986857,NA,39.8,0.2,288628,2248,136903,3220,121233,4260,9880758,5117,8606216,30908,733276,20844,370914,13885,132008,7968
2019,27,Minnesota,74593,826,39025,381,5515416,3267,494683,17961,91789,4023,75931,3999,70351,3636,75222,4135,75431,3583,83608,3598,79199,4495,87296,3894,85383,3688,161638,5268,230171,5979,322135,7488,245492,6583,165229,5677,184474,5584,189219,5741,3112899,11893,3010452,13214,98727,5575,4479456,3766,246700,1627,1016,14,2222568,7740,1598396,9963,624172,9048,624172,9048,55245,3580,35518,2719,46286,3984,123829,5446,3847212,4098,824041,12852,251001,7084,442578,8776,942830,13374,350476,8280,85082,4588,54838,3324,5639632,NA,38.4,0.2,178950,2115,72991,2534,63688,2872,5575235,3626,4836702,17149,362215,15216,244013,9565,106920,6956
2019,09,Connecticut,78833,1358,45359,555,3460446,2429,347149,13761,73356,4604,48946,4341,44499,3728,55066,4567,46692,4163,46754,3955,45915,4068,47778,3435,42806,3557,85657,4491,122867,5789,168812,6361,134437,5944,99870,4859,131551,5209,182160,5037,1937195,11851,1823915,12462,102571,5672,2926854,3578,280700,2718,1177,13,1377166,6712,895594,8768,481572,9380,481572,9380,38572,3758,31824,3856,37650,3503,114712,5602,2496420,2195,587402,14327,132388,6126,190700,7595,549166,11543,323247,8718,79580,4436,42555,3335,3565287,NA,41.2,0.2,93068,1010,51585,1324,40206,2624,3531986,2674,3106754,20309,242464,15464,63606,6973,90044,7706
2019,12,Florida,59227,443,32887,191,21048884,6008,2664772,55731,474053,13417,319988,11713,336106,10815,379345,10064,370142,11941,387179,10404,361111,11124,376371,11883,335811,10992,651993,13988,825173,17027,1013871,18510,679999,13685,424429,11895,440216,11479,530045,10064,10500485,32817,9958518,34806,471449,15315,17719854,8509,245100,1183,1238,7,7905832,23042,5237519,29214,2668313,27920,2668313,27920,238309,10139,190430,9598,269743,9286,700193,16066,15484502,8439,3739283,38504,986530,19798,1538727,30925,2982643,35477,1235227,19805,353649,11651,182118,8842,21477737,NA,42.4,0.1,579220,4388,252191,5152,259700,8626,21269409,9193,18083185,55882,1731259,43286,649949,21110,601611,24764
2019,01,Alabama,51734,600,28650,323,4781688,3063,739108,24870,154558,5883,103653,6001,108500,5926,98706,6491,90916,5859,105146,4149,85014,5417,87118,5163,82323,4231,148795,6921,188341,7118,212632,6966,161984,6800,92752,4860,95243,4590,81895,4751,2281982,16142,2153467,16735,111622,7022,3937453,5567,154000,2032,807,9,1897576,10370,1305223,12053,592353,10712,592353,10712,42119,3536,34668,3311,43221,3684,122559,6153,3360058,5792,862665,15177,213757,8705,301914,9416,547975,14065,246772,8364,52179,4044,38431,3318,4903185,NA,39.4,0.3,145128,4499,68393,3226,53482,3215,4849509,3840,4197698,21706,387253,17354,147589,10632,104780,8007
2019,02,Alaska,75463,2694,36978,1039,713725,1271,71938,7880,10352,1539,8180,1287,8764,1540,7831,1372,7347,1308,10176,1467,8810,1411,9605,1334,8667,1507,18375,2304,27342,2960,33863,2537,25987,2419,19917,2246,23597,1945,23386,2693,377728,5689,338011,5871,20650,2390,569699,1120,281200,5927,1201,37,252199,3658,163272,3761,88927,2868,88927,2868,6971,1430,4123,1205,8777,1431,16556,2356,484058,2581,115044,5687,38804,3211,43394,3004,89583,4612,38960,3004,10924,1800,6690,1335,731545,NA,35,0.3,24910,1461,11147,1464,7723,1457,722063,1360,609362,7734,58654,5901,15721,3091,34031,4202
2019,04,Arizona,62055,446,32173,301,7116266,3597,958442,33279,157050,7682,93592,5180,101729,5556,118356,5667,108343,5382,120412,5547,123273,6653,124713,6211,116654,6011,217906,8045,283766,8494,354816,8822,249165,8162,159770,6284,165735,6567,175161,5903,3506306,18892,3305302,17217,176868,9230,5820607,4871,255900,2295,1101,8,2670441,12014,1742670,14610,927771,14775,927771,14775,85266,5380,53657,4347,74117,4984,189220,7030,4944540,3175,967328,19382,384038,11193,431854,12312,931038,13830,404500,10811,89342,4582,67278,3753,7278717,NA,38.3,0.2,218809,1410,104213,2660,77316,4839,7200620,6015,6038776,31879,736704,24758,125231,9485,253295,12249
2019,05,Arkansas,48952,863,27274,471,2929117,2439,474739,16707,83090,4996,69710,4938,69094,4709,71367,4602,66188,3819,67952,4766,55634,3606,58995,4738,49735,4481,90584,5000,122462,6375,133504,5325,86684,4132,48314,3641,45587,3644,44747,3131,1398200,11911,1325091,12720,67142,4563,2401299,3503,136200,2039,742,10,1163647,8530,761809,11533,401838,8992,401838,8992,33075,3187,19813,2952,31479,3380,70746,4674,2036456,4918,580998,11069,137073,6216,151738,6906,307185,9490,121947,6129,27975,2318,18260,2531,3017804,NA,38.8,0.2,91096,2863,43072,3197,34297,2548,2989054,2800,2559444,15248,242853,11863,118909,8531,59723,6369
2019,06,California,80440,313,39393,177,38733295,9821,4552837,67995,601685,11736,490306,11213,408350,10868,462991,12546,433367,11330,464508,12722,441513,11471,451639,11543,413466,10427,832613,16617,1183466,18998,1645318,20140,1344893,20577,939786,16383,1241231,17972,1802741,18330,20246507,39645,19078101,39509,1017660,19493,31617786,11444,568500,2502,1614,7,13157873,23844,7218742,32100,5939131,32807,5939131,32807,546479,15426,388855,11619,544308,12090,1530608,22234,26937872,5782,4926010,45237,1523559,24080,2118792,25012,5889724,34186,2400918,23668,672307,13762,465535,9758,39512223,NA,37,0.1,1215418,3802,531317,4072,384478,9241,39084048,10760,34394220,68574,2881883,52031,1061256,27761,480204,18764
2019,08,Colorado,77127,791,41053,392,5637904,2914,526979,20810,102245,5686,65394,5116,59304,4478,80145,6104,68908,4418,81515,5514,80154,4930,77589,4963,78031,4646,158282,7186,232780,9418,308250,10437,241879,7378,168327,6332,203081,7459,229219,6173,3182096,13785,3032173,15695,115497,5605,4645780,4327,394600,2695,1369,14,2235103,10026,1471912,10990,763191,12607,763191,12607,68527,4554,52823,3526,70050,4995,172670,7855,3974943,4753,678101,14568,246503,8226,334961,9716,1057825,13377,471937,11021,92258,5025,73582,4017,5758736,NA,37.1,0.1,167191,2380,77258,2446,62024,3457,5701658,4038,4695821,22285,454455,16809,281859,14410,240600,13693
2019,10,Delaware,70176,1623,36858,981,944955,1977,106383,10953,20337,2604,13603,2067,12283,1679,14267,2820,13046,1955,14091,2518,14243,2075,14762,2100,15879,2049,27317,2835,41589,3353,51204,4025,35948,2627,28073,2661,31851,2904,27746,2697,494432,5684,466061,5646,22631,3219,792119,1947,261700,4816,1116,22,376239,3536,264503,4704,111736,5001,111736,5001,10397,1982,7392,1730,6971,1642,27334,3567,687311,1176,183375,7004,42800,3242,56885,3431,134287,6889,69023,4627,13269,1947,11620,1472,973764,NA,41.4,0.3,27270,1049,12591,951,11277,1344,964817,1555,843383,9324,65611,6602,13575,3231,38014,5368
2019,11,District of Columbia,92266,2497,59808,1444,673041,570,90534,8570,23471,2750,9733,1898,8681,1490,5639,1577,6895,1452,6421,1297,10168,1955,5903,1295,8744,1873,15567,2363,19767,2467,32011,2218,25923,2428,21397,2024,30966,2591,60284,3190,416359,5292,387826,5772,25916,2563,587819,1304,646500,19826,1603,45,291570,3959,120988,3639,170582,4562,170582,4562,14498,1796,12828,2323,13058,2129,28920,3142,505145,346,67492,5404,16367,2655,16922,2616,129825,5239,107612,4298,44240,3822,19752,2147,705749,NA,34.3,0.2,23038,4,9442,1255,5730,1108,697556,1657,563798,6607,64893,5923,0,218,58879,5115
2021,01,Alabama,53913,781,30608,358,4920613,2623,794326,27043,152450,6464,109733,5769,104435,6237,99468,5299,90500,5438,95211,5749,91889,5799,93936,5244,76444,5251,154414,7259,185100,7237,238551,9491,156400,7094,103599,5271,113598,6775,101831,4860,2335486,15207,2190915,16821,123808,8209,4046627,4927,172800,2083,861,12,1967559,10527,1377932,12342,589627,11032,589627,11032,46263,4712,33147,3608,43827,4031,132728,6409,3451208,6233,902759,16880,215235,8025,303028,9986,572276,12380,271514,9382,57866,4315,45110,4326,5039877,NA,39.8,0.2,149482,2753,70364,3696,59694,3632,4989797,4341,4392571,25089,330986,19545,137978,12909,115641,10300
2021,72,Puerto Rico,22237,478,14468,338,3235303,1861,1310464,28786,286499,7691,132217,6671,118108,5460,95934,4746,80680,4543,68290,4261,57630,4522,44777,3794,38025,3476,57373,4245,67045,4718,52813,3271,25145,2530,13678,2089,11910,2116,15858,2430,1252484,15116,1085614,16223,163354,9354,2794959,2852,114100,1225,504,12,1165982,9161,800555,10264,365427,8509,365427,8509,18560,2639,12371,1753,16757,1892,58726,3742,2401409,3490,619884,13591,31256,3944,280356,9960,493356,12629,127459,6521,29593,3152,33486,3987,3263584,NA,44.1,0.2,49739,2447,46396,3510,41528,3441,NA,NA,NA,NA,NA,NA,NA,NA,NA,NA
2021,04,Arizona,69056,686,36295,370,7126930,3616,908961,26990,158400,7418,90728,5434,91978,5276,107041,5942,104291,5151,116831,6479,116271,6110,119748,6950,113530,6495,213154,7234,288186,8709,382904,10492,285505,9751,197325,8573,203180,7769,228651,7940,3544778,16144,3314799,19031,203756,10185,5852913,4870,336300,2390,1253,13,2817723,10850,1905690,14256,912033,14327,912033,14327,75773,4980,59999,4749,83193,5640,217519,8321,4980297,2544,967537,17394,380056,11740,467305,11295,985673,15997,455187,12436,97958,5757,76263,4941,7276316,NA,38.6,0.1,203199,1688,98426,2149,77086,3794,7202745,5156,6144045,29885,634478,24246,124972,10250,264948,14419
2021,05,Arkansas,52528,1002,29252,448,2944289,2950,480153,21721,89818,5102,63974,4485,57674,3288,65552,4527,60038,4225,58653,3937,55935,3934,61683,4670,47058,3942,96873,5169,117803,5345,146150,7758,95088,5420,53109,3553,58295,4171,55972,3780,1408602,12699,1323511,12473,77486,5574,2405035,4232,162300,1975,820,12,1183675,7882,793038,9392,390637,7678,390637,7678,34800,3898,19963,2925,26297,3323,74973,5441,2037763,5042,572881,12287,137609,6666,161542,6142,324137,9487,140186,6520,28936,3570,21775,2945,3025891,NA,38.5,0.2,91430,2900,42899,2900,34928,2929,2990311,2937,2595527,18138,215419,13601,97429,7166,76108,8024
2021,06,California,84907,542,42396,233,38481790,8027,4733036,68101,715644,17511,469896,12586,382664,9950,425904,12449,401330,10578,428081,10671,407182,10389,420211,11413,379152,11597,803498,16177,1170954,20925,1639647,19767,1347400,20980,1012323,20007,1343134,18083,2082043,21249,19961610,43307,18156051,47000,1649320,20087,31507237,9707,648100,2021,1750,7,13429063,19170,7502706,28590,5926357,26707,5926357,26707,526471,13350,394535,10827,569147,14317,1633990,21020,26909869,5680,4909898,36909,1637010,22359,2120275,23217,5958030,35596,2573469,25887,695127,15780,511191,11527,39237836,NA,37.6,0.1,1129355,3475,519127,3967,398808,8295,38833197,12214,34461724,53862,2606494,42690,1142877,27019,433402,16802
2021,08,Colorado,82254,791,44617,467,5696140,2502,553272,20121,110592,5616,63454,4743,60508,4538,65266,4443,70129,4351,76708,4429,75789,4296,83534,5202,77067,4762,166177,7405,210874,7920,307456,8267,246150,8467,184044,6906,237389,8557,277905,7428,3212836,13015,3002106,14669,168571,7738,4720626,4206,466200,2390,1491,14,2313042,8099,1546233,12044,766809,10883,766809,10883,72594,5688,53506,4297,69842,5764,190925,7414,4044182,4301,658973,14970,239829,9129,334157,9605,1107309,14787,500621,10120,105810,4770,82500,5096,5812069,NA,37.6,0.2,158361,2228,79285,2714,63612,3182,5757628,4091,4794481,26077,398174,16723,288718,13759,250031,17084
2021,09,Connecticut,83771,1112,48146,651,3506226,1653,354166,16673,74573,4854,46694,3714,46755,3818,48720,3831,47229,3833,46256,3136,47459,4011,44677,3574,40799,3481,84184,5083,124711,5742,168002,6865,143969,6106,111654,4882,144436,5801,208195,5926,1950159,11848,1810942,12873,129633,6354,2971314,3524,311500,3506,1277,19,1428313,5900,951516,9355,476797,9909,476797,9909,41784,3328,30873,3228,38784,3596,122884,6854,2534376,2157,568748,13537,138850,6888,188070,7544,587690,11840,348217,10120,83078,4702,48686,3589,3605597,NA,41.1,0.2,90173,1059,52780,1340,44086,3072,3571470,3191,3168509,15301,210215,11822,69113,7022,106618,8523
2021,10,Delaware,71091,1795,38797,1142,978675,1126,113450,9306,20504,2475,12424,2155,14048,2007,14630,1904,12650,1901,14963,2134,13473,2127,16130,2313,16947,2317,30580,3265,40495,2969,53506,3613,40262,3313,23969,2784,38050,3676,33025,2579,492382,5691,461096,5926,27140,3037,819868,1789,300500,6189,1208,30,395656,4126,287111,5513,108545,5060,108545,5060,6766,1322,7544,1872,8519,2023,28219,3026,711104,1307,178620,7424,41763,3486,66097,4563,146295,6975,80771,4324,14294,2002,11932,2193,1003384,NA,41.6,0.3,27366,480,12489,970,11672,1486,994669,1764,889174,6362,48526,4798,9654,2920,42551,4342
2021,11,District of Columbia,90088,3477,65808,2083,637491,1884,105007,8772,30677,3180,9081,1655,10593,2046,6984,1810,8062,1831,9027,1788,6445,1294,6186,1370,7057,1841,15633,2043,25569,2795,36461,3285,26111,2643,22322,2777,30406,2822,68951,3934,391439,5236,355398,5992,31749,4133,553437,1145,669900,18113,1668,36,319565,3541,132936,4071,186629,4176,186629,4176,16123,2292,11779,2099,14864,2093,41482,3948,478774,179,59776,4263,14618,1855,15235,2180,120771,6174,109362,5373,48117,3974,23602,3037,670050,NA,34.8,0.1,20882,56,8933,609,5109,1044,661026,1835,527167,8611,68606,7109,0,236,57746,5874
2021,12,Florida,63062,425,36196,290,21368535,7949,2805433,50403,542819,13045,324579,10877,336446,10867,376400,11496,382303,14017,382767,12388,356081,11509,370722,11064,336113,11173,677008,13057,879161,18122,1101201,20053,785595,17743,503489,11864,546648,15806,663997,17588,10652489,40151,9983261,42688,592167,19064,18010659,8981,290700,1438,1348,7,8565329,25039,5772329,30900,2793000,27337,2793000,27337,253271,9883,194477,9694,286753,12091,798839,20923,15762122,8177,3686864,37773,1023966,19692,1582504,25952,3248221,34306,1368496,22376,384303,11553,225826,10727,21781128,NA,42.8,0.2,558584,3735,248076,5671,258396,9703,21590684,8058,18571567,47265,1530583,36247,675983,22636,674740,25002
2021,13,Georgia,66559,712,35086,435,10529506,5035,1476348,43526,251693,10236,148871,8373,155036,7142,162490,9220,166314,8503,171804,8618,157638,8661,157606,8230,141338,8089,292400,12148,404851,12669,532753,13783,361182,11359,265354,9961,293865,10616,337914,11705,5394701,27348,5032459,28705,294785,12956,8575918,9300,249700,2441,1153,12,4001109,12817,2642126,20935,1358983,19558,1358983,19558,113962,8456,88111,6388,116822,8486,327768,12467,7234271,10275,1585583,24684,419053,14703,609570,15968,1514014,27202,699356,19504,173470,9433,118236,6817,10799566,NA,37.5,0.1,324241,5337,159264,5912,113301,5396,10688429,6334,9243299,38980,627441,31042,479739,20934,302512,17711
2021,15,Hawaii,84857,2106,38614,680,1402392,2631,156735,10849,26535,3121,14890,2071,13803,2011,14986,2052,10270,1632,14278,2277,15795,2082,15335,2094,14176,2253,30787,2442,46878,3839,66805,4312,50572,3919,38415,2957,51453,3098,65102,3818,739336,7213,636963,7445,53237,3971,1166220,1772,722500,13667,1774,37,490080,5054,306653,6699,183427,6477,183427,6477,18071,2547,10978,2015,17019,2292,51927,3979,1021687,1837,242919,8255,64921,4061,112809,5920,226849,6730,91083,4737,27139,2603,15610,1936,1441553,NA,40.2,0.2,41816,1471,16023,925,16704,1470,1426298,2455,1230761,11560,103637,9127,7153,2342,71626,8474
2021,16,Idaho,66474,1752,33841,856,1868374,2352,205702,14781,30955,3101,25964,2637,25294,3142,28062,3308,25022,2994,30392,3528,27367,3140,29546,2640,27729,3587,57657,5048,80390,5184,99293,6020,73475,5990,41673,3468,45716,4260,45347,4057,937369,8507,901819,8639,30858,3750,1484932,3352,369300,4847,1035,23,693882,4348,498872,7387,195010,6802,195010,6802,18476,3044,14340,2161,15955,2032,35409,3538,1257566,2820,276651,9699,92940,6313,126524,6076,253762,9121,94108,6043,23862,3220,14532,1955,1900923,NA,37.3,0.3,57222,1885,26865,2105,23862,2427,1879719,2400,1601568,15804,120668,10334,55790,5689,96388,9806
2021,17,Illinois,72205,574,39794,375,12380582,4827,1498523,37209,321928,11104,170962,7042,177140,7061,187188,7391,176568,7433,194477,7948,181081,7497,180330,6924,174775,5758,339847,8735,478012,10974,640072,12336,502865,11191,348622,9266,413047,11718,504727,10601,6584794,23425,6079192,23954,482887,13546,10203044,6304,231500,1606,1106,8,4991641,12428,3370654,19529,1620987,19271,1620987,19271,130195,7507,89764,5918,120064,6447,379303,10198,8730697,5160,1876064,21856,589065,12149,727336,14790,1932282,20143,961986,15789,213218,7711,135093,6426,12671469,NA,39,0.1,361831,2925,174436,4164,140162,4919,12544435,5532,11095785,30825,882151,24142,318602,15711,195177,9929
2021,18,Indiana,62743,716,33054,362,6608427,3994,803021,25718,151979,7466,100556,6230,99284,6733,110888,5037,122371,7218,131131,5661,106471,5084,123943,7176,107341,6128,225374,7450,290701,10652,371779,8853,260187,8199,156223,6553,169705,6951,152761,6261,3426897,17338,3259178,17464,160040,7871,5401077,5440,182400,2006,905,9,2680694,9238,1905849,13015,774845,12019,774845,12019,68365,5427,46567,4091,63106,4430,157170,6495,4559631,5416,1269024,18875,314335,11246,414408,11983,843069,14953,343526,9840,74471,6175,55721,4291,6805985,NA,38.2,0.2,207700,3052,99838,3694,76266,4144,6729771,4323,5835956,27793,458106,20072,256278,12523,156417,11930
2021,19,Iowa,65600,777,35715,501,3100317,2584,344696,16580,64244,4218,49407,3008,49722,3705,52768,3331,49164,3584,59040,3497,55027,3944,61493,3424,48699,3393,103768,5540,139538,5352,186859,5320,131140,4956,84110,4849,84468,3885,81020,4621,1681087,10647,1616533,10693,60198,4219,2543525,3737,174400,1658,847,10,1300467,6514,935111,9676,365356,7963,365356,7963,27826,2787,21536,2764,26501,2598,74676,5093,2137261,4511,562603,9140,161077,6448,255456,7668,441878,10575,145253,5096,34653,3015,30958,3295,3193079,NA,38.5,0.2,97221,2095,49114,2751,39166,2649,3159672,2419,2725417,14379,227606,11477,119766,7120,77245,6177
2021,20,Kansas,64124,951,35028,512,2854624,2566,333518,15020,65819,4522,44129,3157,42421,2938,49677,3822,49682,3422,48540,3884,49640,3430,51779,3588,46122,3531,94666,5079,121468,6050,155720,4818,110807,4362,75975,4290,77648,4235,74933,3704,1520362,9920,1437472,12010,65475,5256,2315379,3955,183800,2802,904,13,1159026,5714,776740,8683,382286,7535,382286,7535,28947,3036,18761,2342,28694,3221,75478,4882,1942133,4721,413617,11079,165082,7192,167575,6642,427464,9597,187756,5806,44232,3192,28000,2932,2934582,NA,37.3,0.2,92451,2270,45083,3024,31781,2103,2900594,2687,2461533,17436,227786,12624,95250,6911,102319,9863
2021,21,Kentucky,55573,701,30728,382,4379845,2735,721878,20774,144592,6529,92226,5460,82353,5004,90398,4683,80304,4461,85937,4479,81471,4981,82207,4220,68667,4093,139088,6355,181797,6233,224903,7610,149470,5997,97277,5399,92742,4937,92250,4746,2125669,12432,1992331,13865,114655,6662,3612858,4632,173300,1712,830,10,1785682,8799,1225996,12463,559686,10315,559686,10315,43231,4288,30872,3369,39074,3331,114119,6661,3077867,4330,804890,13189,203710,7713,275708,8660,488546,11696,248867,7905,56988,4210,36013,3175,4509394,NA,39.1,0.2,134032,2405,62778,3625,51163,2943,4460646,2878,3878219,19555,302994,14856,160457,11233,107693,6224
2021,22,Louisiana,52087,750,30117,463,4501071,4369,883236,30108,164981,8270,105456,5086,96282,6538,90320,6124,88004,6347,84717,5641,74896,5341,82772,5406,67425,4899,131075,7021,168253,7942,198577,8655,136231,6725,89529,6095,104018,5828,101388,6428,2143567,20988,1957790,21462,161765,8237,3663069,4731,192800,3009,924,13,1783924,7696,1200910,11783,583014,11725,583014,11725,40801,3926,35147,3755,52875,5012,153251,8237,3117186,7336,850729,17048,178427,8341,211237,7283,523475,13794,205307,8820,58391,5541,37196,3953,4624047,NA,38,0.2,141470,3959,58384,4001,54866,3379,4571302,4582,3987402,19669,328345,17090,155424,12441,81944,8435
2021,23,Maine,64767,1258,38483,865,1338019,1351,154117,11184,32174,2626,26760,2744,23135,2515,25557,2562,25252,2402,24439,2524,26067,2021,25102,2113,20973,2432,44833,3193,59143,3907,85275,4540,57628,3841,38819,3158,38637,3080,39832,2800,708906,7347,672480,8088,34431,2788,1155699,1981,252100,5027,945,23,593626,5251,444231,5856,149395,5206,149395,5206,15851,2260,9566,1788,11332,2172,27415,3145,1015078,1903,252457,7641,60656,4003,107147,5213,224987,7908,98761,5241,22502,2790,19055,2387,1372247,NA,44.7,0.2,31287,845,15555,812,18804,1729,1360264,1424,1203199,8547,75903,6450,35515,4074,43492,4855
2021,24,Maryland,90203,1065,46500,509,6023847,3515,618372,24989,122990,6672,62274,4548,61408,4077,64217,4147,64823,5325,66915,4823,61570,4369,74366,4565,68159,4166,145231,6778,201190,7552,295926,9124,249090,8004,194459,8063,267950,8058,355084,9189,3304168,20247,3070750,21329,192275,8456,4964751,4659,370800,2525,1473,14,2355652,6143,1597663,11011,757989,11113,757989,11113,64248,5165,48620,4213,67183,5654,193371,7808,4273260,4072,888124,14132,257787,9145,294842,8979,956533,16361,606779,11053,138912,5461,115978,5372,6165129,NA,39.3,0.1,176219,1573,75834,2273,61681,3135,6099715,4217,5387234,27596,335101,21972,184473,12189,160016,10653
2021,25,Massachusetts,89645,1287,49746,459,6748410,2762,700138,21871,149006,6792,105211,6030,86111,4925,91835,5955,80464,5255,76359,4795,74836,4165,79941,4560,70340,4924,155290,7638,214448,8975,315752,9195,270742,8710,213021,7042,303358,9379,472304,10702,3865417,20138,3604672,22861,255238,9093,5790261,4144,480600,3093,1487,19,2759018,9086,1742436,12565,1016582,11698,1016582,11698,92719,5866,67200,4794,83048,4843,250521,8571,4934755,3237,982432,15339,242588,8403,376568,10932,1250748,18214,736774,14252,156628,7063,156273,6825,6984723,NA,39.9,0.1,175289,1327,102375,2092,74739,3284,6916314,4173,6043959,21629,433009,17124,230145,11341,158311,7554
2021,26,Michigan,63498,526,35353,229,9847403,3560,1286329,29158,256830,8760,157641,6041,153560,6404,174526,6400,169176,6113,178888,6934,181920,7121,175127,6572,156304,5812,316857,9538,417885,9995,534227,11116,379247,7457,248104,7018,278186,8002,273320,6137,4966693,19324,4617618,20881,342848,9069,8156411,5162,199100,1479,969,7,4051798,10574,2966347,14453,1085451,13506,1085451,13506,90690,5248,59284,4940,88103,5334,262639,9507,6971895,4570,1721761,13603,530359,12213,680323,11681,1338162,15719,649768,11608,130768,5734,89472,4615,10050811,NA,40.2,0.1,277827,1989,138551,3624,125486,4159,9950336,4442,8827083,27764,584149,20057,366221,15327,143042,9088
2021,27,Minnesota,77720,915,41753,316,5587189,2921,519731,16588,96651,4184,71847,4576,62301,3875,71772,4413,72362,4439,85349,4507,76804,3911,87275,4663,80134,4415,163677,5764,232916,7681,313261,7435,246305,7037,178445,6777,215031,7232,226903,6113,3114145,12843,2957951,14210,151805,6266,4554126,4332,285400,1533,1113,12,2281033,6734,1665101,11511,615932,10686,615932,10686,58052,4115,34317,3279,49839,3892,138108,6481,3898742,4007,788076,12675,263426,7938,459742,10522,993883,13369,367967,8760,93091,5131,61485,3342,5707390,NA,38.8,0.1,169996,1663,76140,2369,66816,3609,5645866,3318,4930664,19720,349355,14728,257227,12253,93286,6975
2021,28,Mississippi,48716,1242,26941,502,2861627,2757,554152,18347,105133,6201,71407,4588,59798,4351,63807,5324,64250,5060,59448,4644,54854,4311,53830,4544,41783,3396,82190,5200,105764,4649,134032,7217,86393,5404,54590,4349,52271,5121,40061,3453,1325864,13882,1227616,14710,84002,7095,2340485,4510,145600,3278,831,12,1129611,8212,787068,9871,342543,8388,342543,8388,25844,3583,19332,2756,25886,2979,80756,4554,1968167,7001,468575,10726,124967,6726,199843,9217,303656,10580,131795,6295,29196,3074,23016,2670,2949965,NA,38.6,0.3,91938,4539,46129,3495,34206,2899,2919574,3069,2608484,17207,156601,12488,84570,8944,59759,6266
2021,29,Missouri,61847,669,34593,372,5999824,4383,761311,21677,146475,6848,106193,4946,97603,4778,109222,6021,105795,5505,118947,6013,109848,4782,112205,5518,98240,5459,194411,7419,257874,8640,329647,9637,220398,7660,141453,5781,162826,6528,157589,5693,3107007,14548,2939431,15950,142497,7306,4949628,3965,198300,2336,882,9,2468726,10224,1698595,14258,770131,13815,770131,13815,64626,4392,44927,3730,57123,4901,158184,8223,4226634,5764,1111093,15828,302328,10029,350837,8854,823215,15379,382906,8862,79995,4861,54527,4429,6168187,NA,39.2,0.2,180792,2826,87697,4168,76912,4074,6102443,4216,5282198,20691,396301,18957,239496,10553,165921,9843
2021,30,Montana,63249,1423,36020,1099,1079864,1308,128123,8263,23195,2507,18852,1864,17978,2129,19187,2224,21275,2518,19387,2166,21825,2419,18695,2259,18117,2371,34567,2976,49372,3090,58776,4146,40723,2863,26653,2763,29563,2471,30784,2730,554118,7545,527565,7222,21876,2768,895986,2166,322800,6580,883,17,448949,4159,311861,5221,137088,4642,137088,4642,10182,2105,6796,1525,11144,1710,23877,2397,766758,2391,171246,5653,59044,4407,69432,4169,171377,6026,64867,3917,17438,2223,13138,2005,1104271,NA,40.1,0.3,29274,1363,13302,1603,15477,1795,1093888,1329,944443,9690,69229,6276,31151,3724,44531,5330
2021,31,Nebraska,66817,1060,36227,608,1914212,1199,205852,11385,40806,3622,30156,2227,28675,2848,30243,2904,30987,2513,33387,3047,30230,2593,38876,2902,29028,2362,60100,3618,81204,3733,110558,4707,79514,4009,52483,3370,56674,3137,53061,2971,1053466,8066,1019100,8395,27826,2615,1534896,2972,204900,2877,912,16,785982,4212,532582,5988,253400,5113,253400,5113,19368,1991,14836,2194,21279,2596,52628,3574,1292536,2960,279521,8293,100264,4297,139742,5288,286510,6865,110814,4940,27169,2457,20768,2297,1963692,NA,37.2,0.2,63287,1566,29028,1636,23067,1741,1939700,1981,1677312,10187,145728,7871,63249,5243,43287,5163
2021,32,Nevada,66274,1011,34933,628,3103176,3273,437385,19561,85960,5461,38381,3459,40910,3298,46062,3779,47254,3431,56857,4824,43942,3748,55207,4843,39038,3379,85080,4381,125649,6839,158924,6266,111620,5441,79499,5041,87116,5178,89881,5001,1590604,12607,1424693,14095,152875,8326,2526328,3012,373000,2832,1311,16,1191380,6445,704548,8320,486832,9282,486832,9282,42952,3900,33714,3507,47293,4241,129596,6399,2192826,2573,508559,14524,169818,7887,196636,7070,393208,12482,151284,6200,37186,3322,22948,2759,3143991,NA,38.7,0.2,89569,1487,36372,1505,36710,2394,3111722,3366,2661617,23083,282839,17693,22732,3734,132648,11663
2021,33,New Hampshire,88465,2144,45365,944,1348892,1462,97403,6851,17235,2099,15526,2242,15585,2184,14563,1911,17201,1922,18156,2112,14368,1950,20493,2133,17677,2085,33651,2887,51563,3878,70041,4302,63659,4058,52937,3310,63233,3732,62138,3344,776061,6264,745750,7976,27923,3264,1164253,2004,345200,3813,1263,34,548026,4691,397225,5983,150801,5702,150801,5702,11754,2067,10551,2044,13914,1919,27961,2553,1008318,2457,227099,7664,64794,4409,99262,4832,247356,9488,121904,5501,20062,2284,16493,1943,1388992,NA,43.1,0.2,31316,945,20339,1786,18663,1903,1377638,1710,1223839,9920,67939,6593,29324,3975,53245,5800
2021,34,New Jersey,89296,1088,47338,418,9093135,3607,930602,29531,171737,8475,112672,6578,101054,5711,104426,5871,103687,5397,107090,6452,99495,5827,109177,6231,93753,5444,204426,8172,289252,11514,417286,10930,350978,11969,274364,8907,374178,8496,584370,11058,4914835,21617,4508519,21356,395137,10244,7489289,5520,389800,2392,1457,9,3497945,8126,2252974,15472,1244971,14211,1244971,14211,97476,5794,79549,5345,104704,5301,327161,10680,6474427,3272,1479429,18462,346790,11119,454004,12249,1664353,21741,829918,14862,182026,7864,114349,5722,9267130,NA,40.3,0.1,264291,1669,115790,2342,107537,4675,9174117,4777,8199595,28594,454500,20902,269437,13140,195828,12159
2021,35,New Mexico,53992,1483,31043,675,2076524,1668,382798,20667,75083,5120,41675,4701,38888,3970,41520,3976,38241,3920,39048,3619,34857,3818,36906,4002,38331,3599,66162,4490,78472,5069,94410,5110,67824,4417,47490,3903,46642,3541,48458,3660,967832,11866,878606,13265,74721,5633,1700082,3752,214000,4000,906,20,834007,4770,579708,8803,254299,8808,254299,8808,19330,2913,14708,2441,19990,3013,58603,5340,1450549,4949,307881,9819,97614,6191,131736,7284,231745,7410,141079,5428,30534,3127,32572,3063,2115877,NA,39.1,0.3,58869,3000,31200,2378,25999,2287,2092251,2945,1828971,15156,137466,11141,51029,6386,68019,7525
2021,36,New York,74314,613,43078,345,19329338,7254,2688587,47579,535006,12429,327210,9678,281487,9925,275261,9106,261687,8960,274035,9957,247575,8874,264049,7796,235956,8025,484686,11348,666039,14050,915038,15819,713988,15442,512512,12157,670250,13249,987887,16472,10138385,28978,9226373,30319,883908,19590,16210453,7348,368800,2957,1409,10,7652666,17305,4239037,23273,3413629,24555,3413629,24555,298278,12123,208338,9403,267260,10771,944051,16862,13987094,5230,2861768,29272,694070,14949,1238762,18918,3105839,34489,1784939,25321,449463,11584,243446,9579,19835913,NA,39.8,0.1,559527,2703,256763,3708,229111,7274,19626300,8200,17583476,37829,1112254,34003,554453,20401,287249,11439
2021,37,North Carolina,61972,541,35254,312,10285053,3827,1378621,37327,265655,11534,183533,8125,164703,7611,194713,7230,175673,8465,197499,8928,184398,6957,178697,7267,161366,8344,319285,10164,423035,12111,532210,11783,367895,9934,248504,9708,273530,9504,308936,10155,5301767,21199,4889866,23159,300438,9703,8524268,7507,236900,2044,1026,10,4179632,15192,2794211,16553,1385421,16214,1385421,16214,118383,6122,80541,5460,112513,6745,304502,10591,7245632,8463,1504263,22544,445998,10618,729951,17869,1573681,23737,701259,15913,143710,6477,111007,5869,10551162,NA,39.4,0.2,297747,4430,152312,5673,113068,5906,10446881,5346,9034306,35163,640069,24838,391947,19410,336681,16849
2021,38,North Dakota,66519,1823,36497,1071,752033,857,83350,7085,18213,2853,12926,1972,11544,1668,13817,2203,15162,1991,13228,1828,13510,2073,11931,1868,12512,1943,23491,2454,32630,2861,45576,3296,32323,2346,21717,2158,24524,2639,19407,2788,415807,5404,394601,6294,11627,2271,610714,1740,224400,4797,839,27,322511,3883,203549,5171,118962,5060,118962,5060,9673,1924,8010,1970,8015,2045,20043,3370,506739,3429,113177,3985,34626,3568,73471,3544,113314,4970,33528,3258,7136,1600,6869,1440,774948,NA,35.8,0.4,26359,1290,11457,1247,9545,1167,764638,1475,641023,8415,58737,6904,24835,3510,37844,5480
2021,39,Ohio,62262,456,35119,262,11470517,5087,1536524,35311,317928,10016,207123,7307,194818,7722,204211,7521,200170,6768,218148,8464,212406,7883,214655,7393,189876,8232,374825,10172,492206,11183,639163,10226,449067,10247,295068,7903,310944,8618,312314,7652,5936933,21711,5600209,25251,322494,10510,9480334,6818,180200,1323,870,6,4832922,10937,3246486,19196,1586436,17987,1586436,17987,119980,5825,83556,5934,118311,6982,322608,12206,8117973,5893,2343138,21296,558656,12901,727443,14719,1536624,21183,715694,14644,141585,6522,100007,6061,11780017,NA,39.6,0.1,342295,2820,158884,3484,146684,5420,11660200,5489,10209047,26190,849629,26389,378648,12925,184477,11210
2021,40,Oklahoma,55826,624,29969,331,3877776,2705,606782,14779,105917,5328,77991,4028,71475,4096,73924,4108,81154,3653,72845,3629,73895,4175,72001,4304,62583,2941,128464,5372,162429,5790,189241,6011,133696,4681,85997,4418,79127,3409,77228,3982,1917143,12368,1780086,13084,112271,5584,3140799,3447,168500,1460,855,8,1547967,6458,1013837,7604,534130,8074,534130,8074,44799,3750,32931,3057,38966,2794,107502,5193,2639889,4146,677761,11841,200810,7078,214116,6691,483168,11230,180357,6343,40287,3388,33371,2657,3986639,NA,37.2,0.2,126131,2097,57233,2740,42745,2552,3943443,2733,3347420,19615,317339,14036,158102,8919,108288,7791
2021,41,Oregon,71562,1058,38975,518,4166362,3611,507829,18144,90749,5889,64656,4153,61526,4372,58143,4920,64203,4599,62930,4361,66821,4558,68117,4471,60086,4946,124682,6527,166235,6785,229129,7779,174945,6761,120594,6437,136631,6416,153152,5967,2147998,16485,2007468,16898,136281,7153,3487919,4386,422700,3559,1282,15,1702599,8524,1086030,10492,616569,10078,616569,10078,49513,4218,41444,4045,52745,4242,155663,7149,3030635,3037,532145,12945,248274,8262,271776,9200,680306,14373,291933,9895,71611,4798,57211,4525,4246155,NA,40.1,0.2,107629,2362,52519,2518,52517,3108,4207387,3683,3600937,18211,305184,14076,153250,9258,133935,9142
2021,42,Pennsylvania,68957,505,38315,210,12571365,4262,1519032,31274,308449,8584,212974,6897,204623,7680,203262,7989,194380,8123,212561,8338,201446,7428,208683,6990,189127,5756,368560,9542,508620,12036,688427,13543,507821,12592,354347,9869,411673,8894,454003,8676,6618867,24201,6190796,23170,420743,12788,10602171,5943,222300,1434,1036,10,5228956,12804,3657478,16907,1571478,16774,1571478,16774,132578,6643,80161,4476,120568,7145,361340,9983,9161945,5089,2681099,23296,492704,10915,811426,13291,1887722,18028,914403,13901,205288,6596,157572,6225,12964056,NA,40.9,0.1,346765,2828,172620,3234,161030,5046,12842522,5067,11452320,31938,729150,25111,349186,15454,261831,13241
2021,44,Rhode Island,74008,2381,40382,1186,1052091,1894,120055,8450,25735,2769,19383,2558,16774,2350,16724,2448,14854,2212,14836,2320,12704,1860,15504,2776,15621,2236,28270,3230,42325,3052,54468,4521,46127,3545,35029,3287,36492,3150,45324,3634,594888,7772,546249,8864,45296,4525,913136,1485,348100,5126,1142,28,440170,4169,278449,6180,161721,5443,161721,5443,14157,2206,7050,1552,14457,2589,38465,3763,773464,2160,174827,6647,44990,3605,62195,3982,161594,6683,86087,4959,18738,2215,15907,2045,1095610,NA,40.6,0.3,27114,637,18063,1384,13092,1593,1085539,1975,959140,9449,59069,7593,18622,3424,43266,4692
2021,45,South Carolina,59318,852,33339,443,5063148,2643,741652,25957,144668,6537,93178,5484,90408,5842,92288,6052,87665,4860,95178,6016,91857,5436,96623,5624,82231,5197,160358,7321,215773,7734,255304,8752,177257,7649,121917,5897,122947,6080,122320,6208,2507997,16850,2335354,18389,139757,6891,4207365,4654,213500,2166,976,12,2049972,10471,1471296,13675,578676,11940,578676,11940,47160,5073,32981,3909,46975,5371,132527,7289,3598398,5436,864531,17235,220799,8094,369204,11510,704740,14551,321187,10072,65540,4211,43169,3462,5190705,NA,40.2,0.2,141024,3350,76216,3242,62020,3839,5142137,4196,4444195,25549,316925,16027,167610,12090,196200,11924
2021,46,South Dakota,66143,2258,35135,1116,867039,1465,106548,6668,17158,2111,13889,1796,12030,1476,16089,1609,15503,2150,14901,1939,14917,1802,16923,1954,12825,1872,28075,2635,39774,2974,54487,3419,36926,2618,22627,2126,20471,1938,20292,2239,466270,5908,449435,6155,12923,1965,699893,2126,219900,4969,830,25,356887,3371,247630,4277,109257,3804,109257,3804,9735,1832,5265,1161,6729,1503,16512,2025,590377,2389,144509,5497,35491,2782,70944,4636,127258,4922,40741,3897,11934,1913,7013,1388,895376,NA,37.6,0.3,29295,1159,12556,1474,11978,1527,884616,1584,759943,7867,59142,6176,36265,4552,27528,3650
2021,47,Tennessee,59695,788,33904,458,6811613,4309,927587,26005,181576,6551,123719,5332,120834,6482,122843,7680,122971,6038,131268,5927,129068,6999,131825,6664,104481,5620,222088,7811,285369,10147,355540,11381,243463,9878,151191,7280,168261,8167,175898,6584,3439821,20153,3239311,22169,180846,9378,5616708,5771,235200,2297,981,11,2770395,8851,1869046,15265,901349,15149,901349,15149,73280,5568,56575,4430,74446,5670,191239,9125,4814533,6371,1229687,16947,320462,11790,373330,11564,924404,15532,380364,9845,91032,6111,71681,5295,6975218,NA,39.2,0.2,202597,3398,89813,4383,77800,4039,6899165,4617,5955858,27272,462187,17930,239146,14549,220591,14903
2021,48,Texas,66963,513,34717,230,28933638,9675,4122538,79332,657665,16538,396139,13654,399485,13186,440579,15336,437451,13994,458320,14325,454715,14796,434512,12674,385089,15279,804394,19536,1069388,20289,1350508,21067,1016495,22352,713953,15640,821602,19707,955952,16242,14826344,41692,13796229,43210,910813,23587,22934023,14146,237400,1389,1167,6,10796247,19104,6761002,34434,4035245,32249,4035245,32249,333266,13752,271563,13228,355484,15198,956574,20806,19224688,13254,3893052,40095,1258124,21856,1449493,28272,4077821,41263,1664046,28173,359084,12117,265486,12667,29527941,NA,35.5,0.1,967416,6962,433922,8610,275197,9545,29170380,12760,25086829,71104,2193330,50012,1121983,35461,591395,26127
2021,49,Utah,79449,1246,35220,607,3290444,2102,281673,15053,47612,4157,28866,3610,24982,2828,26282,2844,32263,3511,41437,3975,33624,3322,44891,3626,36978,3308,79879,5024,122598,6424,159933,7266,129074,5261,88745,5104,96204,5774,108131,4537,1721142,11112,1653768,12414,59693,4207,2507029,3846,421700,4076,1208,20,1101499,5112,768062,8177,333437,7466,333437,7466,31806,2962,22900,2716,30546,3261,65802,5631,2010727,4190,383119,11044,163888,7000,191196,6566,484882,10775,187250,7137,38994,3827,28971,2332,3337975,NA,31.8,0.2,121524,1349,50176,2424,28258,2567,3295561,3308,2817208,17954,270890,13644,88738,7672,101051,8401
2021,50,Vermont,72431,2216,40016,1100,621338,586,63720,4947,10992,1489,11594,1784,10672,1506,9642,1349,9780,1472,10483,1377,10548,1313,11054,1774,8445,1265,19734,1864,26396,2356,39632,2607,28920,2156,17890,1669,20828,2049,23553,1995,349096,4760,333135,4976,14648,1989,542827,1239,271500,4832,1115,36,270163,3018,196291,3522,73872,3285,73872,3285,6548,1277,4329,1268,5269,1187,18456,2183,462705,1886,109790,3766,23882,2235,37790,2829,120373,5118,60950,3525,13798,1839,10500,1290,645570,NA,42.9,0.3,14046,626,10661,1147,10062,1162,641007,929,564684,5468,31024,3468,11430,1968,31809,3854
2021,51,Virginia,80963,731,43756,319,8401227,3585,854145,27033,167157,6705,104856,5208,99504,5660,112784,5245,117148,5514,110745,5231,109042,5800,112463,5428,108720,5863,218331,8523,297450,7737,409720,9762,340569,8785,251018,8197,326203,9064,445751,8485,4553835,18838,4206422,20804,211324,8457,6980718,6283,330600,2799,1331,14,3331461,10153,2252170,16884,1079291,14934,1079291,14934,88055,5647,65305,5324,91141,5282,252946,8856,5942672,7814,1193258,20724,356524,10741,456400,11860,1394875,17949,803551,13031,168793,7657,117241,5577,8642274,NA,38.8,0.2,245127,4520,121994,4941,93693,4840,8557020,4817,7384723,29614,423071,16078,432198,19415,272693,12741
2021,53,Washington,84247,844,46177,469,7599960,3425,754315,22276,145555,6371,85064,5465,80545,5234,83383,4915,88976,5377,91592,4178,98885,5228,109284,5528,90279,5347,195356,7589,277881,9686,388883,9040,323027,9231,236427,9269,304429,9517,422689,9744,3993077,16350,3696564,17331,232094,8398,6250868,5730,485700,2911,1484,13,3022255,9423,1933901,14745,1088354,14791,1088354,14791,92787,5516,68637,5217,96171,6006,246254,9787,5401149,4728,955764,17902,392168,9192,544731,12988,1287465,17174,599751,12693,120762,5655,96684,4515,7738692,NA,38.2,0.1,222442,2647,91778,3064,86403,3993,7657350,4731,6474967,29847,672181,26067,237157,11362,225306,12843
2021,54,West Virginia,51248,1085,30195,646,1734876,1791,291930,13791,60933,4391,42470,3738,41920,2806,36678,3035,35546,3365,34930,3395,37081,3608,34215,3284,29359,3435,53604,3921,69690,5084,85390,5223,61080,3894,32454,2678,35409,2929,31442,3009,771429,10849,721479,10141,47941,4285,1465755,3569,143200,3750,767,21,722201,5460,542805,6932,179396,5876,179396,5876,12373,1736,8094,1306,11830,1897,41434,3568,1265439,3646,417980,10283,76049,5420,100721,6110,179376,7226,90559,5466,21830,3156,13423,2010,1782959,NA,42.8,0.3,45684,2262,22942,2454,23336,1920,1767792,1989,1584041,12269,87060,8759,50697,4713,43801,6531
2021,55,Wisconsin,67125,605,37221,335,5754788,3046,621125,17649,117547,5479,95042,4057,85382,5352,90277,4425,94556,4371,109050,4628,99941,3881,108384,4915,95831,4919,190104,5954,269351,6514,343307,7097,251285,6183,168991,5219,170445,5120,160477,5437,3105191,12505,2991136,13038,110048,6387,4773326,4214,230700,1456,921,7,2449970,6685,1668575,11831,781395,12020,781395,12020,65067,4289,42222,3696,54944,3854,154901,7155,4076339,3584,1077222,13155,273525,6630,461115,10002,876467,13830,322544,8606,71708,3679,55759,3656,5895908,NA,40.1,0.1,162402,2207,80211,2073,73118,3197,5838954,3227,5123397,18301,381204,14002,197583,9820,122742,7724
2021,56,Wyoming,65204,2744,37156,1772,565760,1037,64224,6630,14659,2085,9085,1381,9546,1771,10213,1935,10233,1983,11467,1762,9675,1449,8663,1285,8618,1408,19430,2468,25125,2595,35300,3431,25546,2355,14154,2150,16870,2050,14179,1907,301303,4728,287432,5096,11171,2331,461622,1722,266400,7331,889,38,242763,2909,173247,4358,69516,3680,69516,3680,4931,1165,3498,1071,7093,1478,15089,2451,395348,2451,86940,5327,35005,3373,48945,4286,73255,4981,30871,3059,6773,1384,4719,1059,578803,NA,39,0.4,15941,1218,7767,1375,7413,1191,573476,1211,481018,7250,49207,5920,13921,2401,27281,4320
2021,02,Alaska,77845,2148,39509,944,716769,1016,75165,6814,14625,2112,8188,1467,9193,1345,7864,1219,7966,1542,8951,1652,9569,1729,10163,1792,8161,1408,17594,1907,27686,2528,36801,2784,27741,2891,22808,2454,26301,2310,27700,2452,376965,5500,327953,6209,24603,2254,571832,1721,304900,7331,1259,49,271311,3313,181145,3790,90166,3901,90166,3901,8682,1649,5998,1442,7449,1684,18439,2090,485779,2439,109305,5552,34890,3270,40276,3063,101422,5224,39120,2995,12444,1969,6304,1679,732673,NA,35.6,0.2,24610,1587,12751,2060,10299,1340,723949,1517,625088,8315,50681,5927,12930,2141,31378,3888
2022,01,Alabama,59674,727,33777,383,4929195,2950,800395,23225,152705,7079,105647,5869,91762,4729,96250,5258,87477,6570,86283,5487,77979,4939,88698,5801,75057,4504,151424,7600,185971,7502,253313,8874,184314,7404,115397,6364,129875,6161,134296,6431,2398213,16878,2278494,16755,103239,6348,4093740,4260,200900,2774,913,14,2016448,11475,1416333,13257,600115,12944,600115,12944,44823,5220,29138,3525,41569,4137,140769,6744,3474924,5963,874286,15293,228841,9203,311537,8818,609316,12278,286677,8815,61890,4203,42908,3418,5074296,NA,39.6,0.2,146169,3134,70450,2897,61035,3402,5022366,4086,4397470,21660,321354,16820,150176,9638,139263,10142
2022,02,Alaska,88121,2804,43054,986,715594,1144,78608,6403,12191,2055,6898,1219,6734,1325,8104,1554,6657,1313,7867,1085,7636,1337,9735,1834,7594,1218,17950,2453,25428,2671,36216,2889,36546,3444,23203,2352,30518,2724,31297,2912,386093,6110,345201,6741,16484,1943,575934,1907,336900,6274,1329,31,274574,3261,181586,4091,92988,4509,92988,4509,6851,1660,5512,1400,6999,1534,17186,2334,489218,1732,116008,5660,33863,3047,48370,4214,94168,4883,39551,3585,9379,1656,6548,1327,733583,NA,35.9,0.3,23043,1511,8971,1152,8593,1293,724196,1151,614091,8896,53038,5417,15313,2699,36563,5991
2022,04,Arizona,74568,932,39819,529,7210801,3840,897852,29780,153140,7209,85230,5953,87775,4961,88905,5347,96397,4470,112844,6881,98358,5342,109454,6461,105442,7056,214346,7323,280188,9494,392461,10690,301862,8868,204258,6937,245074,9245,274643,8741,3619698,18990,3441676,19123,153937,8730,5961733,4935,402800,3573,1450,17,2850377,11519,1921746,15923,928631,14785,928631,14785,85382,5276,65748,5284,87704,6615,219587,8160,5053656,3052,996330,16533,375978,11447,475387,14262,1032052,17474,463372,11333,97473,4961,73242,4304,7359197,NA,38.8,0.1,201423,1573,101519,2116,78699,3665,7285247,5106,6264863,32211,574763,23128,116093,10208,282729,15227
2022,05,Arkansas,55432,994,31380,461,2958098,3045,496311,21321,88467,5753,71588,4448,56753,4186,58233,3441,55203,4081,55523,3727,59440,4470,56597,4051,48708,3736,94354,6154,125593,5708,153830,5517,101209,5267,61560,4609,62566,4284,66583,4522,1404190,12476,1335560,12629,62359,4667,2430600,3862,179800,3010,846,11,1216207,8435,808558,10147,407649,9851,407649,9851,28672,3391,20807,3038,27673,3067,87381,5676,2057624,5056,583402,12554,146309,6402,167634,5951,323961,9190,144054,7115,30805,2695,23987,3001,3045637,NA,38.9,0.3,90239,2661,42479,2748,34054,2651,3007872,3599,2618120,16164,184394,11977,110246,7787,86375,8179
2022,06,California,91551,471,46661,225,38307718,9403,4670324,66972,654370,15185,436122,10916,353371,9537,395762,13101,382556,10819,410200,10779,372970,11247,416708,11614,364644,9140,760175,15138,1104699,18045,1627633,24141,1358619,22309,1027455,19985,1439811,20000,2445491,24503,20174168,45325,18942977,51256,1060822,21032,31552708,14148,715900,2271,1870,8,13550586,19485,7565502,31664,5985084,30154,5985084,30154,528783,12007,396367,12167,568942,13534,1686559,23400,26866773,6486,4846859,43398,1610206,20021,2115440,23337,6056169,46367,2643964,27576,718109,14830,517699,12371,39029342,NA,37.9,0.1,1081904,3175,520164,3882,392632,9476,38629179,10318,34335186,57597,2443250,43478,1071827,28394,475803,21187
2022,08,Colorado,89302,1281,49071,524,5727379,2348,540517,20050,98418,4124,59498,4499,62866,4286,64982,5025,67852,4865,70552,3864,74447,5276,76519,4806,69333,4627,140683,6404,219992,8772,319980,9913,255638,8011,197264,8898,255855,8844,350705,10533,3288975,15750,3131144,16711,113244,5730,4776317,4041,531100,4869,1646,16,2384584,7807,1584309,12824,800275,13394,800275,13394,75098,6387,55890,4749,73915,5184,202415,7892,4084004,4595,670780,13388,244723,7750,339016,9297,1177891,16028,508701,12954,105518,5084,83022,3672,5839926,NA,37.7,0.2,154565,2151,78156,2489,65657,3467,5781381,3527,4834425,28072,387967,18309,294483,17369,229876,11539
2022,09,Connecticut,88429,1688,51581,842,3514107,2211,345695,15651,72746,5168,45957,4672,35686,3468,48394,4331,44450,3626,41688,3706,42246,4300,47317,4034,35708,3698,81788,5648,115651,6180,180173,8138,141231,6848,112826,5758,154641,7241,233133,7247,1961345,12786,1861502,12793,92597,6614,2986455,3522,347200,3892,1360,21,1433635,7120,949839,10497,483796,10300,483796,10300,37586,3742,30193,2851,45166,4560,126377,7370,2545188,2643,568906,12251,143069,6738,197009,9221,584999,10885,345966,10677,85582,4658,49857,3842,3626205,NA,40.9,0.2,91513,1168,54600,2018,45298,3086,3588965,3572,3172833,17815,176668,11948,68432,8382,145315,10526
2022,10,Delaware,82174,2002,42571,1101,995107,1501,93285,8805,16288,2465,10537,2032,12008,1658,11328,2070,13613,2135,14847,1986,12204,1692,16806,2374,12662,2139,25207,2693,38914,3596,56111,3784,47641,3275,32964,3315,37675,3312,43529,3209,524136,6792,498721,7598,22272,3012,835365,1817,337200,4487,1274,35,402334,3985,298075,5549,104259,5025,104259,5025,10221,1992,5542,1531,8546,1887,22446,2919,724041,851,180292,7240,48071,4471,61657,4178,151894,6552,81198,5024,16336,2064,14956,2050,1018396,NA,41.5,0.3,27456,512,13233,813,12738,1729,1008173,1919,899454,8649,50593,6020,7370,1874,46162,5074
2022,11,District of Columbia,101027,2737,71699,2129,642853,463,85676,10339,22335,3342,9163,1836,9690,2343,7068,1710,7797,1874,7341,1579,7451,1661,7629,1828,7759,2037,16687,2555,23613,3065,34933,3179,29164,3668,25245,2856,33533,2679,77562,4296,400108,6637,374882,6986,20199,2713,557547,1281,711100,21101,1843,37,326970,3481,134120,4977,192850,5369,192850,5369,20212,2879,10148,2081,12536,2286,44441,4352,479231,460,53376,4116,15868,3462,15974,2636,126678,5934,115091,5506,47094,3859,24411,2406,671803,NA,34.9,0.1,20038,3,8771,1166,5985,950,660942,2008,515345,9328,68363,8248,0,238,64506,5229
2022,12,Florida,69303,616,40278,316,21764366,8507,2762679,47630,495572,14606,312253,11937,300563,9422,336366,11356,343242,11668,363544,11577,346582,11761,356931,11558,331009,11451,675076,18642,858354,17346,1181540,20541,851620,17105,560854,12409,677227,13206,835661,14741,11005548,37504,10489216,39296,434875,14986,18459053,8546,354100,1592,1525,12,8826394,23013,5929801,29626,2896593,28750,2896593,28750,266359,10714,211672,11188,301376,10938,850621,19675,16104410,6772,3716877,36607,1065936,20099,1643815,28280,3445343,30030,1430806,24868,410107,13340,232162,9311,22244823,NA,42.7,0.1,563703,3819,257910,4311,266875,8632,22043900,8811,19029143,52322,1335916,41854,672842,21720,738969,27539
2022,13,Georgia,72837,640,38378,332,10655140,4007,1348344,37893,229257,7941,147254,8588,138675,7103,142623,7288,147793,6870,152647,8249,151867,7120,157531,6724,148584,7619,287636,9981,399796,12911,545843,13677,404546,12589,286306,9074,335507,9621,416602,10199,5562669,23100,5273176,24730,229718,10624,8708310,8015,297400,1891,1269,14,4092467,12679,2695885,19845,1396582,19007,1396582,19007,111618,7675,91800,6767,120864,6430,341175,11551,7332980,9439,1620608,24049,448261,12656,638973,15262,1519625,22167,733360,16282,173021,8220,118108,6722,10912876,NA,37.6,0.1,319188,4991,154723,5260,111142,4324,10791161,7077,9348359,33252,558474,21593,495906,19479,327795,16598
2022,15,Hawaii,92458,2241,42710,705,1402729,2000,142378,10312,25998,3069,12629,1587,11699,1901,13740,1845,10676,1637,15047,2228,11125,1362,15478,2012,15853,2157,28915,2974,44283,3337,59184,3573,56647,3634,42833,3062,54538,3564,76182,3593,746185,7138,674532,6880,25395,2421,1175667,1762,820100,11432,1813,38,494827,4463,309687,5486,185140,5993,185140,5993,19029,2439,12867,1788,19962,2744,46066,3339,1023843,1861,244287,7957,64597,3853,113948,5070,226124,6613,90504,4212,29159,2652,16917,1715,1440196,NA,40.8,0.2,39937,1040,15574,943,16737,1649,1425611,1842,1251057,10923,98343,8192,8299,1706,56209,6444
2022,16,Idaho,72785,1134,35980,694,1889431,1540,202517,13176,27531,2558,24649,2604,21733,2204,24687,2681,27624,2770,27130,2806,26091,2901,31040,3142,25351,2447,61493,4387,74559,4084,110673,6499,77947,5111,51314,3000,50340,3348,54989,3779,955160,9686,921141,9862,28209,3183,1530729,3002,432500,4757,1138,23,717151,4796,518837,6804,198314,6536,198314,6536,17480,1916,13460,2031,15680,2083,39696,2966,1280178,3552,275314,8147,102880,4620,125979,5363,274409,8549,99915,4506,22131,2248,16713,2047,1939033,NA,37.5,0.2,57072,1358,26818,1837,20734,1721,1919357,1777,1633120,11362,129978,10137,59186,5304,87949,7501
2022,17,Illinois,76708,584,43317,328,12306019,4963,1469643,33705,296090,11208,177193,6778,156066,7140,172551,7812,170370,8246,186862,8149,168392,7614,185460,8574,155218,6338,339405,10860,465709,12781,651353,13321,522359,11651,367136,10974,455249,11067,586947,13093,6628754,24941,6293807,25177,314814,12826,10199598,6710,251600,1738,1170,9,5056360,12532,3392312,20422,1664048,20309,1664048,20309,135505,8019,92875,6054,131901,8118,402736,11970,8692839,4340,1860087,24123,572448,13494,731898,17518,1952990,22146,968013,17125,213624,9707,140791,5759,12582032,NA,39.1,0.3,346301,2663,165524,2816,144811,4887,12455441,5747,11002931,32911,826455,26138,323600,13662,228308,13363
2022,18,Indiana,66785,659,35984,351,6645013,3796,834550,28746,151905,6736,104712,5914,88953,5603,104352,5626,108814,5648,115826,5702,115225,5800,116971,5874,111023,5426,210699,7504,279665,8972,383225,9790,279559,9596,172553,6977,198086,7591,184921,6408,3484005,18940,3355406,19492,124513,7117,5456066,5592,208700,1866,972,9,2726489,11359,1929865,16320,796624,13608,796624,13608,62807,5018,49858,4675,59463,5084,185906,8844,4584460,5286,1230358,17911,331007,8671,424272,11102,869217,13163,357804,9475,72718,5141,57273,3511,6833037,NA,38.2,0.2,208556,2623,100451,3269,71517,3608,6757160,4612,5886762,28260,446357,20365,245629,13846,149331,11366
2022,19,Iowa,69588,889,38917,522,3103543,1605,339867,12981,57792,3657,48031,3358,46445,3944,54035,3986,45416,3225,53201,3049,52165,3477,58835,3879,51539,3574,106753,4294,137637,5595,188515,5838,136469,4939,94270,4334,103165,4116,96727,4143,1712981,9181,1658607,9262,50381,4457,2570925,3155,194600,2298,891,11,1330995,5631,958700,9767,372295,8581,372295,8581,30613,3021,21266,3253,26567,2744,76761,4486,2159511,3801,552775,10432,154829,5896,258299,7294,463740,8923,167964,5524,38145,3126,27957,2356,3200517,NA,38.9,0.2,93069,2127,50351,2410,38759,2290,3166734,2669,2760076,12059,208155,10682,115289,6541,72231,5843
2022,20,Kansas,68925,1152,37919,489,2852901,1720,342670,15052,62150,4573,42281,3286,40935,3661,46923,3439,44165,3334,50635,3548,43825,3246,48900,3419,45096,3371,91448,4048,118030,5603,158162,5836,119120,4948,79026,3823,89342,4124,95256,4302,1531077,10455,1456502,10625,54833,4377,2330842,3316,206600,3283,975,15,1175294,6195,795989,9446,379305,8740,379305,8740,30326,3320,24508,2758,30165,3002,79906,4616,1944891,4295,409444,9969,158286,5961,176787,6657,426910,9464,194772,6862,40463,3687,30398,2863,2937150,NA,37.6,0.2,91425,2308,44314,2582,33565,1785,2906619,2657,2480630,13894,217992,10649,102209,6565,94208,6737
2022,21,Kentucky,59341,924,33980,506,4389492,2939,722865,23794,123697,5717,106289,5633,76356,4681,85961,4555,78131,5314,84959,5057,80648,5410,78656,5049,67659,4484,140671,6411,180002,6877,230239,7428,164398,6414,108602,6547,112813,5496,109599,4809,2170852,13247,2061238,14676,93466,5729,3626511,4296,196300,2572,891,11,1828680,8263,1257737,10799,570943,9797,570943,9797,41686,3713,34096,3235,44253,3911,122341,6292,3091499,4420,806014,15264,226878,7765,272315,6936,508620,11344,253773,9016,61733,3941,37210,3255,4512310,NA,39.4,0.2,133686,2447,60881,2934,51517,2787,4462146,3954,3892713,19644,287674,15652,152270,9118,113197,8594
2022,22,Louisiana,55416,800,32171,366,4467616,1951,829565,23622,143940,6681,108307,5851,88468,5840,97576,5923,87128,5413,82775,5971,70957,4789,79783,4830,67880,4792,136751,6718,160382,6096,209400,7219,156233,7740,102212,5533,113033,6144,112077,5188,2173507,15453,2038340,16113,116744,7541,3656541,5274,209200,2324,984,14,1816902,10634,1229012,13693,587890,12148,587890,12148,52117,4832,37315,4095,42313,3799,153268,7690,3096121,6621,840937,16848,199127,9973,221439,8242,525044,12490,218915,8809,60815,4574,35332,2938,4590241,NA,38.2,0.2,137840,3448,60973,3393,54693,4131,4537185,4410,4006126,19111,292972,16116,142566,10689,75330,7049
2022,23,Maine,69543,1494,41188,915,1347498,1363,145161,8962,28445,2862,24388,2233,20892,2211,24906,2630,21907,2100,23944,2288,23413,2616,24377,2282,24248,2255,45566,3417,60924,3468,83142,4696,61186,3508,43500,3448,46696,3438,47804,3639,722044,7782,696402,7927,23593,2618,1170061,1904,290600,4893,1033,27,605338,5032,448772,6470,156566,5297,156566,5297,14370,1890,11394,1829,8907,1566,32275,3309,1030141,2323,261555,8020,58519,3622,109768,5207,229764,7599,99149,5736,25435,2373,17210,2203,1385340,NA,45.1,0.2,32126,1233,15461,962,20328,1737,1372172,1657,1230229,8250,63645,4906,32178,3707,41618,4329
2022,24,Maryland,94991,1080,49236,526,6042925,2896,581748,21727,114450,5956,62132,5886,55751,4360,61294,5139,62056,4448,69397,4575,64707,4733,71593,5375,61339,5031,132707,6475,188335,8342,297873,10867,250497,7845,193208,7510,274905,8680,415740,11024,3332616,16872,3168418,16588,130987,7139,4974349,4883,398100,3070,1550,18,2375984,8175,1609588,14592,766396,14384,766396,14384,69216,5899,51099,4963,69403,5479,184005,9632,4286216,3465,882566,15670,261327,9231,294875,9559,996167,15644,617106,14522,136078,6805,129354,6037,6164660,NA,39.7,0.2,180371,2215,77311,2555,63688,4534,6100234,5254,5395850,19513,327949,17475,183500,12873,139784,8687
2022,25,Massachusetts,94488,1260,54025,626,6763338,2639,700156,23050,146170,6929,101696,5641,78305,4453,77125,5381,79542,5345,77269,5418,79899,5106,84472,5196,66983,4748,142726,6874,212203,9118,317064,8351,270603,8058,223140,8348,308695,8538,531884,11466,3878044,17485,3714823,18910,158146,7204,5805465,4305,534700,4603,1634,18,2797776,8835,1741555,15343,1056221,15249,1056221,15249,101177,6550,66522,4534,93168,6726,272412,10267,4947384,3082,1000319,18086,257805,10758,368426,11553,1252187,15499,735346,13597,152320,7128,167856,7323,6981974,NA,40.3,0.2,176109,1172,102216,2198,79896,4144,6918482,4087,6065294,22939,389142,18921,217484,12518,171077,9818
2022,26,Michigan,66986,675,38151,294,9828430,3263,1315899,31439,231223,6978,164520,7193,142435,6454,166789,6610,157364,6875,173648,6988,167760,6293,178409,6402,143846,5879,305914,9740,414440,10378,538299,12684,396282,10401,273144,8370,305077,9186,330644,6497,5039051,20467,4800228,21607,234094,8424,8179427,5182,224400,1404,1052,11,4089794,11504,2991685,16313,1098109,14972,1098109,14972,96977,5986,64609,4818,87519,5248,262508,8919,6978952,4408,1681221,17467,539210,11041,673901,13862,1361139,17234,651795,10467,134069,6130,94849,4847,10034118,NA,40.3,0.1,274862,2254,134428,3266,123081,4070,9936710,5396,8786959,25314,603964,17956,345505,13134,157955,10391
2022,27,Minnesota,82338,749,45021,432,5599770,3412,540079,19753,100518,6257,71480,4516,59465,3874,70789,4381,69848,4259,79899,4054,71963,4547,80851,4649,74079,4259,159181,5493,218220,6111,319951,7826,251243,6593,190349,5765,236018,7156,268336,6531,3111888,12815,3008627,14337,99831,5197,4579443,4344,314600,2081,1200,13,2322190,6929,1674434,12756,647756,12179,647756,12179,60202,4768,38428,4387,52269,4467,154792,6644,3918565,4418,797540,12222,266686,8508,465947,10517,995083,12886,378864,9397,94114,5166,65650,4025,5717184,NA,39,0.2,170198,2321,75809,2106,64255,2591,5654602,3147,4940488,19839,321883,14715,249683,12206,117016,6849
2022,28,Mississippi,52719,895,29045,408,2841445,2511,544104,17010,93168,4921,73348,5051,58725,3781,63342,4670,51625,3918,55210,4513,52634,3625,53034,4363,45881,4325,90333,5537,109069,5702,139516,6693,92049,5237,59086,4321,55082,3967,56238,3860,1337386,12965,1257562,13835,64814,4724,2341292,4084,162500,2357,873,14,1148340,8056,803006,10585,345334,8611,345334,8611,26931,3481,18884,2983,26473,3022,74191,4229,1963322,4818,481433,11840,128315,6005,209877,7581,297480,8427,136302,7057,28384,3038,24020,2794,2940057,NA,38.9,0.2,87030,3351,46651,3595,34305,2459,2907327,3124,2584891,13612,148993,12780,89549,6977,69948,6563
2022,29,Missouri,64811,733,36640,419,6005542,3934,791030,21823,144208,6296,111154,4749,94387,5658,99936,5923,97226,5077,117403,6579,102685,5018,107932,5773,98719,4590,196521,7278,255043,8885,337210,10376,247187,7557,160260,5492,174947,7582,177014,6490,3126129,15663,2987867,17645,115407,6913,4974792,5083,221200,2019,954,11,2521832,11480,1704800,14119,817032,11812,817032,11812,68776,4426,43415,4635,61410,4291,171256,7913,4236010,4990,1084843,15285,319714,9713,349715,10307,835865,14833,381114,10624,86312,4389,60726,3832,6177957,NA,39.1,0.2,179986,3902,87335,3140,74511,3241,6111432,4353,5320580,22369,384753,15265,224798,10718,163254,9218
2022,30,Montana,67631,1496,38329,971,1098173,1107,133233,8663,23231,2394,20191,2265,17287,2066,16853,1826,17027,2142,19217,2239,19695,2257,20615,2276,17826,2264,34172,2942,48783,3866,69571,3969,45889,3780,28538,3797,30552,2860,34625,2620,581891,6936,559604,6591,17433,2212,916289,1971,366400,6114,1005,26,464072,4326,319421,4885,144651,5298,144651,5298,12779,2054,7830,1332,9713,1636,27985,2329,785438,2895,179439,6475,57267,3987,74327,4056,179708,6173,65526,3970,14504,1660,12004,1856,1122867,NA,40.2,0.3,27709,1397,13677,1310,14239,1712,1111641,1372,964155,8376,64904,6209,31532,3198,48165,4543
2022,31,Nebraska,69597,1168,38997,697,1920017,2147,215838,12843,39385,3129,27332,2936,28188,2792,31082,2795,27887,2622,33268,3357,33081,2910,34065,3051,32265,2619,58981,3844,80982,3643,108056,4855,84921,3894,55106,3207,64623,3676,63935,3445,1056773,7553,1025109,7966,24470,2608,1547790,2266,232400,2920,983,16,803157,3991,529723,6916,273434,7242,273434,7242,26672,3330,14518,2047,21526,2867,55642,4109,1300094,3208,279300,7706,99577,4791,149122,5250,293346,7356,110690,5217,27097,2872,19384,2221,1967923,NA,37.4,0.2,62276,1867,29972,1791,19914,1645,1943359,2393,1698838,11753,122012,8502,62938,5152,49159,6233
2022,32,Nevada,72333,1026,38183,710,3139138,2450,390848,19015,67608,5338,36765,3602,33104,3371,44832,4227,40024,3810,48881,3599,43719,3873,49731,3870,45167,3755,88037,4499,122705,5193,162870,7622,127735,6599,86891,4645,94679,5054,105608,5353,1628015,13882,1524894,15109,88495,5823,2572023,3226,434700,3727,1461,17,1198356,7074,722684,9872,475672,9766,475672,9766,43238,4380,31329,3380,50785,3891,132874,6720,2223852,2501,534187,14403,176422,7570,193387,6845,390872,12563,144438,6612,42724,3850,23178,2315,3177772,NA,39,0.2,86951,1109,36204,1217,32789,2947,3145500,3728,2719228,18214,259650,15502,24423,4048,127406,10195
2022,33,New Hampshire,89992,2310,49281,954,1359894,1211,98057,6630,17541,2078,15691,2193,14225,2196,15451,2052,15332,1834,16330,2160,16538,2556,16603,2294,16125,2167,38422,3739,50552,3863,73145,4301,58593,4183,44878,3264,64340,3461,83454,4428,774998,7787,753730,8215,19642,2239,1177400,2244,384700,4378,1396,26,557220,4834,402656,5932,154564,6049,154564,6049,15561,2305,10197,2153,12006,2432,33828,3475,1024780,1913,234569,7598,61313,4372,95635,5270,252073,7855,131091,5157,19969,2451,20137,1955,1395231,NA,43.3,0.2,31969,676,17466,1333,19493,1991,1384607,1697,1243278,8205,56089,4990,30726,3315,49782,5281
2022,34,New Jersey,96346,1114,51272,483,9103154,3124,882045,33909,155271,7534,101897,6100,87991,6225,86765,5401,96637,6159,111616,5641,95353,5808,95642,5113,88511,6515,197270,9673,284245,10238,408272,11557,354738,11962,281341,9611,404977,11229,666452,12740,4971726,20614,4707790,21894,249523,9720,7510983,5793,428900,2759,1555,14,3516978,9044,2272995,16284,1243983,15443,1243983,15443,101501,5733,79806,6005,111499,7190,325081,10406,6482223,3783,1458634,18557,357416,10053,436335,11627,1679895,17944,834955,16134,187268,7048,119490,5672,9261699,NA,40.4,0.1,261922,2578,113410,2911,103641,4762,9174261,5263,8289128,26800,401800,19371,229001,14511,175023,11209
2022,35,New Mexico,59726,1306,33916,627,2072033,1821,364725,14925,62451,5164,41304,3693,39582,3513,40818,3708,34760,3673,42969,3580,34350,3205,36359,3588,31620,3062,61477,4682,77047,4937,106292,5427,79200,4970,52769,3961,54020,3797,53200,3705,1000712,9588,937027,11146,47124,4370,1710459,3294,243100,3047,955,20,848218,4975,601666,7304,246552,6377,246552,6377,18906,2872,15728,2485,23379,3142,59334,4808,1453129,5689,306601,10259,95454,5152,132292,7056,246178,7957,139286,5982,26893,2781,30240,2886,2113344,NA,39.4,0.3,50507,2708,31789,2252,26811,2519,2092565,2813,1846474,13371,122415,10330,42003,5656,72095,6846
2022,36,New York,79557,722,47421,340,19185089,5353,2734819,62913,527598,15092,321607,12026,253333,9486,267695,8738,250023,8255,255883,9656,250791,10290,249298,8436,221141,8638,454042,12134,657508,13716,899824,19449,723825,12784,552420,12942,727051,12740,1162269,18588,10145004,32073,9600338,36873,517238,13743,16154241,7485,400400,3138,1499,11,7774308,19481,4204337,23084,3569971,26256,3569971,26256,288826,11205,205134,9641,275611,10865,993160,20569,13892241,4990,2843637,30081,704512,14842,1223629,20238,3097409,30892,1774703,26530,429744,14766,254705,9886,19677151,NA,40,0.2,543601,2946,253973,3381,228542,6043,19474187,8486,17446663,39900,1040334,28446,547684,19110,301461,11250
2022,37,North Carolina,67481,623,38701,391,10417219,4209,1329157,34584,232212,9324,172200,6604,159776,6953,159672,7090,162210,6206,187766,7315,170723,7265,184252,8360,166655,8147,326126,10747,435678,13215,558943,12182,411954,10838,276370,9870,319173,10988,375556,9472,5447108,25150,5135307,25200,200647,9369,8671939,6831,280600,2083,1131,11,4299266,15150,2868467,20726,1430799,17996,1430799,17996,123073,7942,84258,5697,123702,7726,299001,9758,7372120,8768,1536443,22226,479544,12018,742711,15635,1678483,21415,708100,15517,139874,6428,121542,6399,10698973,NA,39.2,0.2,294058,4478,152720,5651,116050,4957,10588557,5660,9242557,29037,555881,24756,390167,15773,341582,15431
2022,38,North Dakota,71970,2072,41800,1280,751246,834,86192,6650,16738,2325,13268,2381,11698,1626,10146,1593,11303,2069,10953,1563,12914,1893,14752,2115,11575,1705,24569,2472,33764,2886,46776,3116,35487,2648,23582,2596,26504,2527,27452,2564,424113,5594,408563,5536,8993,1860,617710,1839,243100,5279,863,21,331481,3670,215896,4034,115585,4357,115585,4357,7749,1552,6412,1305,6950,1591,22757,2567,514786,2634,111180,4253,33740,2864,73150,4475,115034,5016,33321,2528,9547,1631,5939,1191,779261,NA,36.2,0.3,24545,1374,13284,1507,9635,1265,770498,1506,648407,8044,55288,5544,27234,4206,34536,4608
2022,39,Ohio,65720,618,37932,269,11468520,4210,1540922,37806,286511,10167,213242,9019,178992,7874,186560,7454,193570,8619,208772,8865,196941,7313,205913,7562,182245,8333,378045,10603,488380,12848,643774,13309,467137,11358,314382,9860,359847,9936,373895,8847,5999325,25409,5762007,27201,222415,9963,9506533,6326,204100,1844,949,8,4878206,13413,3285052,20115,1593154,18431,1593154,18431,124309,7792,88640,5015,115502,6675,359162,10095,8130929,5579,2293879,23033,574036,12155,712777,12922,1578535,18163,760014,14757,157444,6430,104386,5376,11756058,NA,39.9,0.1,341053,3529,152190,3582,141943,5299,11631820,5652,10218317,31317,765237,25394,396161,14968,200809,10450
2022,40,Oklahoma,59673,689,32930,371,3897556,2299,610254,15486,100950,4690,72433,4204,65276,3400,79092,3910,64569,3439,73359,3979,67739,3151,76677,3911,63540,3308,126882,5448,157916,5329,195015,6561,141779,6010,91594,4013,98589,4143,97770,3962,1940528,11282,1836305,10706,79711,4436,3178852,2953,191700,2080,937,8,1573180,5742,1029003,6390,544177,6746,544177,6746,43522,3759,32722,2951,40647,3151,116791,5926,2661141,3981,675343,10790,209763,6702,223641,5665,495467,9850,187067,5774,44357,2803,32026,2520,4019800,NA,37.1,0.2,122758,1449,58779,1902,43679,2321,3974110,2667,3396824,16394,281659,11493,159626,8793,117788,8684
2022,41,Oregon,75657,1181,42474,544,4161550,3271,503935,16879,87297,5061,59392,4403,55907,4081,62653,4295,56461,4218,58414,4817,63919,4507,66342,5177,58220,4263,118435,6110,168926,7056,229104,8150,181787,7118,127392,5924,148614,5988,183477,6193,2191659,14377,2095363,15427,93138,5975,3509464,4440,475600,3783,1370,18,1726340,6662,1084786,10163,641554,9485,641554,9485,56397,4209,39452,3846,56320,4363,168189,7610,3043930,3419,549907,12517,243718,8118,271686,10304,675825,13376,297339,9277,77808,4756,55267,3743,4240137,NA,40.5,0.2,102977,2078,52347,2598,47873,3074,4201011,2977,3590534,21501,301706,17643,162663,10239,128359,7342
2022,42,Pennsylvania,71798,557,41489,312,12553587,4132,1483365,39129,291562,9979,197743,7798,186983,9465,200700,7513,188764,7454,216448,6947,185690,7295,208501,8537,179444,7874,372468,10586,524786,12077,666253,14318,526402,10917,362702,10220,440827,8901,544792,12697,6698469,24200,6402242,25374,287716,9633,10660341,5825,245500,1392,1116,9,5294065,14260,3658207,21016,1635858,18767,1635858,18767,125599,7026,95703,7130,130189,7888,379387,12827,9151744,5452,2669893,27590,509440,12609,813094,15023,1899494,21293,940588,16149,204829,7436,164782,6989,12972008,NA,40.9,0.2,340925,3027,182881,3040,163146,5320,12845436,6312,11466446,27779,731874,24713,327342,12725,262700,11772
2022,44,Rhode Island,81854,2182,44538,1316,1052644,1047,113878,12002,24165,3045,19074,3108,14743,2129,12912,2224,12225,2195,14688,2195,12533,1891,13209,2371,11991,1970,29522,3815,39922,3676,58406,4633,47690,4148,37334,3698,45318,3533,52956,3584,591365,7121,560568,7619,26668,3460,916019,1974,383900,4796,1254,39,446688,3663,282617,6099,164071,6222,164071,6222,17076,2562,7774,1660,13051,2602,35632,3814,778191,1669,161723,7906,50748,5309,62473,4292,185883,8768,84304,5953,22292,2567,15933,2213,1093734,NA,40.7,0.4,25568,896,17730,1342,14351,1600,1083984,2037,967814,8673,51827,6552,15427,3048,40311,5061
2022,45,South Carolina,64115,699,36675,444,5140248,3576,717348,22151,130922,6793,90642,5588,78276,4192,87479,5605,84085,6092,103584,6451,92078,5147,91244,5141,84935,5989,159159,6824,211862,7775,287601,8918,199068,7809,133330,6386,141363,6250,160452,6984,2607685,15463,2454047,15962,111672,5719,4294594,4868,254600,2799,1084,17,2136080,11784,1538550,14799,597530,13814,597530,13814,46812,3973,35726,3771,50448,4510,144945,8211,3664922,6239,852142,15748,245183,8819,368850,11239,725469,15367,345957,9354,68340,4894,54737,4082,5282634,NA,40.5,0.2,143703,2743,78625,3669,61215,3950,5228328,4051,4524995,23382,287907,16565,173504,11001,219707,13055
2022,46,South Dakota,69728,2128,37618,998,879804,1286,109889,7433,18379,2152,14059,1672,14239,1729,12715,1762,12519,1864,14954,2089,11871,1472,16898,2137,13488,1759,30304,2948,37507,3298,52640,2856,41135,2947,25877,2349,26303,2844,25412,2324,479744,4509,460983,4726,13309,1977,716965,2218,245000,5101,866,21,368300,3163,256326,4473,111974,4424,111974,4424,9425,2122,5318,1418,5619,1293,19726,2450,605735,2144,147097,5179,38483,2906,80011,4930,131481,5182,41868,3293,9890,1862,8078,1197,909824,NA,38.5,0.4,28863,1333,13026,1511,12288,1773,898505,1391,778044,9288,54490,6364,31112,3556,31300,5079
2022,47,Tennessee,65254,848,36704,350,6897298,3292,915683,33636,154793,7991,122133,7009,106466,6617,114587,5959,110321,6248,123187,6510,121110,6877,125057,6749,113892,6383,218438,8131,294172,9468,377310,11093,269124,9743,178328,6109,204030,8535,213736,7981,3558019,18529,3413460,19897,121523,6594,5699603,6142,284800,2559,1096,10,2846684,11934,1914030,15692,932654,15224,932654,15224,78216,6107,63647,5652,78669,5681,190551,8245,4868110,6286,1259999,19660,331376,10980,381534,11665,958365,18509,391150,11750,92489,6069,71956,4619,7051339,NA,39.2,0.1,206317,3721,89949,3952,73675,3515,6976549,5141,6069961,25586,424442,18331,224870,12663,225969,13456
2022,48,Texas,72284,443,38123,223,29416679,6882,4113641,72677,611011,13479,400408,12920,342749,12631,392533,12926,410848,13373,455756,14465,410324,13907,417426,14285,393014,13312,799783,15297,1095384,22624,1419057,26788,1054577,20022,741518,17270,961776,19645,1181544,16882,15376318,41477,14578433,45736,670914,18636,23471441,12066,275400,1356,1290,7,11087708,20293,6926616,30206,4161092,28683,4161092,28683,378216,16522,292703,13056,385292,13721,1007799,19185,19597383,12252,3852041,42943,1297863,21790,1519767,27924,4242031,42762,1779032,28306,366285,14928,264060,9021,30029572,NA,35.6,0.1,963076,5796,440629,6464,277893,8459,29671447,12070,25416204,69687,2167558,47679,1182296,35065,668338,22898
2022,49,Utah,89168,1807,38514,542,3329192,2829,273052,14660,33488,3488,27309,2822,20350,2087,26116,2468,29883,3219,37094,3320,34202,3936,33218,2733,35097,3280,77538,4130,114168,5492,163156,6035,135990,5382,101240,5031,126570,5646,134241,5381,1791947,9672,1735854,11168,48008,3915,2560844,3184,499500,4485,1372,21,1129660,5750,804164,8401,325496,7765,325496,7765,28742,3090,22783,3143,25711,2535,69155,4998,2042912,3376,390984,10391,154959,6513,203542,7690,505215,10875,194392,7354,39257,3090,36185,3796,3380800,NA,32.1,0.2,116718,1288,54370,2026,27491,2381,3337151,3043,2859230,18134,262196,14615,104951,9445,91341,8212
2022,50,Vermont,73991,2209,42251,931,624770,411,65162,5615,11050,1522,10438,1768,8415,1373,10243,1441,10430,1468,11889,1668,9861,1671,9702,1288,10940,1970,19901,1901,27351,2651,38275,2811,26632,2088,20857,2085,27469,2598,23637,2039,356111,4701,344401,5251,10013,1880,548050,1532,304700,7556,1141,42,277090,3178,204089,3910,73001,4015,73001,4015,7608,1713,4259,1093,5580,1336,16889,1739,467643,1646,106758,4134,22627,2144,41367,2733,114633,4896,65678,3531,15182,2400,11346,1469,647064,NA,43.2,0.3,13651,577,10097,1006,9517,1250,641722,928,566069,5209,34551,3375,11199,1958,26151,3458
2022,51,Virginia,85873,763,47199,463,8442437,3749,891390,26093,165315,6669,106917,6309,92463,4951,103515,5234,98728,5753,106583,5036,99384,5825,114457,6331,101191,5134,210516,8599,292112,8820,412198,10203,348998,7635,261236,7791,347282,8864,519712,10458,4600045,19805,4298561,21090,161105,7719,7041278,5566,365700,3008,1441,16,3380607,12353,2278062,17119,1102545,14968,1102545,14968,93474,5969,66321,4160,90633,5689,260089,9274,5978782,8046,1203973,19781,360707,10128,451737,13116,1409942,18123,818944,14245,165133,7769,128015,6218,8683619,NA,39,0.2,246632,3773,122941,4969,96860,4058,8590803,5764,7439966,26161,389245,18180,431948,17219,266970,13640
2022,53,Washington,91306,841,50764,428,7651971,3949,763469,24765,139331,6460,87195,5000,67313,4660,84023,5795,82532,4572,83323,5253,87001,5346,95122,5054,88819,6581,187395,8148,266771,9888,404672,10227,337911,10211,244934,7832,323812,9972,499799,9126,4095487,17118,3865941,18851,163479,8007,6328051,4261,569500,4606,1630,14,3079953,10236,1976259,14700,1103694,13727,1103694,13727,97859,6251,82472,5850,95979,6608,259837,9290,5470209,3793,963272,15627,398743,11840,544596,13035,1302707,17891,624627,12285,129492,6463,102857,5231,7785786,NA,38.4,0.2,213623,2440,87181,2430,83488,4437,7710339,3403,6572952,29943,604749,23288,226498,11098,248355,12425
2022,54,West Virginia,54329,1336,31922,737,1721567,1130,308825,15631,52185,3508,46671,4029,34443,2903,43006,3672,34240,3263,39020,3631,31792,2915,30457,2387,29991,2746,55191,3621,72717,4440,89685,4405,64450,3786,39984,3343,37216,3297,35293,3107,774750,9350,735644,10000,36582,3469,1466266,3123,155100,2736,795,17,736341,6960,548389,7448,187952,6484,187952,6484,14018,1944,10622,1790,13180,2024,40714,3401,1262566,3566,400450,9181,81446,4609,111246,5070,188793,7491,88210,5363,21126,2628,14957,1774,1775156,NA,42.9,0.2,43466,1820,24698,2189,24911,2382,1758432,1850,1576119,11551,87685,6981,48476,4665,43493,5597
2022,55,Wisconsin,70996,644,40188,370,5763986,2195,617037,19399,115058,5400,86287,4127,81398,4490,93460,4082,86975,4456,98359,5076,100808,4857,106439,5136,91209,3979,195297,5867,256633,7745,340492,8111,268847,6896,180911,5718,199297,6754,189651,5766,3127697,13857,3036963,15083,86461,5056,4802830,3684,252800,1940,992,9,2491121,7766,1696493,12495,794628,10873,794628,10873,63458,5037,45223,4334,62933,4222,168596,7004,4088500,3825,1066855,14120,270280,6905,455882,9235,885548,11612,344375,8127,72109,4231,56389,3634,5892539,NA,40.4,0.2,159162,1971,81143,2512,76466,2854,5835492,3106,5119356,22714,369391,17318,202060,9300,120434,8339
2022,56,Wyoming,70042,2867,38114,1516,567648,976,66943,7510,12728,2149,8218,1614,9329,1766,9013,1659,9383,1647,10529,1506,10434,1783,9216,1606,7802,1230,17362,2066,25770,2412,33543,2662,25675,2866,19810,2602,18511,2394,15998,2057,306456,4870,291038,5579,11409,1785,465883,1595,292300,7001,895,29,243321,3844,176863,4278,66458,3645,66458,3645,7226,1640,3261,1108,3658,956,11525,1797,399796,2780,85963,5314,31521,3092,47844,3767,71812,4527,34361,3423,5705,1398,6288,1583,581381,NA,39.1,0.5,15051,897,7913,1193,8147,1245,575705,1181,487359,8727,42830,5965,14866,2822,28948,4255
2022,72,Puerto Rico,24112,515,16676,384,3195054,846,1333111,27214,288952,8367,138823,6157,131541,7034,103114,5023,84799,4943,76294,4908,61580,4057,57839,4485,46267,4021,67179,4073,71545,4694,71891,4526,33960,3000,15802,2158,20199,2540,19526,2747,1295844,12863,1164142,13573,127753,7805,2781341,3330,122200,1260,535,11,1289311,9077,869635,10097,419676,9505,419676,9505,22284,2974,19346,2349,22542,3183,73717,4743,2404438,3573,609112,12117,38018,3977,284600,10462,503506,12117,148347,8079,32681,3617,33185,3155,3221789,NA,44.7,0.1,53485,2391,42337,2780,35681,2850,NA,NA,NA,NA,NA,NA,NA,NA,NA,NA
2023,01,Alabama,62212,711,35046,484,4960839,3969,773166,24550,130957,6403,99280,6615,88738,4560,96281,6033,87984,5009,93707,5782,82870,5334,81448,4143,70579,4054,154101,7026,199937,8802,270411,10299,195801,6988,124823,5763,137002,6351,137626,5812,2410315,14067,2297941,15059,96059,6873,4115279,6194,216600,2406,982,14,2051545,10192,1438756,11485,612789,11656,612789,11656,46390,4285,37746,3336,44503,3778,138735,6982,3498967,5738,872733,16239,237594,8450,321748,10016,616025,13028,284788,10737,64530,4242,45497,3625,5108468,NA,39.6,0.2,143309,3322,73719,3352,59839,2963,5058397,4135,4482992,21448,286531,16308,151214,11480,119421,10347
2023,02,Alaska,86631,2575,45792,1345,717303,801,74353,5930,11341,1741,6928,1332,7972,1355,7731,1102,7756,1383,7191,1388,10667,1581,9878,1457,8693,1600,14889,2031,27095,3198,36700,2915,29780,3014,23992,2305,28927,2681,37312,3126,385948,4679,345460,5852,17505,2249,577598,2016,347500,5906,1373,37,276852,3294,183575,3874,93277,4063,93277,4063,7887,1355,5710,1436,6792,1402,17392,2298,493892,2853,117865,5356,36279,3356,42025,3040,99091,5225,43218,3680,9328,1560,7570,1547,733406,NA,36.5,0.3,24360,1373,9221,2802,7453,1030,725129,1500,621389,8265,55610,6029,12403,2214,30676,4209
2023,04,Arizona,77315,931,41290,524,7274129,4225,905418,32734,160451,8420,85283,6623,74364,5234,97012,6055,92637,6262,101807,6413,96428,5627,113458,6871,104013,6964,205306,9623,278712,9256,391588,11630,309574,10311,214816,7562,266367,8704,315198,11443,3674799,19038,3493543,21400,155185,7917,6049109,5095,411200,3380,1608,16,2907014,12227,1967704,15781,939310,13797,939310,13797,78682,6168,65445,5592,96280,6428,234675,9514,5150254,2687,987719,16715,418362,14692,470638,14207,1051136,16319,481790,11889,110999,7181,82191,4666,7431344,NA,39.3,0.2,198924,1851,103737,2478,85677,4224,7362464,4408,6335717,24960,596258,20638,115646,8920,256203,16154
2023,05,Arkansas,58700,1155,33012,560,2980358,1994,466624,19172,78121,5109,64077,4788,51620,4028,59894,4380,50559,4056,64685,4502,58767,3903,50416,4131,48343,4074,101092,4451,123797,5655,154382,6352,113988,5865,65990,4519,69636,4295,77504,4100,1441034,12153,1375551,13040,59710,4983,2452773,3564,195700,3625,933,11,1232871,8404,816038,9597,416833,8716,416833,8716,35502,3528,25251,3693,28353,3734,82679,5532,2078254,5387,590131,10389,140318,6347,177336,7889,345836,11129,140363,6753,33947,2925,23874,2566,3067732,NA,38.9,0.2,89183,3236,41780,3242,36605,2773,3034111,2935,2666147,15752,183110,12127,103567,7793,73123,7893
2023,06,California,95521,611,48013,250,38249686,8492,4588687,71646,657876,14290,407387,10855,311130,11128,394890,12164,349250,11452,385748,12516,373038,11139,391914,11749,356847,10038,737552,14789,1115488,21997,1630978,21745,1402119,20874,1038320,17819,1535002,20150,2612277,26234,20298562,45624,19026566,48244,1110856,16317,31584340,10617,725800,2850,1992,8,13699816,20966,7658458,33301,6041358,33816,6041358,33816,548408,13097,419166,12854,572811,15286,1677588,26218,26969649,5809,4824474,41980,1631454,24274,2116930,22120,6137666,34253,2704650,28786,737461,18175,530548,12752,38965193,NA,38.2,0.1,1067828,3551,533353,4442,417401,10151,38552167,12844,34495336,61406,2340866,48337,978158,26534,422075,16415
2023,08,Colorado,92911,1057,51768,630,5757114,4079,536507,22964,101407,5916,60789,5047,52731,3964,66734,5070,59722,4538,64101,5007,63602,5012,76004,4504,66081,4356,149932,8388,216736,8617,315738,10131,263810,9325,199185,8176,286101,8985,385588,9436,3322899,13656,3151694,15399,124336,6619,4818044,4403,550300,4023,1771,16,2428261,9051,1594191,13255,834070,13276,834070,13276,76424,5575,57135,4590,79617,6169,209504,8389,4135123,5674,643748,13943,252638,8925,340844,11033,1170106,19044,549490,12438,114098,6459,86363,4426,5877610,NA,37.9,0.2,159079,2866,77842,2951,62341,4103,5819109,4496,4904093,28745,373220,19353,273223,17087,232663,13472
2023,09,Connecticut,91665,1473,53119,764,3521952,2326,362024,17748,70589,5951,45746,4748,38061,3902,42753,4037,39947,4437,41390,3695,37830,3898,47641,4487,36567,3498,80152,4867,120210,6162,175133,7401,144760,7159,111465,5330,158263,6505,252462,6910,1983295,10223,1884125,12066,90743,6965,2987218,3087,367800,2990,1463,17,1442969,7955,948121,9540,494848,9280,494848,9280,42046,4411,30532,3623,41848,4202,132114,6196,2559922,2215,569896,13492,140632,6878,199198,8401,591246,11765,369161,10812,83258,4416,54650,3413,3617176,NA,41.5,0.3,92614,1745,52008,1882,45508,3371,3576682,3034,3188251,20099,199882,14678,65951,7934,94990,9089
2023,10,Delaware,81361,1668,44350,1187,1007022,1267,106027,10289,16468,2705,11975,2207,11074,1449,10246,1606,13256,2141,13509,1917,14933,2448,15937,1819,15622,2525,28512,3128,38682,3848,55605,4097,44974,3581,29724,2604,43294,3953,48237,3445,526726,7027,504329,7587,18092,2656,846414,1727,359700,5589,1358,38,412048,3896,303131,4548,108917,4817,108917,4817,9874,1751,8177,1763,7490,1655,26244,3124,731427,1005,181365,7261,46245,4410,60161,4547,153565,7503,83158,4936,14998,1767,14981,1961,1031890,NA,42,0.3,26971,798,13310,877,13096,1674,1022638,1698,908361,9617,52931,6141,15561,3713,39006,5129
2023,11,District of Columbia,108210,6847,78479,2766,649438,567,91068,10115,26386,3383,9776,1928,9691,2725,6239,1940,3009,1246,7377,1742,4038,1001,7536,1771,7947,2361,15556,2815,25667,4268,34061,3569,27535,3269,22489,2867,40721,4858,86645,4031,410840,6721,385274,6981,21386,3245,564543,1612,715500,20516,1904,48,334673,3520,130934,4679,203739,5012,203739,5012,19611,3070,10987,2002,11256,2144,44725,4759,482919,762,49639,4713,16944,2916,12270,2190,129951,6402,113293,5486,50404,3574,24809,2868,678972,NA,34.9,0.1,19516,7,7723,990,4945,795,670127,1769,529715,12053,70944,10504,0,244,56860,5761
2023,12,Florida,73311,577,41902,290,22139460,6333,2729519,62129,484044,13990,292487,10666,265183,11248,311761,11473,312447,10753,347002,11684,328439,11377,348511,12537,323580,11334,646736,15886,913369,18424,1182775,18890,919812,19340,620350,14991,721731,14031,948175,17443,11267928,39857,10731195,41924,459949,16198,18768460,9654,381000,1579,1719,10,8966402,20449,6103429,29876,2862973,25371,2862973,25371,264448,10074,213884,10161,306736,12633,872012,20806,16421870,6967,3703759,38722,1079134,20943,1653669,23086,3550180,34887,1515795,28232,420362,15022,247557,9190,22610726,NA,42.8,0.2,577538,4560,262475,4514,279294,8494,22395466,10266,19341334,48365,1406507,38080,706824,25356,636933,25005
2023,13,Georgia,74632,833,39685,352,10765238,4549,1461317,38018,245347,10482,147357,7641,126221,6773,154621,7836,130172,6108,156178,8716,149191,6082,159789,7634,134889,6914,282225,10102,396921,11367,526772,14747,425535,12303,302052,9984,355709,9956,457159,10742,5652842,26923,5346554,26394,247391,10099,8818867,7395,323000,1915,1400,14,4150138,14424,2742232,20684,1407906,18599,1407906,18599,115980,8793,88769,6306,122813,7988,367845,11990,7448119,9816,1606246,24141,468913,13052,618860,15918,1585916,23748,749619,15350,182576,7578,119684,6216,11029227,NA,37.9,0.2,317176,5070,155815,5315,114506,4110,10909651,6971,9539882,36208,537484,22403,458510,20368,310452,14570
2023,15,Hawaii,95322,2478,43794,846,1398532,2507,141925,10218,22525,2708,14137,1658,10151,1536,14422,2381,11366,1869,14109,2001,11868,1908,12936,1952,12835,1854,25881,2601,44035,3558,61829,3690,52604,3876,45025,3397,56111,3367,84064,3589,738940,7240,667835,7985,24424,2529,1172357,1789,846400,11562,1940,41,493898,5757,308421,5896,185477,6099,185477,6099,18330,2394,13323,1955,16266,1848,48639,3769,1024897,1792,240098,8328,62831,3907,112385,5426,237228,7120,93842,4743,31833,2462,16306,1929,1435138,NA,41.4,0.2,39303,765,15917,1078,18004,1879,1420012,1915,1250745,8939,89108,7130,8012,1927,58539,6014
2023,16,Idaho,74942,1126,37426,585,1915282,1223,193635,12891,28242,2884,19521,2068,20811,2255,23724,2874,24493,2767,29124,2968,27726,2585,30859,2710,25743,2455,56371,3935,80280,3991,104076,5015,82679,4607,54132,3641,62179,3881,63284,3502,976225,8516,936279,8650,34894,2942,1558313,2385,428600,5445,1256,28,733244,4856,531631,6519,201613,6304,201613,6304,18623,2477,14287,2241,18176,2225,40902,3482,1305704,3096,275278,8815,110065,5940,123937,5780,281799,7593,96952,4315,20652,2318,20284,2393,1964726,NA,37.8,0.2,57550,1555,28877,1496,20717,1950,1945004,1757,1669352,12011,129415,9780,55129,5220,81708,7298
2023,17,Illinois,80306,635,45043,388,12268020,4681,1426517,30335,285290,10327,174777,8397,141900,6695,158301,6960,150976,6587,178839,7344,161657,7405,183388,8393,163492,7096,321674,10749,473375,12538,631358,14077,544123,12564,374573,11076,488431,9952,639134,15467,6665114,22580,6329130,24465,313531,11768,10192179,6071,263300,1622,1238,12,5071288,14337,3416749,19455,1654539,18958,1654539,18958,130122,6993,91668,7714,129919,7427,369528,12576,8710996,4756,1865699,23353,607169,12091,704637,14761,1983481,20624,990218,16579,221049,9840,139626,7582,12549689,NA,39.5,0.1,333778,2820,165712,3343,145412,5068,12427191,5567,11082956,30392,760444,23224,282171,11953,203758,11393
2023,18,Indiana,69477,808,37299,411,6672209,3934,821401,24875,144064,6612,97237,6041,87028,5608,106372,5130,102439,5266,113975,6517,109490,5810,112525,5576,100187,5918,217400,9502,296912,9661,374270,9592,280570,8557,190750,7320,213577,7417,208085,7437,3521827,17645,3387230,18934,127972,7054,5470753,6083,225900,1902,1044,12,2754881,9894,1940443,14816,814438,12940,814438,12940,67880,5520,47597,4043,64222,5702,190099,7419,4614970,5153,1243069,18483,323808,8480,423644,11446,882311,12093,376078,10461,73025,4671,62984,4178,6862199,NA,38.3,0.2,207995,2953,100553,3636,77377,3793,6783874,4910,5935253,24276,420580,18963,247277,10594,150649,10067
2023,19,Iowa,71433,1135,39518,589,3108670,2176,351224,14199,56624,3982,44300,2968,42629,3511,47847,3523,48766,3149,58292,4045,53163,3688,58083,3646,51466,3629,99048,4714,138790,5300,188967,6970,140664,5023,97626,4667,110743,3986,100235,5159,1703217,11392,1654280,12938,47173,4022,2570587,3415,213300,2351,949,12,1337243,6646,959743,10180,377500,8256,377500,8256,33634,3494,19632,2289,23596,2681,76403,4815,2166425,4583,557619,10644,162511,6243,264962,7143,452714,10331,160651,6201,35657,2784,34478,2784,3207004,NA,39.1,0.2,93117,2099,48548,2646,37231,2465,3170553,2496,2774334,15416,196909,11634,109012,6706,73176,5958
2023,20,Kansas,70333,1182,38361,517,2854559,2212,319652,14831,54323,4557,38137,3609,37858,3814,45891,3586,44714,3761,52305,3581,45495,3511,51326,3666,47639,3343,89319,5161,123248,5517,161598,5486,122232,5704,82454,4049,94570,4344,97231,4633,1549558,11082,1477593,11579,49867,4258,2339516,3580,219800,3121,1036,13,1188340,5857,792366,8545,395974,8005,395974,8005,33478,3128,22245,3054,31341,3294,73038,4701,1956252,4446,410216,10551,152385,5644,182190,6793,438965,9289,198335,6048,37539,3475,25874,2363,2940547,NA,37.9,0.2,84789,2267,41893,2330,36706,2960,2907735,2555,2506398,14702,210390,12023,92747,7819,77138,5939
2023,21,Kentucky,61118,653,34676,484,4402485,3095,720642,20801,125182,5974,95991,5129,80070,5154,84356,4981,75021,5283,79077,5358,79030,4901,82498,5047,75125,4379,131528,5860,186183,7490,232750,7381,177559,6831,110193,4922,118773,5226,120267,5354,2190697,12133,2085354,13778,89447,6222,3633664,4127,211800,2250,929,12,1853603,7950,1274521,11687,579082,9566,579082,9566,50896,3877,28567,3808,42599,4314,122458,5726,3107275,5484,824417,14581,211468,7322,284485,10269,506856,13123,256223,8969,67687,4464,34499,2937,4526154,NA,39.2,0.2,137718,3050,54231,2539,47055,2910,4477307,3773,3927528,16606,266292,13174,148929,8154,106797,7782
2023,22,Louisiana,58229,1143,34102,426,4448119,2711,840146,27162,140781,6295,112663,5745,79454,5354,89575,5573,78697,4432,82225,5480,75939,5155,80057,5489,71123,5304,123653,6584,169943,7111,219220,9255,157483,6944,101089,5101,124320,6632,127693,5522,2153263,17230,2030949,16853,104094,6195,3635137,6171,215600,3099,1020,15,1833915,8374,1248223,13325,585692,12761,585692,12761,45947,4085,33336,3621,48735,4413,160067,7763,3102893,6098,851396,14884,197358,8916,233782,8320,525591,13916,209154,8544,61069,4227,41704,3307,4573749,NA,38.7,0.2,142803,3985,56675,2658,48461,2821,4524085,3899,4024362,19360,270899,16370,137210,10347,69464,7217
2023,23,Maine,73733,1699,42936,819,1355422,889,140460,8588,26910,3055,22021,2294,20777,2168,22503,2155,20775,2342,22156,2335,23214,2389,25408,2599,21093,2380,47807,3728,59685,3810,82657,4817,70621,3938,48754,4164,47426,3281,54278,3602,733298,7658,708660,7771,23191,2521,1180683,2191,310700,6249,1189,33,616085,5376,458444,7074,157641,5392,157641,5392,14757,2290,11236,1990,12634,2260,31903,3152,1039460,2124,256986,8071,64773,4707,109495,5272,241654,7358,101942,5191,24218,2317,16729,2175,1395722,NA,44.9,0.2,30229,1026,16872,937,18949,1732,1385562,1475,1238187,9166,68871,6385,35750,4558,38089,4070
2023,24,Maryland,98678,1292,50728,489,6048665,6165,574160,20592,120905,6787,59156,4360,52689,4376,49372,4481,57636,4884,59292,5125,63007,4806,65645,5367,61117,5038,130819,7334,200745,7464,284039,10031,262177,8414,193313,6952,279906,9256,444897,9655,3360696,18725,3194028,19430,132197,7327,4979552,5559,413600,3126,1651,20,2384715,7944,1619478,12571,765237,12851,765237,12851,62486,5410,55471,5034,69509,4885,198165,8734,4297439,4414,895963,17086,256754,9946,301452,11177,964064,17726,647621,14703,135906,6445,132409,5749,6180253,NA,39.8,0.2,174706,2426,78194,2617,68930,3332,6110314,4411,5436497,25521,297921,19218,166750,12168,162674,12092
2023,25,Massachusetts,99858,1355,55897,450,6780372,2619,706730,24578,132074,7709,97928,6615,80773,5223,82336,5377,69015,5103,73822,4709,66063,4658,74069,5466,67537,5023,138626,6879,214738,9041,305039,9815,277305,9866,217811,8870,311976,8610,591872,12149,3917076,18999,3754447,20210,154107,7252,5828175,4559,570800,3746,1757,18,2800984,8760,1744474,13760,1056510,13533,1056510,13533,93592,5407,71044,5719,90064,5754,275354,11005,4975152,3512,989741,17091,237395,7884,362116,11130,1261847,17516,788243,14073,157762,6856,169357,6912,7001399,NA,40.3,0.1,175110,1523,99848,2181,87190,4111,6936108,5022,6119543,26538,401824,19502,200388,11328,145021,9094
2023,26,Michigan,69183,694,38952,306,9827315,3935,1326740,27989,237133,6781,161732,7778,138843,5313,154887,6283,139029,6199,160745,7183,155646,5582,175894,7550,151534,6585,302298,7872,426505,11048,539089,10972,409743,9188,278710,7468,324307,9126,351714,8204,5053867,18528,4822997,18892,225337,8515,8186295,5916,236100,1315,1101,9,4107809,11889,3028591,16671,1079218,15394,1079218,15394,92017,5462,62100,4974,88868,6135,264134,9690,7007856,5142,1657737,18951,546395,11202,677286,11690,1395186,19413,666196,12010,131314,5504,97166,4819,10037261,NA,40.5,0.2,268093,2715,133260,2737,126196,4859,9939831,4800,8848813,23060,570041,18529,329505,11555,135115,8023
2023,27,Minnesota,85086,768,46530,490,5617947,2228,520602,17281,88850,4707,68531,3521,63125,4414,65718,5040,60321,4220,75399,5015,77267,4078,75972,4684,73970,4527,163431,7434,215994,6972,328773,7988,261147,7708,193232,5900,244114,7060,288588,8524,3146576,12777,3048320,11928,95655,5255,4602443,3997,328600,2055,1264,19,2344432,8041,1687695,13737,656737,11691,656737,11691,57212,3714,39123,3960,53892,4452,146803,5960,3941575,3550,799821,10925,256820,7320,467807,9971,1022673,12926,388506,8424,94854,4443,70173,4791,5737915,NA,39.1,0.1,165274,2139,78585,2760,70791,3271,5673119,3488,5013686,20769,290458,13938,237868,12005,100277,7269
2023,28,Mississippi,54203,1260,30807,569,2841691,2529,512184,21949,86871,4974,74192,5817,57442,4397,62656,4370,52021,3951,55384,4361,46551,3781,54931,4786,50018,4451,89710,5346,106573,5931,142685,6838,96929,4660,64820,4580,61680,4600,64154,3998,1355540,14788,1278422,14795,64637,4518,2354139,3683,169800,2842,898,16,1166617,7610,829160,10428,337457,9161,337457,9161,26223,2878,20604,3599,27048,3836,74380,5532,1980147,5003,458180,9835,145675,5750,221753,7688,307215,7924,142556,7254,31355,2893,24546,2506,2939690,NA,39.3,0.3,84053,4000,49583,3667,31910,2416,2907634,3495,2601655,12764,134501,10498,96561,7355,64610,6810
2023,29,Missouri,68545,900,38699,393,6025993,3580,720210,24684,126230,5600,93050,4917,86423,5281,98201,5235,96777,5374,107631,5634,106407,5637,112261,5336,97249,4318,189837,5971,268060,9567,335242,9794,267242,8530,174319,7209,190186,7589,207156,7041,3195524,18531,3071350,20803,108893,6726,4997010,5709,233600,2397,1019,12,2556271,10804,1758041,11479,798230,10572,798230,10572,67353,4373,52114,4245,60172,5208,156773,7165,4255810,5723,1064546,14636,317187,8946,368798,10428,860267,13238,398623,10489,90881,5175,64213,4298,6196156,NA,39.3,0.2,180725,2684,83894,3170,72617,3932,6126390,4151,5387388,19067,364666,16681,206747,11821,143688,8831
2023,30,Montana,70804,1475,40197,882,1107806,843,129804,7386,22209,2450,16837,2013,16111,1867,19636,1848,17419,1705,20951,2235,17150,2122,19912,2150,16245,2078,35615,3501,49962,3695,63863,3611,51510,4534,32605,2422,34802,2729,38040,2851,582371,6692,562372,6761,15708,2157,924869,1929,392300,7547,1083,30,472867,4532,327344,6009,145523,5666,145523,5666,12038,1798,9996,1743,9278,1525,29589,2942,795845,2172,183632,7284,51222,3277,83117,4783,180347,7315,65181,3823,17822,2212,12185,1605,1132812,NA,40.6,0.4,28308,1397,14339,1152,13439,1677,1120157,1640,973284,7791,71224,5744,36277,4307,36775,4288
2023,31,Nebraska,74590,1340,41436,753,1931461,1141,202078,12736,36888,3477,25766,2425,24943,2949,27741,2592,24652,2308,30193,2590,31721,3115,32477,2697,26662,2567,61927,3317,85842,5015,113572,4602,90619,4404,58168,3158,67485,3360,75208,4070,1075249,6932,1041138,7865,28376,3227,1558006,2929,245200,2789,1042,19,813864,4244,539532,6047,274332,5917,274332,5917,21236,2568,16664,2405,19030,2715,55344,4215,1307246,2748,280521,7555,104046,4593,148822,5178,298782,8515,113876,4928,29264,2573,19358,2409,1978379,NA,37.4,0.3,61792,2104,26597,1713,23628,1825,1956041,2171,1700851,13712,130523,9807,63170,5330,48590,4776
2023,32,Nevada,76364,1451,40463,667,3154850,2511,377506,20633,67036,5008,30606,3160,32318,3847,41173,3777,41772,4214,46574,4095,43012,4015,44525,3962,41991,3948,86178,5637,127170,6310,167396,8111,134092,7015,88269,4057,107413,5843,125160,6595,1646984,12316,1556587,12769,74416,4864,2594279,3364,441100,3838,1622,19,1224685,6784,740187,10490,484498,10930,484498,10930,42442,4161,31765,3918,50323,4741,136896,7575,2253253,2963,509968,12872,181703,7544,197555,8665,421005,11662,158640,7889,40980,3237,26526,3105,3194176,NA,39.4,0.2,87498,1440,39326,1659,35119,3350,3159456,3484,2696775,22407,292187,16557,19240,3185,122219,10131
2023,33,New Hampshire,96838,2243,51587,999,1362544,1284,97935,8712,19930,2922,13478,2410,14743,2336,12829,2158,18506,2090,15258,2183,12280,1845,17401,2148,15083,2002,33513,2695,47222,3433,73912,4774,64714,3912,50148,3189,71283,4337,89193,4151,787493,6289,765872,6543,20151,2459,1184596,2143,415400,5851,1517,41,569493,5108,412231,5649,157262,5543,157262,5543,14576,2421,9772,1685,15054,2153,37606,4134,1030965,2133,233302,8238,64641,3901,100414,4463,253142,8411,123644,6274,24410,2656,18905,2269,1402054,NA,43.4,0.3,32001,1029,18963,1348,22213,1905,1389863,1637,1252806,8918,62543,6051,29748,4124,39695,4451
2023,34,New Jersey,99781,1061,52583,435,9131628,3572,886772,27839,152706,6554,97568,6129,84472,6571,94547,5308,85039,5624,98105,6291,92968,6498,96664,5942,91503,4879,187238,7243,279386,9946,412151,10967,364006,11446,275075,9206,403415,10570,723614,11561,5032256,19205,4785505,20379,237647,9767,7520182,4811,461000,2830,1667,13,3538457,8891,2255452,14325,1283005,14984,1283005,14984,108150,6623,80867,5634,108451,5989,324741,10853,6511081,3251,1468077,20993,343103,10070,440974,14169,1712683,21285,835978,15436,183006,8370,118618,5946,9290841,NA,40.4,0.2,266652,2936,112967,3192,112955,4701,9192631,5919,8332044,27390,390164,19320,220130,13518,156335,10892
2023,35,New Mexico,62268,1281,35510,691,2075116,1843,368669,18140,57432,4694,42598,3867,36251,3987,39258,3564,35181,3648,36083,3699,33383,3518,34660,3439,33434,3716,63153,5178,87918,5375,108416,5815,75902,4442,49455,4346,61111,4774,62345,4174,1010975,11038,947670,12381,47766,4340,1723938,3119,256300,5161,1084,19,856580,6374,593413,7813,263167,8606,263167,8606,20091,2918,13651,2393,21280,3086,60822,4625,1471057,3889,298709,9958,99063,5181,134035,6405,257431,8386,141795,6359,28465,2524,37870,3225,2114371,NA,39.9,0.3,53526,1854,28265,2001,24641,2120,2093439,2482,1846632,14444,123907,10491,45494,5389,64673,6466
2023,36,New York,82095,500,48847,350,19068409,9163,2702955,50606,496122,13078,311903,10710,235399,10548,261804,10028,237855,12528,264418,10326,234799,9919,251456,9749,231240,8181,454835,12187,643983,15936,899006,18235,726472,15216,556956,12624,761586,16803,1241433,18009,10132536,32611,9600693,31513,506633,15935,16085030,7996,420200,4220,1561,12,7809267,17008,4221669,27179,3587598,29913,3587598,29913,301250,12807,199756,10476,278852,12020,960230,21919,13885155,4341,2789189,29212,690465,14274,1249700,21278,3136170,28722,1815030,24520,442796,12819,248911,8295,19571216,NA,40.2,0.2,529213,2866,250342,2992,225868,6738,19365855,9236,17500579,31246,916014,24942,479007,18310,302835,14489
2023,37,North Carolina,70804,547,40414,304,10549944,4174,1349302,38975,228947,9211,159451,7831,147595,7273,159790,7669,148845,7115,181717,7573,182427,8160,181803,7399,160497,7594,327263,10114,440022,12561,570652,13678,427566,11741,299121,11074,348735,10358,428238,10390,5555824,23544,5230146,24919,219760,9059,8792430,7482,308600,2699,1245,13,4392669,15675,2913467,21691,1479202,16983,1479202,16983,132917,8729,93847,6336,118359,7401,318115,9519,7487552,8436,1522804,19261,487350,14623,754196,16007,1718641,19739,752751,16318,156768,6956,126761,6415,10835491,NA,39.4,0.2,308104,4812,154948,4964,124856,5378,10719307,6387,9335927,32107,584492,25987,394693,18315,339255,15451
2023,38,North Dakota,76525,1844,42814,1011,755048,1286,73841,5342,15690,2193,11218,1474,9587,1499,13016,2039,11012,1630,13254,2320,11730,2131,11919,1799,11913,1725,26690,2846,29400,2798,47389,3365,36015,3178,28807,2469,29882,2733,30537,2497,432302,5756,410066,6033,12089,2464,622500,2487,246700,6045,916,25,338059,3608,215363,4411,122696,4299,122696,4299,8522,1698,6293,1400,8192,1822,18830,2183,520006,3342,108220,4318,36970,3112,71744,4053,121205,6019,38274,3711,7181,1301,7814,1179,783926,NA,36.3,0.3,22854,1680,12140,2011,8153,1281,774985,1327,650637,7270,61266,6214,21554,2655,34415,4355
2023,39,Ohio,67769,731,39395,295,11479820,5193,1527904,36156,277738,8241,186254,8210,164655,7275,199443,7595,172363,6828,210045,7344,189889,8226,215022,8692,190428,7652,379410,11183,493803,11623,630687,13812,485796,11190,322457,9335,384190,9309,415129,9837,6042703,21814,5784101,22425,243399,10300,9520298,6597,220200,1285,1014,10,4917309,10812,3300279,18474,1617030,18167,1617030,18167,134034,7176,91589,5422,128868,7689,360207,12201,8172692,6144,2285512,23523,576202,13061,748317,14614,1578402,17917,762453,15018,159121,7151,118069,5152,11785935,NA,39.9,0.2,335812,3105,158789,3152,149387,5665,11660232,5762,10330997,30790,733391,23639,353525,14672,185341,10421
2023,40,Oklahoma,62138,480,34206,398,3932800,1671,626185,15929,105441,4729,66987,3365,62121,2823,69379,3981,63147,3939,72124,3917,67770,3906,71411,3674,60845,3657,123644,4828,157959,5555,207840,5954,158685,5418,93733,3820,104559,4448,103460,3645,1958603,10852,1847746,11944,88813,4636,3201739,3018,208600,2137,1020,11,1589105,5726,1034153,8207,554952,7443,554952,7443,43588,3238,31807,3113,45634,3106,116559,5506,2684421,3320,677295,10944,210590,6255,221742,6896,498843,10174,191800,6012,47643,3772,32524,2718,4053824,NA,37.1,0.2,120941,1802,61238,2128,43978,1957,4011072,2643,3441467,15323,280941,12528,165246,9077,107679,6976
2023,41,Oregon,80160,1045,44623,658,4159215,2182,506544,17185,87214,5520,59883,4223,52226,3591,59882,4916,49612,4034,58964,4396,57422,3937,62775,3890,52845,4160,117595,5447,163401,7354,236882,7380,187466,6577,135333,6128,164192,6084,206358,7269,2193069,15118,2099913,15332,90337,5409,3506067,4439,484800,3384,1481,17,1752050,6896,1111597,10456,640453,11149,640453,11149,56362,4500,41057,3887,58522,5046,167852,6479,3050675,3855,531792,12868,241658,8118,284196,8752,715933,13182,301246,8403,67607,4038,63852,4196,4233358,NA,40.7,0.2,100314,2148,51405,2476,46820,3422,4196830,3163,3630501,22135,283639,16533,133196,9688,125246,8588
2023,42,Pennsylvania,73824,511,42605,319,12535767,4423,1500959,35821,289261,10314,195070,7682,175774,7026,194461,8625,179351,6290,204910,8005,193793,8370,193428,7283,179620,8352,364818,9335,528183,11436,680151,13925,544646,12131,375585,9495,457031,10027,568127,11513,6690945,23307,6400011,27320,283261,10567,10658635,5710,259900,1736,1197,11,5324209,13443,3697771,19135,1626438,15809,1626438,15809,137770,7953,93606,6020,126686,8279,382299,9996,9171006,4403,2682917,24742,507641,11623,817565,14783,1921489,22965,938026,16020,210802,7719,171026,6084,12961683,NA,41.1,0.1,341941,2629,180867,2701,163325,5218,12829324,6717,11474064,29223,701595,24391,342268,11947,237526,11760
2023,44,Rhode Island,84972,2566,46525,1296,1055352,1616,114412,10758,22127,2959,19155,2517,13121,2071,12241,2401,10325,1812,14491,1994,14548,2817,10981,1893,12307,2458,24930,3273,43363,4051,59981,4406,43241,4436,39599,4384,45459,3662,58111,4771,592054,7180,559742,7259,28012,3607,916988,2254,411800,7985,1365,34,443980,4732,283990,5824,159990,5886,159990,5886,14731,2491,7292,1695,14635,2589,35383,4245,786493,1404,171864,7262,47651,4217,60077,5008,182054,6496,88869,5631,19063,2185,17113,2436,1095962,NA,40.8,0.3,27703,1180,16915,1178,14565,1984,1086909,1530,968182,10772,59234,8773,19392,4729,31599,4600
2023,45,South Carolina,67804,1049,38097,443,5231370,3585,726799,24733,133911,7652,85044,5027,71906,4926,83862,5043,84525,5827,86758,5762,85768,5203,83669,5633,84086,5939,168691,7436,222041,8651,286100,10025,221063,7787,145507,5784,157488,6167,177314,7723,2671185,18935,2516719,19941,112785,6026,4370726,4698,272900,2295,1170,16,2177733,10033,1577358,12589,600375,11250,600375,11250,50143,4501,35365,3701,56449,4894,137177,6528,3745394,5470,889939,18647,248038,9451,358438,12404,765869,15777,348125,11393,69137,4777,49717,4107,5373555,NA,40.5,0.1,140245,3222,76803,3621,61516,3925,5319249,4228,4658014,22678,273551,16087,157897,10227,203674,12765
2023,46,South Dakota,71810,2132,40263,1194,890853,963,104684,8555,16230,2107,13332,1484,14199,1951,12636,1828,14123,1976,14444,1870,14458,1968,16936,2027,13448,2223,28161,2464,39896,3309,52118,3500,42347,3320,27909,2254,28841,2230,29481,2597,488674,5865,472581,5879,12742,2062,725788,1925,268200,4459,921,23,378559,3320,262639,4539,115920,4390,115920,4390,8804,1744,5312,1619,9287,1926,20720,2437,615517,2831,143016,4824,39671,3967,74196,3614,141083,4708,40915,3173,13109,2002,9860,2093,919318,NA,38.5,0.3,29433,1351,12772,1444,10920,1572,907196,1593,802460,7452,43939,5151,28570,3299,30055,4444
2023,47,Tennessee,67631,865,38538,460,6969478,4678,978460,30784,161247,7065,119641,5518,100074,6925,115962,6382,106855,5904,113900,6526,114294,5916,120683,6583,112172,6496,215905,8970,287297,9024,377486,11583,289487,9749,199057,7407,208057,8352,247109,8620,3603424,15333,3442420,16984,142081,7609,5747865,6862,307300,3458,1214,15,2889226,12211,1943282,18380,945944,16398,945944,16398,76322,5794,58076,5258,80206,6527,208208,9557,4931967,7016,1271513,18461,323365,10236,395771,9762,952495,15550,431782,12262,99210,5309,79125,5898,7126489,NA,39.1,0.2,211817,3982,88126,3298,79851,4068,7046744,5100,6178935,23473,422834,18733,214615,12024,203156,9739
2023,48,Texas,75780,472,39775,250,29889559,6743,4086851,75298,591916,15476,368608,12103,323365,9044,396421,11035,350173,10764,419896,12946,404986,10955,424666,11389,378681,12556,800913,18532,1116154,19884,1429609,22986,1147312,20577,813611,17089,989792,20640,1304542,20371,15735802,38600,14926761,39448,686054,17912,23857262,12146,296900,1483,1413,7,11260645,19354,7048369,34585,4212276,32908,4212276,32908,380049,13465,289362,13766,399815,15050,1028215,23118,20029447,10762,3977707,40365,1328940,21277,1612998,26822,4324866,37787,1864054,22403,386035,12088,283451,9616,30503301,NA,35.9,0.1,977677,5956,433250,5643,281728,6527,30134547,12075,25893621,66197,2208155,51062,1148118,28573,611942,22285
2023,49,Utah,93421,1383,40096,528,3363147,2596,304249,15931,37347,3404,24159,2901,19888,2777,28743,2964,30241,3009,30069,3214,34107,3482,35020,3935,32907,2978,69623,4454,111089,4869,170462,7056,151043,6110,106398,5458,134400,5825,152095,5863,1825335,9616,1758060,10121,60649,4182,2600950,3220,517700,5786,1551,25,1167591,5333,818033,8264,349558,7858,349558,7858,31842,3516,21278,2703,30549,3164,73193,5051,2085019,2488,395800,9819,165198,6372,201491,7691,513565,10884,211283,7827,41545,3263,33983,3212,3417734,NA,32.3,0.2,118509,1637,53422,1557,26184,2270,3373801,3305,2900280,17922,263300,13948,91580,6421,90865,5597
2023,50,Vermont,81211,2608,46029,1119,624370,894,60413,4904,13472,1759,7609,1323,9203,1356,9281,1385,8881,1476,8820,1462,8457,1422,10157,1537,10219,1539,20904,2365,24892,2312,35108,2832,31910,2564,23713,2519,27546,2326,29440,2304,355375,5248,345752,5298,9270,1523,547286,1485,332000,6023,1202,34,279612,3564,204730,4030,74882,3856,74882,3856,6015,1298,4309,1101,5537,1211,17642,2482,471255,1778,111732,4360,25606,2380,41567,2857,118611,4794,65535,3302,12197,1560,9464,1237,647464,NA,43.7,0.3,13929,874,9464,1048,8805,1208,642670,1020,572434,5212,28524,3872,12817,2067,26743,3113
2023,51,Virginia,89931,970,48689,443,8472782,4516,864394,26897,159145,7871,103091,5340,80133,5105,100948,5572,92422,7147,107191,5487,91548,5665,111346,5668,98844,5120,204484,7608,289214,9086,427889,10437,354379,10189,257933,7959,363049,10211,561054,11639,4611949,18178,4318000,18751,164631,7975,7066427,5678,382900,2468,1567,17,3402670,10363,2307077,17782,1095593,14067,1095593,14067,94421,5473,65067,4800,93963,5787,247334,8281,6037339,6635,1212069,20600,361307,11420,462513,11909,1446760,19453,817525,14473,168678,7126,128399,5390,8715698,NA,39.3,0.1,243107,4187,128302,5442,93341,4557,8626985,5036,7504154,21480,373677,16539,414960,14264,276161,11395
2023,53,Washington,94605,1221,52011,541,7678825,4390,794426,26113,139382,7256,83500,5913,71454,5362,79466,5127,73062,4128,83675,5553,87683,4659,88734,6238,79736,4695,181486,7328,265994,9600,395418,9560,340752,9355,252956,10092,341068,10045,536899,11486,4136441,18896,3887150,18831,182384,8438,6357108,5441,576000,3882,1731,15,3101265,10961,1975569,14196,1125696,14021,1125696,14021,100788,6542,79015,5092,98694,6214,262663,8589,5511197,3833,975923,15696,399376,13642,540688,13148,1340967,16874,651033,12789,131590,7698,105748,5108,7812880,NA,38.6,0.1,213320,2546,93089,3036,86909,4840,7727767,4870,6628119,29460,602173,23240,215245,9682,212616,10566
2023,54,West Virginia,55948,1052,32766,676,1716152,2038,285780,11676,48021,3422,42145,3585,33527,2851,40022,3414,32825,3203,35539,3819,38196,3131,32953,2977,31816,2804,57389,4458,73823,3979,91239,5312,66036,4230,40484,3622,41977,3030,37652,3116,795817,8496,757305,9036,35853,3123,1464056,2520,163700,2682,850,16,743644,5944,546870,8268,196774,7325,196774,7325,17151,2232,11586,1741,11362,1860,36009,3648,1259219,3169,419426,11298,73403,4570,107668,4572,182741,7344,86518,4580,16940,2096,15880,2026,1770071,NA,42.8,0.3,44593,1884,23900,1660,21397,1791,1753113,2186,1578120,9986,86548,7743,42852,3792,42020,3925
2023,55,Wisconsin,74631,774,41785,352,5781514,2329,616874,19150,113289,5905,81731,4616,75454,4107,86716,4931,75938,4066,96095,5206,90151,5052,103862,4892,90128,4697,185992,6054,254411,6956,343980,8929,280626,7505,188832,5521,216925,6857,211409,5806,3146602,12580,3056531,12997,86959,5100,4822901,4233,272500,1737,1071,10,2495539,8832,1694748,13861,800791,12093,800791,12093,66107,4110,44449,3682,62036,4430,158745,6774,4116216,4682,1067178,14109,276650,7628,462605,9348,914463,12408,346266,8863,69705,3514,58965,3956,5910955,NA,40.5,0.1,157705,2156,78120,2390,79363,3178,5857364,4048,5202924,19604,344060,15456,174547,8316,114938,8416
2023,56,Wyoming,72415,2357,39966,1696,571028,610,64309,6371,11881,1870,8603,1582,6653,1345,9809,1617,10201,1909,9703,1771,8151,1444,10611,1552,8760,1641,20053,2629,23295,2596,35643,3173,27494,2377,18851,2258,19673,2521,17987,2260,298221,4856,285046,4924,9522,1825,469355,1627,298700,8550,1000,42,247368,3204,176197,4243,71171,3996,71171,3996,5873,1448,3901,1031,4340,1193,12481,1970,403853,2329,89085,4530,35354,3366,46871,3654,77762,5005,31467,3158,8068,1820,5579,1332,584057,NA,39.3,0.4,14421,1293,7222,1101,8429,1194,577612,1158,498188,6568,35515,4631,18599,3706,22957,3071
2023,72,Puerto Rico,25621,602,17976,435,3177647,1580,1257607,26856,269839,9819,135201,6672,115842,5267,106088,5510,86932,5802,72863,4254,63588,4405,54412,4384,43782,3471,76427,5709,79604,4497,72026,4965,40073,3722,20879,2811,20121,2628,19809,2678,1307588,14663,1185629,15780,119634,8331,2777060,3636,131500,1738,557,15,1277486,11386,873896,9346,403590,10784,403590,10784,20220,2645,14557,2587,20390,2633,63012,4737,2407254,4021,589583,13408,39134,3876,299624,10415,524456,14043,149538,6865,32380,3574,34745,3815,3205691,NA,45,0.2,48585,2476,38779,3019,39038,2999,NA,NA,NA,NA,NA,NA,NA,NA,NA,NA
